# English word frequency, top 30000 alphabetic tokens.
# Source: Peter Norvig, count_1w.txt (Google Web Trillion Word Corpus n-gram counts),
#   https://www.norvig.com/ngrams/ . Trimmed + filtered to [a-z]{1,20}; vendored for reproducibility.
# Format: rank<TAB>word<TAB>count
1	the	23135851162
2	of	13151942776
3	and	12997637966
4	to	12136980858
5	a	9081174698
6	in	8469404971
7	for	5933321709
8	is	4705743816
9	on	3750423199
10	that	3400031103
11	by	3350048871
12	this	3228469771
13	with	3183110675
14	i	3086225277
15	you	2996181025
16	it	2813163874
17	not	2633487141
18	or	2590739907
19	be	2398724162
20	are	2393614870
21	from	2275595356
22	at	2272272772
23	as	2247431740
24	your	2062066547
25	all	2022459848
26	have	1564202750
27	new	1551258643
28	more	1544771673
29	an	1518266684
30	was	1483428678
31	we	1390661912
32	will	1356293641
33	home	1276852170
34	can	1242323499
35	us	1229112622
36	about	1226734006
37	if	1134987907
38	page	1082121730
39	my	1059793441
40	has	1046319984
41	search	1024093118
42	free	1014107316
43	but	999899654
44	our	998757982
45	one	993536631
46	other	978481319
47	do	950751722
48	no	937112320
49	information	932594387
50	time	908705570
51	they	883223816
52	site	844310242
53	he	842847219
54	up	829969374
55	may	827822032
56	what	812395582
57	which	810514085
58	their	782849411
59	news	755424983
60	out	741601852
61	use	719980257
62	any	710741293
63	there	701170205
64	see	681410380
65	only	661844114
66	so	661809559
67	his	660177731
68	when	650621178
69	contact	645824184
70	here	639711198
71	business	637134177
72	who	630927278
73	web	619571575
74	also	616829742
75	now	611387736
76	help	611054034
77	get	605984508
78	pm	604577485
79	view	602279334
80	online	601317059
81	c	596623239
82	e	593086170
83	first	578161543
84	am	576436203
85	been	575019382
86	would	572644147
87	how	571848080
88	were	570699558
89	me	566617666
90	s	565123981
91	services	562206804
92	some	548829454
93	these	541003982
94	click	536746424
95	its	525627757
96	like	520585287
97	service	519537222
98	x	508609523
99	than	502609275
100	find	502043038
101	price	501651226
102	date	488967374
103	back	488024109
104	top	484213771
105	people	480303376
106	had	480232730
107	list	472590641
108	name	464532702
109	just	462836169
110	over	459222855
111	state	453104133
112	year	451092583
113	day	446236148
114	into	445315294
115	email	443949646
116	two	441398439
117	health	440416431
118	n	437961375
119	world	431934249
120	re	430847564
121	next	425903347
122	used	421438139
123	go	421086358
124	b	419765694
125	work	419483948
126	last	417601616
127	most	416210411
128	products	414377632
129	music	414028837
130	buy	410780176
131	data	406908328
132	make	405084642
133	them	403000411
134	should	402028056
135	product	399116355
136	system	396975018
137	post	392956436
138	her	391961061
139	city	390564835
140	t	388448018
141	add	387231739
142	policy	384401868
143	number	383787805
144	such	380725892
145	please	380046348
146	available	379644437
147	copyright	373906735
148	support	373512569
149	message	373081242
150	after	372948094
151	best	371852748
152	software	370517038
153	then	369928941
154	jan	366436194
155	good	365796396
156	video	365410017
157	well	362082755
158	d	361493758
159	where	360468339
160	info	352363058
161	rights	352051342
162	public	349286123
163	books	347710184
164	high	345413157
165	school	343057316
166	through	342373303
167	m	341583838
168	each	340892856
169	links	339926541
170	she	339171382
171	review	339067778
172	years	337841309
173	order	336631187
174	very	334923368
175	privacy	333272427
176	book	330959949
177	items	330505325
178	company	324272258
179	r	323534251
180	read	322331766
181	group	321842984
182	sex	320105999
183	need	319376932
184	many	318966441
185	user	316446229
186	said	315595259
187	de	314593284
188	does	314018806
189	set	313469591
190	under	313296421
191	general	311757793
192	research	311538382
193	university	311373936
194	january	310345867
195	mail	310337185
196	full	309929179
197	map	309676581
198	reviews	307684103
199	program	306686983
200	life	306559205
201	know	306100813
202	games	305930896
203	way	305515604
204	days	305147791
205	management	304201237
206	p	303249898
207	part	302729303
208	could	302311431
209	great	301487430
210	united	299280163
211	hotel	297974790
212	real	297674493
213	f	297285731
214	item	296534935
215	international	295639201
216	center	294319118
217	ebay	293178760
218	must	292774716
219	store	291308910
220	travel	287719294
221	comments	287558448
222	made	287353021
223	development	286291411
224	report	286237372
225	off	284035693
226	member	283858893
227	details	280827841
228	line	280009597
229	terms	277705910
230	before	277546019
231	hotels	275510917
232	did	275369513
233	send	274103587
234	right	273620358
235	type	272336859
236	because	271323986
237	local	270742935
238	those	270014141
239	using	269448880
240	results	268180843
241	office	266789622
242	education	266738068
243	national	266376620
244	car	264720374
245	design	264448339
246	take	264349801
247	posted	263851272
248	internet	263777245
249	address	261872866
250	community	261839117
251	within	261390908
252	states	260937015
253	area	259871557
254	want	258690345
255	phone	256643812
256	dvd	256530337
257	shipping	256521328
258	reserved	256443074
259	subject	256217838
260	between	255436698
261	forum	254478181
262	family	254164055
263	l	252900442
264	long	252519588
265	based	252405204
266	w	252231566
267	code	250245121
268	show	247541986
269	o	246429812
270	even	245697701
271	black	244690155
272	check	244491090
273	special	244311841
274	prices	243435728
275	website	242876222
276	index	242826246
277	being	242783091
278	women	242520455
279	much	242326300
280	sign	242290578
281	file	241864251
282	link	240402653
283	open	239670331
284	today	239271204
285	technology	238674296
286	south	238581133
287	case	235563000
288	project	235262594
289	same	234822585
290	pages	234001114
291	uk	232749142
292	version	232445953
293	section	232251956
294	own	232011723
295	found	232005894
296	sports	231864260
297	house	231310420
298	related	231127472
299	security	230014019
300	both	228648541
301	g	227771642
302	county	227567373
303	american	227534978
304	photo	227125249
305	game	227111505
306	members	226656153
307	power	226596368
308	while	226194991
309	care	225326739
310	network	225218991
311	down	224915894
312	computer	224177047
313	systems	223555915
314	three	223417394
315	total	222649459
316	place	220970235
317	end	220812328
318	following	220709925
319	download	220626128
320	h	220523502
321	him	219516023
322	without	219190105
323	per	218945655
324	access	217986984
325	think	217856550
326	north	217809513
327	resources	217268632
328	current	216987137
329	posts	216822128
330	big	216690546
331	media	216432510
332	law	216122487
333	control	215560453
334	water	215178488
335	history	215000515
336	pictures	214997918
337	size	214844153
338	art	214702696
339	personal	214671907
340	since	214302926
341	including	214195457
342	guide	213378807
343	shop	212793848
344	directory	212478717
345	board	212361059
346	location	211243333
347	change	210601244
348	white	209863729
349	text	208780080
350	small	208371878
351	rating	207858692
352	rate	207634179
353	government	206582673
354	children	206538107
355	during	206364495
356	usa	206211773
357	return	205629763
358	students	204801202
359	v	204486977
360	shopping	204104275
361	account	203611349
362	times	202950880
363	sites	202755734
364	level	202563642
365	digital	202346767
366	profile	201854745
367	previous	201692678
368	form	201395192
369	events	201235454
370	love	201063526
371	old	199694226
372	john	199642644
373	main	199616754
374	call	199608869
375	hours	198242904
376	image	197874283
377	department	197293325
378	title	196676017
379	description	196301245
380	non	196109547
381	k	195647953
382	y	195011703
383	insurance	193271293
384	another	192535750
385	why	192000672
386	shall	191963867
387	property	191783393
388	class	191087771
389	cd	190859046
390	still	190433487
391	money	190205072
392	quality	189509533
393	every	189325890
394	listing	188985252
395	content	188880495
396	country	188691168
397	private	187885878
398	little	187142519
399	visit	187062316
400	save	186091095
401	tools	185555874
402	low	184815478
403	reply	184777992
404	customer	184406888
405	december	183237239
406	compare	183202885
407	movies	182739567
408	include	182579275
409	college	182545426
410	value	182061247
411	article	181969355
412	york	181556155
413	man	181445531
414	card	181387042
415	jobs	181075605
416	provide	181040994
417	j	180739802
418	food	180144029
419	source	179963886
420	author	179813446
421	different	179794224
422	press	179652730
423	u	179615587
424	learn	179428286
425	sale	179224570
426	around	178810033
427	print	178250872
428	course	177976652
429	job	177706929
430	canada	177153952
431	process	176829177
432	teen	176301486
433	room	176299905
434	stock	176295589
435	training	176129154
436	too	176093255
437	credit	175916536
438	point	175527859
439	join	174297802
440	science	174232809
441	men	174058407
442	categories	173839008
443	advanced	173422161
444	west	173346868
445	sales	173244220
446	look	173043002
447	english	172371546
448	left	171752631
449	team	171687825
450	estate	169256248
451	box	169231297
452	conditions	168957006
453	select	168673045
454	windows	168532149
455	photos	167827453
456	gay	167587791
457	thread	167518537
458	week	167202060
459	category	166811948
460	note	166657334
461	live	166005029
462	large	165863763
463	gallery	165671626
464	table	165341452
465	register	164834442
466	however	163957176
467	june	163951797
468	october	163363054
469	november	163308383
470	market	162390150
471	library	162076395
472	really	162033390
473	action	162023431
474	start	161913408
475	series	161518557
476	model	161205740
477	features	160961088
478	air	160850401
479	industry	160812623
480	plan	160746244
481	human	160573748
482	provided	159785849
483	tv	159603914
484	yes	159595214
485	required	159478972
486	second	159343399
487	hot	159287179
488	accessories	158982297
489	cost	158887256
490	movie	158421100
491	forums	158410645
492	march	158281269
493	la	157960401
494	september	157182255
495	better	157079378
496	say	156845267
497	questions	156703712
498	july	156667525
499	yahoo	155733641
500	going	155284081
501	medical	155254497
502	test	154999587
503	friend	154527125
504	come	154326119
505	dec	154301106
506	server	153788544
507	pc	153460135
508	study	152978354
509	application	152776595
510	cart	152155277
511	staff	151553180
512	articles	151531225
513	san	151350397
514	feedback	151008079
515	again	150781416
516	play	150748333
517	looking	150610176
518	issues	150106274
519	april	149976767
520	never	149556758
521	users	149320234
522	complete	149312237
523	street	149130754
524	topic	149001702
525	comment	148628729
526	financial	148330257
527	things	147969893
528	working	147675944
529	against	147259825
530	standard	147177212
531	tax	146906651
532	person	146749448
533	below	145701629
534	mobile	145490029
535	less	145430147
536	got	145057782
537	blog	145041426
538	party	144707500
539	payment	144646164
540	equipment	144298238
541	login	144200144
542	student	143590165
543	let	143062438
544	programs	142498232
545	offers	142087909
546	legal	142048771
547	above	141894620
548	recent	141765729
549	park	141548802
550	stores	141210433
551	side	141155373
552	act	141076205
553	problem	141012024
554	red	140799532
555	give	140688602
556	memory	140479833
557	performance	139710600
558	social	139566375
559	q	139563801
560	august	139459917
561	quote	139242226
562	language	138517992
563	story	138433809
564	sell	137696613
565	options	137679195
566	experience	137134662
567	rates	137089538
568	create	137071122
569	key	136862835
570	body	136560842
571	young	136341684
572	america	136214727
573	important	136103455
574	field	135289140
575	few	135132664
576	east	135037085
577	paper	134939426
578	single	134754203
579	ii	133102742
580	age	132725767
581	activities	132685190
582	club	132428495
583	example	132369252
584	girls	132325396
585	additional	132187702
586	password	132141721
587	z	132095202
588	latest	131952173
589	something	131836210
590	road	131800620
591	gift	131417909
592	question	130644510
593	changes	130570251
594	night	130531484
595	ca	130326009
596	hard	130054708
597	texas	129399241
598	oct	129301730
599	pay	129198530
600	four	129167110
601	poker	129054826
602	status	128994593
603	browse	128740445
604	issue	128427156
605	range	128314924
606	building	128251365
607	seller	127768853
608	court	127719981
609	february	127704851
610	always	127634767
611	result	127425045
612	audio	127014703
613	light	126699632
614	write	126645151
615	war	126517399
616	nov	126461152
617	offer	126228968
618	blue	126160941
619	groups	125814267
620	al	125787543
621	easy	125548527
622	given	125542966
623	files	125524478
624	event	125515260
625	release	125340846
626	analysis	124949540
627	request	124620318
628	fax	124500817
629	china	124472054
630	making	124198695
631	picture	124116581
632	needs	123595776
633	possible	123311561
634	might	123196001
635	professional	123162607
636	yet	123160529
637	month	123027963
638	major	122592252
639	star	122498186
640	areas	121986327
641	future	121844371
642	space	121505269
643	committee	121345834
644	hand	121296661
645	sun	121218500
646	cards	121094522
647	problems	121087620
648	london	121079315
649	washington	120978063
650	meeting	120814306
651	rss	120548796
652	become	120495036
653	interest	120272948
654	id	119974321
655	child	119747393
656	keep	119602514
657	enter	119394206
658	california	119376975
659	porn	119294962
660	share	119294241
661	similar	119150817
662	garden	119014988
663	schools	118978625
664	million	118818608
665	added	118410414
666	reference	118127636
667	companies	118106080
668	listed	117951402
669	baby	117696064
670	learning	117672845
671	energy	117451031
672	run	117213565
673	delivery	117119498
674	net	116883588
675	popular	116495721
676	term	116282824
677	film	116097842
678	stories	115504667
679	put	115205090
680	computers	115168234
681	journal	114532201
682	reports	114515959
683	co	114452742
684	try	114384208
685	welcome	114025350
686	central	113841948
687	images	113788074
688	president	113756376
689	notice	113691786
690	god	113624357
691	original	113453183
692	head	113316224
693	radio	113285624
694	until	113090086
695	cell	113067567
696	color	112965658
697	self	112902176
698	council	112893718
699	away	112837472
700	includes	112466751
701	track	112385243
702	australia	112197265
703	discussion	111973466
704	archive	111971865
705	once	111882023
706	others	111397714
707	entertainment	111394818
708	agreement	111356320
709	format	111279626
710	least	111229798
711	society	111199035
712	months	111192257
713	log	111170350
714	safety	111064464
715	friends	110732827
716	sure	110528740
717	faq	110323671
718	trade	110086585
719	edition	110051463
720	cars	109717836
721	messages	109697600
722	marketing	109596213
723	tell	109553730
724	further	109528141
725	updated	109504766
726	association	109416386
727	able	109389038
728	having	109360096
729	provides	109213691
730	david	109067044
731	fun	108389630
732	already	108324565
733	green	108287905
734	studies	108024858
735	close	107853068
736	common	107839275
737	drive	107799371
738	specific	107785779
739	several	107589584
740	gold	107497778
741	feb	107483376
742	living	107215961
743	sep	107145206
744	collection	107121885
745	called	106978150
746	short	106755242
747	arts	106466033
748	lot	106405208
749	ask	106400213
750	display	106342539
751	limited	106154969
752	powered	106119933
753	solutions	106103720
754	means	105946662
755	director	105891641
756	daily	105837757
757	beach	105642682
758	past	105625616
759	natural	105101771
760	whether	105014961
761	due	104908310
762	et	104251062
763	electronics	104230315
764	five	104165769
765	upon	103921220
766	period	103906182
767	planning	103878661
768	database	103731642
769	says	103697915
770	official	103521037
771	weather	103331913
772	mar	103203080
773	land	103132933
774	average	102837602
775	done	102812628
776	technical	102792861
777	window	102711715
778	france	102698139
779	pro	102580860
780	region	102552342
781	island	102316998
782	record	102234743
783	direct	102234090
784	microsoft	102159580
785	conference	101987691
786	environment	101959294
787	records	101771329
788	st	101338951
789	district	101325723
790	calendar	101303808
791	costs	101090970
792	style	101024266
793	url	100907064
794	front	100886343
795	statement	100868970
796	update	100765188
797	parts	100637505
798	aug	100502612
799	ever	100264634
800	downloads	100237452
801	early	100013194
802	miles	100012522
803	sound	100010833
804	resource	99964083
805	present	99420744
806	applications	99324182
807	either	99143011
808	ago	98839705
809	document	98703772
810	word	98671341
811	works	98581698
812	material	98528318
813	bill	98494166
814	apr	98081439
815	written	98056850
816	talk	97850837
817	federal	97837595
818	hosting	97747750
819	rules	97658641
820	final	97649084
821	adult	97583096
822	tickets	97561755
823	thing	97451660
824	centre	97258243
825	requirements	97233632
826	via	97167128
827	cheap	97049762
828	nude	96733793
829	kids	96602880
830	finance	96554164
831	true	96269550
832	minutes	96242209
833	else	96020036
834	mark	95606752
835	third	95489240
836	rock	95488543
837	gifts	95412416
838	europe	95373445
839	reading	95289449
840	topics	95132338
841	bad	95096787
842	individual	94815082
843	tips	94800899
844	plus	94730251
845	auto	94700371
846	cover	94501729
847	usually	94477370
848	edit	94159529
849	together	94113765
850	videos	94069113
851	percent	94036312
852	fast	93941472
853	function	93878887
854	fact	93807963
855	unit	93714361
856	getting	93483319
857	global	93450595
858	tech	93401669
859	meet	93275872
860	far	93061804
861	economic	93044306
862	en	92803600
863	player	92709785
864	projects	92603476
865	lyrics	92579731
866	often	92551460
867	subscribe	92456246
868	submit	92431559
869	germany	92151641
870	amount	92039679
871	watch	92006970
872	included	92002729
873	feel	91924001
874	though	91905891
875	bank	91559349
876	risk	91486135
877	thanks	91398411
878	everything	91388083
879	deals	91189968
880	various	91156139
881	words	90910143
882	linux	90854231
883	jul	90810423
884	production	90612739
885	commercial	90554932
886	james	90535679
887	weight	90506560
888	town	90478880
889	heart	90249265
890	advertising	90210309
891	received	90037485
892	choose	90010174
893	treatment	90001988
894	newsletter	89828494
895	archives	89826560
896	points	89780234
897	knowledge	89749339
898	magazine	89744012
899	error	89396475
900	camera	89324930
901	jun	89154690
902	girl	89139125
903	currently	89075990
904	construction	88770071
905	toys	88712797
906	registered	88506935
907	clear	88447610
908	golf	88332962
909	receive	88328938
910	domain	88097391
911	methods	87897688
912	chapter	87882874
913	makes	87829598
914	protection	87824220
915	policies	87791839
916	loan	87785549
917	wide	87661475
918	beauty	87572240
919	manager	87441704
920	india	87391857
921	position	87139187
922	taken	87019836
923	sort	86985936
924	listings	86808185
925	models	86573186
926	michael	86527408
927	known	86395556
928	half	86290420
929	cases	86255673
930	step	86147277
931	engineering	85964618
932	florida	85775901
933	simple	85617922
934	quick	85584600
935	none	85523201
936	wireless	85333514
937	license	85326896
938	paul	85262640
939	friday	85245033
940	lake	85241485
941	whole	85202530
942	annual	85043687
943	published	84923632
944	later	84857974
945	basic	84840226
946	sony	84808711
947	shows	84804638
948	corporate	84697675
949	google	84568679
950	church	84556943
951	method	84399520
952	purchase	84333183
953	customers	84317690
954	active	84084764
955	response	84065293
956	practice	84037810
957	hardware	84002445
958	figure	83949754
959	materials	83901920
960	fire	83845349
961	holiday	83671730
962	chat	83625620
963	enough	83592616
964	designed	83559486
965	along	83444756
966	among	83431590
967	death	83216831
968	writing	83166717
969	speed	83135749
970	html	83094022
971	countries	83082522
972	loss	83015916
973	face	82807978
974	brand	82807581
975	discount	82646962
976	higher	82515596
977	effects	82399410
978	created	82342853
979	remember	82222044
980	standards	82179578
981	oil	82178167
982	bit	82113875
983	yellow	82024459
984	political	82021775
985	increase	81983061
986	advertise	81965610
987	kingdom	81913366
988	base	81894680
989	near	81652767
990	environmental	81596309
991	thought	81561217
992	stuff	81444510
993	french	81396759
994	storage	81320471
995	oh	81258789
996	japan	81110725
997	doing	80821946
998	loans	80821333
999	shoes	80755612
1000	entry	80717798
1001	stay	80694073
1002	nature	80659036
1003	orders	80605361
1004	availability	80583907
1005	africa	80566883
1006	summary	80526622
1007	turn	80328029
1008	mean	80312172
1009	growth	79998480
1010	notes	79958318
1011	agency	79915539
1012	king	79791224
1013	monday	79697206
1014	european	79665774
1015	activity	79633609
1016	copy	79615682
1017	although	79579407
1018	drug	79424420
1019	pics	79323162
1020	western	79255339
1021	income	79240506
1022	force	79199815
1023	cash	79172952
1024	employment	79105156
1025	overall	78992643
1026	bay	78967124
1027	river	78843808
1028	commission	78817488
1029	ad	78774169
1030	package	78421168
1031	contents	78365831
1032	seen	78365291
1033	players	78292986
1034	engine	78078059
1035	port	78051775
1036	album	77914316
1037	regional	77752808
1038	stop	77749471
1039	supplies	77574804
1040	started	77515342
1041	administration	77515175
1042	bar	77375075
1043	institute	77353032
1044	views	77333335
1045	plans	77295630
1046	double	77287578
1047	dog	77271631
1048	build	77203075
1049	screen	77183863
1050	exchange	77079447
1051	types	77070740
1052	soon	77038135
1053	sponsored	76855129
1054	lines	76806341
1055	electronic	76707502
1056	continue	76659163
1057	across	76597151
1058	benefits	76580951
1059	needed	76528079
1060	season	76445684
1061	apply	76341478
1062	someone	76212141
1063	held	76100888
1064	ny	75993177
1065	anything	75985266
1066	printer	75976795
1067	condition	75963033
1068	effective	75960822
1069	believe	75918053
1070	organization	75604082
1071	effect	75594829
1072	asked	75532722
1073	eur	75480922
1074	mind	75393868
1075	sunday	75287070
1076	selection	75196717
1077	casino	74796251
1078	pdf	74773048
1079	lost	74748656
1080	tour	74702459
1081	menu	74359141
1082	volume	74283471
1083	cross	74230978
1084	anyone	74170036
1085	mortgage	74160962
1086	hope	74145758
1087	silver	74073467
1088	corporation	74073375
1089	wish	74043644
1090	inside	74026748
1091	solution	74000589
1092	mature	73877124
1093	role	73689002
1094	rather	73664932
1095	weeks	73571749
1096	addition	73434482
1097	came	73286694
1098	supply	73220509
1099	nothing	73183983
1100	certain	73108213
1101	usr	73064522
1102	executive	73010727
1103	running	72879426
1104	lower	72606927
1105	necessary	72604405
1106	union	72603888
1107	jewelry	72576719
1108	according	72553085
1109	dc	72528782
1110	clothing	72455943
1111	mon	72427611
1112	com	72285198
1113	particular	72056920
1114	fine	71972425
1115	names	71918906
1116	robert	71829013
1117	homepage	71814690
1118	hour	71765763
1119	gas	71518871
1120	skills	71383598
1121	six	71366336
1122	bush	71289039
1123	islands	71269325
1124	advice	71268723
1125	career	71248807
1126	military	71229404
1127	rental	71013577
1128	decision	71006471
1129	leave	70957750
1130	british	70912501
1131	teens	70859771
1132	pre	70832130
1133	huge	70639535
1134	sat	70639358
1135	woman	70613606
1136	facilities	70595127
1137	zip	70551270
1138	bid	70427114
1139	kind	70420316
1140	sellers	70277573
1141	middle	70164946
1142	move	70113140
1143	cable	70082598
1144	opportunities	70033623
1145	taking	69997427
1146	values	69946284
1147	division	69921273
1148	coming	69889118
1149	tuesday	69843013
1150	object	69819261
1151	lesbian	69734771
1152	appropriate	69671201
1153	machine	69665958
1154	logo	69529976
1155	length	69469598
1156	actually	69444655
1157	nice	69395609
1158	score	69315004
1159	statistics	69194446
1160	client	69189527
1161	ok	69066566
1162	returns	69062618
1163	capital	68991999
1164	follow	68982994
1165	sample	68957421
1166	investment	68891129
1167	sent	68854520
1168	shown	68755779
1169	saturday	68687814
1170	christmas	68648778
1171	england	68620426
1172	culture	68606429
1173	band	68569061
1174	flash	68391647
1175	ms	68359455
1176	lead	68325439
1177	george	68261971
1178	choice	68222335
1179	went	68130142
1180	starting	68080206
1181	registration	68025615
1182	fri	67934088
1183	thursday	67751544
1184	courses	67731716
1185	consumer	67665809
1186	hi	67566273
1187	airport	67473261
1188	foreign	67443436
1189	artist	67421654
1190	outside	67415846
1191	furniture	67398005
1192	levels	67360843
1193	channel	67352673
1194	letter	67339854
1195	mode	67315364
1196	phones	67311992
1197	ideas	67309657
1198	wednesday	67213031
1199	structure	67191517
1200	fund	67128807
1201	summer	67102388
1202	allow	67052567
1203	degree	67029686
1204	contract	66895933
1205	button	66811153
1206	releases	66809477
1207	wed	66796198
1208	homes	66753480
1209	super	66703287
1210	male	66638842
1211	matter	66632805
1212	custom	66594716
1213	virginia	66581052
1214	almost	66395121
1215	took	66297175
1216	located	66249627
1217	multiple	66171358
1218	asian	66078353
1219	distribution	66074142
1220	editor	66014490
1221	inn	66007529
1222	industrial	65921648
1223	cause	65904680
1224	potential	65835469
1225	song	65832126
1226	cnet	65803333
1227	ltd	65747979
1228	los	65682137
1229	hp	65635495
1230	focus	65626732
1231	late	65574606
1232	fall	65501110
1233	featured	65473127
1234	idea	65459222
1235	rooms	65453403
1236	female	65407567
1237	responsible	65319659
1238	inc	65312988
1239	communications	65305536
1240	win	65264239
1241	associated	65218530
1242	thomas	65173823
1243	primary	65139325
1244	cancer	65078084
1245	numbers	65077140
1246	reason	65066679
1247	tool	65009731
1248	browser	64824987
1249	spring	64814116
1250	foundation	64753514
1251	answer	64649558
1252	voice	64600528
1253	eg	64596001
1254	friendly	64542291
1255	schedule	64504515
1256	documents	64437323
1257	communication	64378554
1258	purpose	64314952
1259	feature	64288914
1260	bed	64262881
1261	comes	64256803
1262	police	64198152
1263	everyone	64197954
1264	independent	64169624
1265	ip	64162886
1266	approach	64158347
1267	cameras	64153502
1268	brown	64112042
1269	physical	64090052
1270	operating	64046921
1271	hill	64008398
1272	maps	63947745
1273	medicine	63831932
1274	deal	63828244
1275	hold	63777575
1276	ratings	63776951
1277	chicago	63754684
1278	forms	63561604
1279	glass	63559754
1280	happy	63471922
1281	tue	63387982
1282	smith	63357901
1283	wanted	63301836
1284	developed	63250401
1285	thank	63234550
1286	safe	63168116
1287	unique	63116899
1288	survey	62994830
1289	prior	62949059
1290	telephone	62896274
1291	sport	62683851
1292	ready	62667516
1293	feed	62663785
1294	animal	62566660
1295	sources	62557801
1296	mexico	62544255
1297	population	62452044
1298	pa	62377151
1299	regular	62308697
1300	secure	62287766
1301	navigation	62202958
1302	operations	62143782
1303	therefore	62082477
1304	ass	62060498
1305	simply	62012991
1306	evidence	62012277
1307	station	61892291
1308	christian	61873074
1309	round	61836702
1310	paypal	61830613
1311	favorite	61781016
1312	understand	61719969
1313	option	61717435
1314	master	61704297
1315	valley	61694845
1316	recently	61635402
1317	probably	61626696
1318	thu	61622542
1319	rentals	61539280
1320	sea	61532852
1321	built	61502894
1322	publications	61502285
1323	blood	61348302
1324	cut	61337417
1325	worldwide	61319870
1326	improve	61305614
1327	connection	61302455
1328	publisher	61290306
1329	hall	61265768
1330	larger	61265757
1331	anti	61227238
1332	networks	61073308
1333	earth	61059905
1334	parents	61036269
1335	nokia	61035236
1336	impact	61017528
1337	transfer	61011470
1338	introduction	61004175
1339	kitchen	60975784
1340	strong	60969207
1341	tel	60827708
1342	carolina	60817800
1343	wedding	60758332
1344	properties	60747209
1345	hospital	60720801
1346	ground	60679179
1347	overview	60666200
1348	ship	60649546
1349	accommodation	60589803
1350	owners	60580709
1351	disease	60540973
1352	tx	60436467
1353	excellent	60316327
1354	paid	60294928
1355	italy	60280461
1356	perfect	60179071
1357	hair	60054650
1358	opportunity	60033252
1359	kit	59963349
1360	classic	59957722
1361	basis	59901425
1362	command	59870370
1363	cities	59809444
1364	william	59804374
1365	express	59797675
1366	anal	59776241
1367	award	59652161
1368	distance	59651113
1369	tree	59622952
1370	peter	59541743
1371	assessment	59513100
1372	ensure	59507606
1373	thus	59447388
1374	wall	59430375
1375	ie	59425745
1376	involved	59408103
1377	el	59377718
1378	extra	59377307
1379	especially	59336380
1380	interface	59307904
1381	pussy	59206591
1382	partners	59137995
1383	budget	59106421
1384	rated	59102029
1385	guides	59094266
1386	success	58986603
1387	maximum	58933430
1388	ma	58908038
1389	operation	58855769
1390	existing	58803077
1391	quite	58777731
1392	selected	58668257
1393	boy	58664244
1394	amazon	58657636
1395	patients	58656286
1396	restaurants	58579604
1397	beautiful	58503804
1398	warning	58498692
1399	wine	58491725
1400	locations	58470987
1401	horse	58453720
1402	vote	58387028
1403	forward	58382492
1404	flowers	58374976
1405	stars	58352743
1406	significant	58338630
1407	lists	58249254
1408	technologies	58222418
1409	owner	58189056
1410	retail	58185466
1411	animals	58178554
1412	useful	58144584
1413	directly	58144287
1414	manufacturer	58125159
1415	ways	58114465
1416	est	58112143
1417	son	58094311
1418	providing	57957650
1419	rule	57912422
1420	mac	57875961
1421	housing	57790060
1422	takes	57784233
1423	iii	57697189
1424	gmt	57610397
1425	bring	57608074
1426	catalog	57567413
1427	searches	57491372
1428	max	57481472
1429	trying	57462639
1430	mother	57432704
1431	authority	57403313
1432	considered	57378298
1433	told	57248600
1434	xml	57241749
1435	traffic	57241247
1436	programme	57212448
1437	joined	57202778
1438	input	57191675
1439	strategy	57170155
1440	feet	57146840
1441	agent	57103658
1442	valid	57094711
1443	bin	57076312
1444	modern	57030009
1445	senior	56934903
1446	ireland	56804611
1447	sexy	56756180
1448	teaching	56677377
1449	door	56638839
1450	grand	56599468
1451	testing	56564005
1452	trial	56547673
1453	charge	56542418
1454	units	56512308
1455	instead	56499843
1456	canadian	56492789
1457	cool	56471180
1458	normal	56442762
1459	wrote	56421594
1460	enterprise	56414984
1461	ships	56365355
1462	entire	56284017
1463	educational	56282937
1464	md	56253287
1465	leading	56201501
1466	metal	56181783
1467	positive	56132270
1468	fl	56095954
1469	fitness	56063953
1470	chinese	56057597
1471	opinion	56038634
1472	mb	56034110
1473	asia	55979169
1474	football	55972678
1475	abstract	55951880
1476	uses	55842334
1477	output	55819696
1478	funds	55721876
1479	mr	55692230
1480	greater	55673859
1481	likely	55669441
1482	develop	55611036
1483	employees	55523958
1484	artists	55504730
1485	alternative	55502123
1486	processing	55486868
1487	responsibility	55448425
1488	resolution	55429399
1489	java	55360149
1490	guest	55293215
1491	seems	55276661
1492	publication	55199085
1493	pass	55189682
1494	relations	55180611
1495	trust	55157142
1496	van	55147325
1497	contains	55145932
1498	session	55143498
1499	multi	55131463
1500	photography	55083965
1501	republic	55051644
1502	fees	54965019
1503	components	54964736
1504	vacation	54946412
1505	century	54929645
1506	academic	54886061
1507	assistance	54831021
1508	completed	54810628
1509	skin	54789622
1510	graphics	54781266
1511	indian	54646045
1512	prev	54576595
1513	ads	54513834
1514	mary	54418499
1515	il	54379896
1516	expected	54346724
1517	ring	54342432
1518	grade	54275130
1519	dating	54274405
1520	pacific	54257643
1521	mountain	54170529
1522	organizations	54146984
1523	pop	54140138
1524	filter	54106694
1525	mailing	54096391
1526	vehicle	54079229
1527	longer	54063969
1528	consider	54062139
1529	int	54000221
1530	northern	53876176
1531	behind	53824933
1532	panel	53784382
1533	floor	53759851
1534	german	53710784
1535	buying	53534781
1536	match	53532481
1537	proposed	53512775
1538	default	53511683
1539	require	53495303
1540	iraq	53491312
1541	boys	53464587
1542	outdoor	53462150
1543	deep	53447410
1544	morning	53444032
1545	otherwise	53406486
1546	allows	53352976
1547	rest	53312008
1548	protein	53253798
1549	plant	53247607
1550	reported	53189294
1551	hit	53171478
1552	transportation	53122840
1553	mm	53083729
1554	pool	53046994
1555	mini	53025248
1556	politics	53007762
1557	partner	52979810
1558	disclaimer	52917604
1559	authors	52891750
1560	boards	52877471
1561	faculty	52815755
1562	parties	52799552
1563	fish	52756224
1564	membership	52738089
1565	mission	52716319
1566	eye	52688696
1567	string	52681344
1568	sense	52629633
1569	modified	52557860
1570	pack	52556205
1571	released	52546300
1572	stage	52518330
1573	internal	52515245
1574	goods	52507183
1575	recommended	52496488
1576	born	52452012
1577	unless	52436419
1578	richard	52423381
1579	detailed	52396856
1580	japanese	52320953
1581	race	52297214
1582	approved	52215969
1583	background	52214134
1584	target	52199865
1585	except	52183597
1586	character	52028227
1587	usb	52008297
1588	maintenance	52006621
1589	ability	52004289
1590	maybe	51895609
1591	functions	51816428
1592	ed	51788932
1593	moving	51765877
1594	brands	51697361
1595	places	51696304
1596	php	51652407
1597	pretty	51621090
1598	trademarks	51590807
1599	phentermine	51577196
1600	spain	51553238
1601	southern	51536707
1602	yourself	51531914
1603	etc	51525815
1604	winter	51483174
1605	rape	51454053
1606	battery	51449559
1607	youth	51426255
1608	pressure	51407261
1609	submitted	51387515
1610	boston	51387258
1611	incest	51357793
1612	debt	51349877
1613	keywords	51331999
1614	medium	51330557
1615	television	51304347
1616	interested	51282170
1617	core	51244541
1618	break	51242970
1619	purposes	51223290
1620	throughout	51160616
1621	sets	51156220
1622	dance	51147967
1623	wood	51130555
1624	msn	51090757
1625	itself	51076716
1626	defined	51033173
1627	papers	51024682
1628	playing	51019438
1629	awards	50973666
1630	fee	50931988
1631	studio	50913495
1632	reader	50887864
1633	virtual	50843671
1634	device	50819909
1635	established	50818165
1636	answers	50800782
1637	rent	50767076
1638	las	50701997
1639	remote	50683428
1640	dark	50669807
1641	programming	50630393
1642	external	50604732
1643	apple	50551171
1644	le	50474760
1645	regarding	50409715
1646	instructions	50405472
1647	min	50389892
1648	offered	50347350
1649	theory	50276653
1650	enjoy	50141455
1651	remove	50036200
1652	aid	50022454
1653	surface	50022259
1654	minimum	50001652
1655	visual	49969150
1656	host	49918570
1657	variety	49844591
1658	teachers	49832283
1659	isbn	49747608
1660	martin	49699093
1661	manual	49698346
1662	block	49694725
1663	subjects	49574004
1664	agents	49551303
1665	increased	49547349
1666	repair	49513286
1667	fair	49510931
1668	civil	49495349
1669	steel	49452604
1670	understanding	49391366
1671	songs	49272598
1672	fixed	49215402
1673	wrong	49156828
1674	beginning	49148844
1675	hands	49087727
1676	associates	49020998
1677	finally	48999091
1678	az	48985772
1679	updates	48858672
1680	desktop	48850257
1681	classes	48836974
1682	paris	48831449
1683	ohio	48812305
1684	gets	48807490
1685	sector	48746882
1686	capacity	48726947
1687	requires	48668931
1688	jersey	48658750
1689	un	48651550
1690	fat	48646296
1691	fully	48616832
1692	father	48580528
1693	electric	48562078
1694	saw	48544776
1695	instruments	48492757
1696	quotes	48490497
1697	officer	48483165
1698	driver	48463463
1699	businesses	48419913
1700	dead	48384167
1701	respect	48329678
1702	unknown	48325930
1703	specified	48284665
1704	restaurant	48255033
1705	mike	48202721
1706	trip	48175593
1707	pst	48137341
1708	worth	48075237
1709	mi	48073394
1710	procedures	48063184
1711	poor	48053008
1712	teacher	48002944
1713	xxx	47989278
1714	eyes	47975295
1715	relationship	47959756
1716	workers	47954144
1717	farm	47934860
1718	fucking	47911964
1719	georgia	47898290
1720	peace	47856201
1721	traditional	47847595
1722	campus	47827531
1723	tom	47775300
1724	showing	47745287
1725	creative	47737474
1726	coast	47716394
1727	benefit	47703520
1728	progress	47674782
1729	funding	47661725
1730	devices	47613452
1731	lord	47612536
1732	grant	47609624
1733	sub	47588521
1734	agree	47500911
1735	fiction	47449450
1736	hear	47426506
1737	sometimes	47402973
1738	watches	47364531
1739	careers	47344388
1740	beyond	47315243
1741	goes	47278206
1742	families	47251104
1743	led	47211631
1744	museum	47195123
1745	themselves	47176048
1746	fan	47045446
1747	transport	47041301
1748	interesting	46983244
1749	blogs	46978262
1750	wife	46946408
1751	evaluation	46929581
1752	accepted	46922000
1753	former	46917563
1754	implementation	46914652
1755	ten	46907473
1756	hits	46901429
1757	zone	46897368
1758	complex	46865979
1759	th	46857152
1760	cat	46839855
1761	galleries	46800115
1762	references	46748380
1763	die	46745446
1764	presented	46729648
1765	jack	46728329
1766	flat	46688059
1767	flow	46684251
1768	agencies	46610382
1769	literature	46607011
1770	respective	46528775
1771	parent	46516265
1772	spanish	46482449
1773	michigan	46437105
1774	columbia	46367780
1775	setting	46347305
1776	dr	46346026
1777	scale	46307526
1778	stand	46292709
1779	economy	46236766
1780	highest	46234721
1781	helpful	46208737
1782	monthly	46198876
1783	critical	46136062
1784	frame	46079991
1785	musical	46057216
1786	definition	46017042
1787	secretary	46013973
1788	angeles	45983826
1789	networking	45918427
1790	path	45905830
1791	australian	45733685
1792	employee	45719822
1793	chief	45699591
1794	gives	45649146
1795	kb	45638167
1796	bottom	45598411
1797	magazines	45575150
1798	packages	45541515
1799	detail	45494334
1800	francisco	45480506
1801	laws	45454173
1802	changed	45453557
1803	pet	45445524
1804	heard	45436523
1805	begin	45434902
1806	individuals	45432300
1807	colorado	45410185
1808	royal	45407189
1809	clean	45381752
1810	switch	45332755
1811	russian	45322858
1812	largest	45314848
1813	african	45314350
1814	guy	45286019
1815	titles	45271886
1816	relevant	45242119
1817	guidelines	45207269
1818	justice	45145293
1819	connect	45133501
1820	bible	45080741
1821	dev	45047619
1822	cup	45032014
1823	basket	45023597
1824	applied	44960208
1825	weekly	44953365
1826	vol	44946800
1827	installation	44936390
1828	described	44905064
1829	demand	44858110
1830	pp	44854981
1831	suite	44829675
1832	vegas	44810653
1833	na	44784650
1834	square	44784448
1835	chris	44754518
1836	attention	44752502
1837	advance	44738913
1838	skip	44681366
1839	diet	44674077
1840	army	44670729
1841	auction	44619724
1842	gear	44569745
1843	lee	44561701
1844	os	44556124
1845	difference	44546845
1846	allowed	44526131
1847	correct	44467948
1848	charles	44466066
1849	nation	44429644
1850	selling	44375770
1851	lots	44361090
1852	piece	44298807
1853	sheet	44295187
1854	firm	44244364
1855	seven	44224906
1856	older	44222089
1857	illinois	44214414
1858	regulations	44201358
1859	elements	44180185
1860	species	44159268
1861	jump	44137441
1862	cells	44128080
1863	module	44127294
1864	resort	44118980
1865	facility	44049643
1866	random	44038489
1867	pricing	44026683
1868	dvds	43997497
1869	certificate	43972925
1870	minister	43931892
1871	motion	43927084
1872	looks	43897035
1873	fashion	43883676
1874	directions	43874498
1875	visitors	43872888
1876	documentation	43872031
1877	monitor	43848202
1878	trading	43706094
1879	forest	43667070
1880	calls	43661633
1881	whose	43634263
1882	coverage	43621558
1883	couple	43578199
1884	giving	43506778
1885	chance	43461638
1886	vision	43425570
1887	ball	43399906
1888	ending	43310674
1889	clients	43278784
1890	actions	43258456
1891	listen	43252527
1892	discuss	43208309
1893	accept	43171429
1894	automotive	43128760
1895	naked	43110969
1896	goal	43074829
1897	successful	43041696
1898	sold	42979181
1899	wind	42974876
1900	communities	42969195
1901	clinical	42951421
1902	situation	42880250
1903	sciences	42871860
1904	markets	42867375
1905	lowest	42865965
1906	highly	42857273
1907	publishing	42809196
1908	appear	42801104
1909	emergency	42770237
1910	developing	42769271
1911	lives	42750046
1912	currency	42720398
1913	leather	42714053
1914	determine	42707469
1915	milf	42647845
1916	temperature	42645254
1917	palm	42631203
1918	announcements	42578510
1919	patient	42560499
1920	actual	42552937
1921	historical	42501329
1922	stone	42494931
1923	bob	42494016
1924	commerce	42459641
1925	ringtones	42455942
1926	perhaps	42450144
1927	persons	42436349
1928	difficult	42436311
1929	scientific	42415451
1930	satellite	42379243
1931	fit	42342802
1932	tests	42336117
1933	village	42335952
1934	accounts	42330284
1935	amateur	42265916
1936	ex	42259849
1937	met	42223443
1938	pain	42182798
1939	xbox	42163497
1940	particularly	42160203
1941	factors	42106512
1942	coffee	42086828
1943	www	42076566
1944	settings	42062854
1945	cum	42048929
1946	buyer	42024703
1947	cultural	42022443
1948	steve	41997245
1949	easily	41949287
1950	oral	41947093
1951	ford	41922237
1952	poster	41893537
1953	edge	41869418
1954	functional	41862937
1955	root	41835168
1956	au	41825348
1957	fi	41812484
1958	closed	41782645
1959	holidays	41730382
1960	ice	41706145
1961	pink	41704519
1962	zealand	41677373
1963	balance	41651718
1964	monitoring	41647453
1965	graduate	41645267
1966	replies	41628442
1967	shot	41614412
1968	nc	41537048
1969	architecture	41474428
1970	initial	41372877
1971	label	41359857
1972	thinking	41333371
1973	scott	41326573
1974	llc	41281263
1975	sec	41177555
1976	recommend	41146831
1977	canon	41144763
1978	hardcore	41125351
1979	league	41109010
1980	waste	41089558
1981	minute	41061449
1982	bus	41043865
1983	provider	40976633
1984	optional	40839022
1985	dictionary	40838300
1986	cold	40833613
1987	accounting	40819336
1988	manufacturing	40781457
1989	sections	40770979
1990	chair	40764005
1991	fishing	40730311
1992	effort	40728131
1993	phase	40722940
1994	fields	40697933
1995	bag	40671821
1996	fantasy	40666152
1997	po	40656645
1998	letters	40638766
1999	motor	40615655
2000	va	40591806
2001	professor	40572636
2002	context	40568409
2003	install	40502273
2004	shirt	40501964
2005	apparel	40498015
2006	generally	40435813
2007	continued	40414263
2008	foot	40401241
2009	mass	40364941
2010	crime	40361756
2011	count	40345803
2012	breast	40334099
2013	techniques	40278251
2014	ibm	40259661
2015	rd	40231948
2016	johnson	40200521
2017	sc	40185182
2018	quickly	40161558
2019	dollars	40136550
2020	websites	40127603
2021	religion	40095362
2022	claim	40085342
2023	driving	40033859
2024	permission	40032805
2025	surgery	40026119
2026	patch	39999745
2027	heat	39971542
2028	wild	39937252
2029	measures	39937049
2030	generation	39912229
2031	kansas	39910915
2032	miss	39897915
2033	chemical	39891285
2034	doctor	39845710
2035	task	39832721
2036	reduce	39830748
2037	brought	39794764
2038	himself	39757666
2039	nor	39753116
2040	component	39752354
2041	enable	39733007
2042	exercise	39699360
2043	bug	39672754
2044	santa	39664896
2045	mid	39610476
2046	guarantee	39603838
2047	leader	39591949
2048	diamond	39573067
2049	israel	39512059
2050	se	39483236
2051	processes	39450440
2052	soft	39440877
2053	servers	39329759
2054	alone	39326417
2055	meetings	39307643
2056	seconds	39304731
2057	jones	39297134
2058	arizona	39283012
2059	keyword	39244593
2060	interests	39238403
2061	flight	39229938
2062	congress	39186605
2063	fuel	39148291
2064	username	39130223
2065	walk	39129365
2066	fuck	39099536
2067	produced	39030637
2068	italian	39017017
2069	paperback	39015275
2070	classifieds	39014041
2071	wait	39001376
2072	supported	38989028
2073	pocket	38931224
2074	saint	38929141
2075	rose	38911531
2076	freedom	38909717
2077	argument	38902162
2078	competition	38886455
2079	creating	38863806
2080	jim	38854380
2081	drugs	38827156
2082	joint	38827057
2083	premium	38793313
2084	providers	38787600
2085	fresh	38781893
2086	characters	38778931
2087	attorney	38778191
2088	upgrade	38777600
2089	di	38771183
2090	factor	38740174
2091	growing	38729323
2092	thousands	38611137
2093	km	38605173
2094	stream	38592422
2095	apartments	38568257
2096	pick	38542153
2097	hearing	38521552
2098	eastern	38506956
2099	auctions	38496936
2100	therapy	38458400
2101	entries	38442247
2102	dates	38442243
2103	generated	38437769
2104	signed	38369963
2105	upper	38341510
2106	administrative	38339299
2107	serious	38316678
2108	prime	38308402
2109	samsung	38291353
2110	limit	38290292
2111	began	38269468
2112	louis	38259201
2113	steps	38254292
2114	errors	38243352
2115	shops	38241315
2116	bondage	38237169
2117	del	38223775
2118	efforts	38222553
2119	informed	38207430
2120	ga	38185755
2121	ac	38166598
2122	thoughts	38162958
2123	creek	38159464
2124	ft	38133521
2125	worked	38128226
2126	quantity	38123233
2127	urban	38087999
2128	practices	38010732
2129	sorted	38002278
2130	reporting	37995481
2131	essential	37987474
2132	myself	37983649
2133	tours	37957036
2134	platform	37930473
2135	load	37896224
2136	affiliate	37877419
2137	labor	37866418
2138	immediately	37857880
2139	admin	37835381
2140	nursing	37822746
2141	defense	37819618
2142	machines	37786251
2143	designated	37777117
2144	tags	37732409
2145	heavy	37668153
2146	covered	37662109
2147	recovery	37644829
2148	joe	37642746
2149	guys	37603892
2150	integrated	37600088
2151	configuration	37589833
2152	cock	37573028
2153	merchant	37569902
2154	comprehensive	37544399
2155	expert	37537204
2156	universal	37493474
2157	protect	37455957
2158	drop	37433033
2159	solid	37426444
2160	cds	37396357
2161	presentation	37387206
2162	languages	37376019
2163	became	37332761
2164	orange	37316112
2165	compliance	37305612
2166	vehicles	37254344
2167	prevent	37247684
2168	theme	37219937
2169	rich	37200952
2170	im	37166923
2171	campaign	37150011
2172	marine	37143112
2173	improvement	37133738
2174	vs	37115369
2175	guitar	37106331
2176	finding	37102510
2177	pennsylvania	37039579
2178	examples	37025517
2179	ipod	36985229
2180	saying	36981573
2181	spirit	36971683
2182	ar	36946912
2183	claims	36942635
2184	porno	36925475
2185	challenge	36918321
2186	motorola	36918315
2187	acceptance	36864919
2188	strategies	36860865
2189	mo	36853656
2190	seem	36852843
2191	affairs	36831853
2192	touch	36831035
2193	intended	36830419
2194	towards	36798662
2195	sa	36769721
2196	goals	36766773
2197	hire	36743717
2198	election	36728229
2199	suggest	36726336
2200	branch	36712083
2201	charges	36710704
2202	serve	36697856
2203	affiliates	36686155
2204	reasons	36685859
2205	magic	36676771
2206	mount	36648260
2207	smart	36636558
2208	talking	36617848
2209	gave	36576222
2210	ones	36558085
2211	latin	36548259
2212	multimedia	36522534
2213	xp	36521289
2214	tits	36514211
2215	avoid	36508203
2216	certified	36493381
2217	manage	36439435
2218	corner	36419737
2219	rank	36408196
2220	computing	36381081
2221	oregon	36353838
2222	element	36306394
2223	birth	36286070
2224	virus	36286003
2225	abuse	36269685
2226	interactive	36253355
2227	requests	36239839
2228	separate	36138447
2229	quarter	36134893
2230	procedure	36129804
2231	leadership	36108608
2232	tables	36089541
2233	define	36087006
2234	racing	36079737
2235	religious	36046200
2236	facts	36041603
2237	breakfast	35991312
2238	kong	35989160
2239	column	35986621
2240	plants	35937825
2241	faith	35936559
2242	chain	35928367
2243	developer	35890230
2244	identify	35854119
2245	avenue	35847733
2246	missing	35813046
2247	died	35803272
2248	approximately	35797333
2249	domestic	35724637
2250	sitemap	35722454
2251	recommendations	35722416
2252	moved	35713495
2253	houston	35697100
2254	reach	35687918
2255	comparison	35683256
2256	mental	35674270
2257	viewed	35666896
2258	moment	35660913
2259	extended	35651592
2260	sequence	35643482
2261	inch	35629597
2262	attack	35599513
2263	sorry	35595812
2264	centers	35590976
2265	opening	35538225
2266	damage	35529909
2267	lab	35525966
2268	reserve	35516087
2269	recipes	35473417
2270	cvs	35441636
2271	gamma	35426622
2272	plastic	35421202
2273	produce	35383071
2274	snow	35358852
2275	placed	35347899
2276	truth	35345925
2277	counter	35345740
2278	failure	35343900
2279	follows	35327869
2280	eu	35326689
2281	weekend	35287380
2282	dollar	35275336
2283	camp	35255018
2284	ontario	35233760
2285	automatically	35225937
2286	des	35219152
2287	minnesota	35206660
2288	films	35200065
2289	bridge	35180146
2290	native	35160636
2291	fill	35148024
2292	williams	35123723
2293	movement	35105385
2294	printing	35080589
2295	baseball	35068361
2296	owned	35050234
2297	approval	35046541
2298	draft	35033621
2299	chart	35027490
2300	played	34970056
2301	contacts	34965494
2302	cc	34944653
2303	jesus	34929061
2304	readers	34912487
2305	clubs	34881779
2306	lcd	34879794
2307	wa	34865016
2308	jackson	34861007
2309	equal	34832354
2310	adventure	34807033
2311	matching	34803404
2312	offering	34799901
2313	shirts	34764071
2314	profit	34753530
2315	leaders	34742050
2316	posters	34729596
2317	institutions	34727059
2318	assistant	34719060
2319	variable	34715780
2320	ave	34706502
2321	dj	34689225
2322	advertisement	34681267
2323	expect	34675677
2324	parking	34672915
2325	headlines	34646214
2326	yesterday	34639311
2327	compared	34638205
2328	determined	34600925
2329	wholesale	34597350
2330	workshop	34531832
2331	russia	34513420
2332	gone	34511028
2333	codes	34503537
2334	kinds	34482138
2335	extension	34464199
2336	seattle	34427671
2337	statements	34416902
2338	golden	34416555
2339	completely	34385075
2340	teams	34383288
2341	fort	34358210
2342	cm	34312385
2343	wi	34305144
2344	lighting	34304870
2345	senate	34302775
2346	forces	34300503
2347	funny	34281806
2348	brother	34273892
2349	gene	34266155
2350	turned	34215128
2351	portable	34207743
2352	tried	34201786
2353	electrical	34176498
2354	applicable	34173309
2355	disc	34140094
2356	returned	34138333
2357	pattern	34124878
2358	ct	34123861
2359	hentai	34116380
2360	boat	34104031
2361	named	34099544
2362	theatre	34095301
2363	laser	34080740
2364	earlier	34079706
2365	manufacturers	34073462
2366	sponsor	33988132
2367	classical	33957503
2368	icon	33955393
2369	warranty	33921186
2370	dedicated	33916569
2371	indiana	33897228
2372	direction	33868571
2373	harry	33867934
2374	basketball	33848810
2375	objects	33845165
2376	ends	33798717
2377	delete	33766846
2378	evening	33705304
2379	assembly	33704254
2380	nuclear	33689967
2381	taxes	33674672
2382	mouse	33667003
2383	signal	33648212
2384	criminal	33646918
2385	issued	33644425
2386	brain	33612784
2387	sexual	33595660
2388	wisconsin	33592434
2389	powerful	33538932
2390	dream	33518573
2391	obtained	33486258
2392	false	33476460
2393	da	33450232
2394	cast	33395024
2395	flower	33364539
2396	felt	33321821
2397	personnel	33277887
2398	passed	33242084
2399	supplied	33239429
2400	identified	33222080
2401	falls	33213513
2402	pic	33210991
2403	soul	33173763
2404	aids	33155753
2405	opinions	33135354
2406	promote	33113081
2407	stated	33100777
2408	stats	33096627
2409	hawaii	33075697
2410	professionals	33070733
2411	appears	33068735
2412	carry	33056477
2413	flag	33050354
2414	decided	33030803
2415	nj	33014240
2416	covers	32972573
2417	hr	32969615
2418	em	32964905
2419	advantage	32963469
2420	hello	32960381
2421	designs	32955678
2422	maintain	32942067
2423	tourism	32925132
2424	priority	32917021
2425	newsletters	32868357
2426	adults	32847475
2427	clips	32846497
2428	savings	32817684
2429	iv	32807831
2430	graphic	32780694
2431	atom	32776867
2432	payments	32757146
2433	rw	32739652
2434	estimated	32731518
2435	binding	32603649
2436	brief	32599674
2437	ended	32588866
2438	winning	32570914
2439	eight	32567724
2440	anonymous	32563033
2441	iron	32552371
2442	straight	32551647
2443	script	32549924
2444	served	32541796
2445	wants	32538214
2446	miscellaneous	32502581
2447	prepared	32502271
2448	void	32491126
2449	dining	32489479
2450	alert	32472727
2451	integration	32462658
2452	atlanta	32440124
2453	dakota	32437534
2454	tag	32432108
2455	interview	32430752
2456	mix	32428241
2457	framework	32421841
2458	disk	32375647
2459	installed	32372686
2460	queen	32366847
2461	vhs	32362671
2462	credits	32341959
2463	clearly	32338676
2464	fix	32334055
2465	handle	32318665
2466	sweet	32311923
2467	desk	32311444
2468	criteria	32302695
2469	pubmed	32296902
2470	dave	32281596
2471	massachusetts	32270027
2472	diego	32238555
2473	hong	32225582
2474	vice	32220446
2475	associate	32217516
2476	ne	32142023
2477	truck	32136249
2478	behavior	32128221
2479	enlarge	32120976
2480	ray	32113994
2481	frequently	32113462
2482	revenue	32088216
2483	measure	32083783
2484	changing	32076618
2485	votes	32059663
2486	du	32025637
2487	duty	32011339
2488	looked	31988351
2489	discussions	31985694
2490	bear	31981362
2491	gain	31980198
2492	festival	31964569
2493	laboratory	31956885
2494	ocean	31928741
2495	flights	31927886
2496	experts	31923825
2497	signs	31899467
2498	lack	31881925
2499	depth	31879926
2500	iowa	31875822
2501	whatever	31869767
2502	logged	31869263
2503	laptop	31851245
2504	vintage	31830831
2505	train	31816971
2506	exactly	31759653
2507	dry	31744277
2508	explore	31740200
2509	maryland	31715238
2510	spa	31714574
2511	concept	31681353
2512	nearly	31677743
2513	eligible	31666767
2514	checkout	31649089
2515	reality	31626554
2516	forgot	31626338
2517	handling	31623717
2518	origin	31602843
2519	knew	31598395
2520	gaming	31594394
2521	feeds	31593736
2522	billion	31586983
2523	destination	31563774
2524	scotland	31551032
2525	faster	31541236
2526	intelligence	31533328
2527	dallas	31528739
2528	bought	31501377
2529	con	31452344
2530	ups	31451966
2531	nations	31449713
2532	route	31439231
2533	followed	31437587
2534	specifications	31435888
2535	broken	31399439
2536	tripadvisor	31394750
2537	frank	31392284
2538	alaska	31388580
2539	zoom	31373629
2540	blow	31344495
2541	battle	31344458
2542	residential	31337029
2543	anime	31334688
2544	speak	31324712
2545	decisions	31321172
2546	industries	31316683
2547	protocol	31296886
2548	query	31284313
2549	clip	31264432
2550	partnership	31235192
2551	editorial	31234178
2552	nt	31198810
2553	expression	31179707
2554	es	31169475
2555	equity	31158626
2556	provisions	31126350
2557	speech	31119662
2558	wire	31113149
2559	principles	31050339
2560	suggestions	31029622
2561	rural	30998929
2562	shared	30988860
2563	sounds	30987278
2564	replacement	30981707
2565	tape	30941382
2566	strategic	30930763
2567	judge	30905832
2568	spam	30881361
2569	economics	30869591
2570	acid	30867887
2571	bytes	30848384
2572	cent	30836935
2573	forced	30835043
2574	compatible	30811666
2575	fight	30784313
2576	apartment	30771172
2577	height	30745406
2578	null	30739157
2579	zero	30735412
2580	speaker	30732820
2581	filed	30718907
2582	gb	30697884
2583	netherlands	30672254
2584	obtain	30672052
2585	bc	30670787
2586	consulting	30662624
2587	recreation	30662263
2588	offices	30646750
2589	designer	30641959
2590	remain	30630717
2591	managed	30602103
2592	pr	30599220
2593	failed	30596963
2594	marriage	30592140
2595	roll	30590349
2596	korea	30582894
2597	banks	30582183
2598	fr	30563000
2599	participants	30557763
2600	secret	30542047
2601	bath	30537308
2602	aa	30523331
2603	kelly	30510238
2604	leads	30507300
2605	negative	30504487
2606	austin	30477225
2607	favorites	30465854
2608	toronto	30462849
2609	theater	30446816
2610	springs	30429116
2611	missouri	30419845
2612	andrew	30403300
2613	var	30384128
2614	perform	30378944
2615	healthy	30360623
2616	translation	30346495
2617	estimates	30336472
2618	font	30327965
2619	assets	30302586
2620	injury	30291773
2621	mt	30286047
2622	joseph	30285903
2623	ministry	30275714
2624	drivers	30258628
2625	lawyer	30253229
2626	figures	30231772
2627	married	30202662
2628	protected	30198768
2629	proposal	30189304
2630	sharing	30181027
2631	philadelphia	30179898
2632	portal	30171660
2633	waiting	30170505
2634	birthday	30169763
2635	beta	30160524
2636	fail	30145364
2637	gratis	30144426
2638	banking	30095341
2639	officials	30068859
2640	brian	30060564
2641	toward	30024561
2642	won	29998103
2643	slightly	29994840
2644	assist	29963782
2645	conduct	29955541
2646	contained	29955043
2647	lingerie	29949923
2648	shemale	29948582
2649	legislation	29932251
2650	calling	29923380
2651	parameters	29922419
2652	jazz	29920842
2653	serving	29916558
2654	bags	29910659
2655	profiles	29909230
2656	miami	29904805
2657	comics	29900765
2658	matters	29896961
2659	houses	29896478
2660	doc	29867704
2661	postal	29859679
2662	relationships	29850322
2663	tennessee	29848404
2664	wear	29846762
2665	controls	29841307
2666	breaking	29841004
2667	combined	29840482
2668	ultimate	29825206
2669	wales	29821525
2670	representative	29810467
2671	frequency	29808486
2672	introduced	29783908
2673	minor	29782623
2674	finish	29769825
2675	departments	29768415
2676	residents	29765553
2677	noted	29754565
2678	displayed	29751963
2679	mom	29736214
2680	reduced	29726540
2681	physics	29724803
2682	rare	29722959
2683	spent	29719451
2684	performed	29714621
2685	extreme	29694906
2686	samples	29689694
2687	davis	29689352
2688	daniel	29680403
2689	bars	29674439
2690	reviewed	29665969
2691	row	29649598
2692	oz	29644419
2693	forecast	29637380
2694	removed	29610178
2695	helps	29607993
2696	singles	29594915
2697	administrator	29589707
2698	cycle	29585286
2699	amounts	29584436
2700	contain	29552509
2701	accuracy	29536020
2702	dual	29535368
2703	rise	29535295
2704	usd	29527576
2705	sleep	29491537
2706	mg	29456015
2707	bird	29437150
2708	pharmacy	29392223
2709	brazil	29390369
2710	creation	29390035
2711	static	29389905
2712	scene	29372413
2713	hunter	29368718
2714	addresses	29368459
2715	lady	29348297
2716	crystal	29344419
2717	famous	29332023
2718	writer	29320566
2719	chairman	29312635
2720	violence	29309829
2721	fans	29290170
2722	oklahoma	29277458
2723	speakers	29266983
2724	drink	29254937
2725	academy	29252165
2726	dynamic	29251538
2727	gender	29248973
2728	eat	29237400
2729	permanent	29217998
2730	agriculture	29217130
2731	dell	29215534
2732	cleaning	29202463
2733	constitutes	29158454
2734	portfolio	29149729
2735	practical	29138914
2736	delivered	29130416
2737	collectibles	29127157
2738	infrastructure	29090274
2739	exclusive	29069478
2740	seat	29066336
2741	concerns	29065609
2742	colour	29049269
2743	vendor	29029083
2744	originally	29016923
2745	intel	28995654
2746	utilities	28965893
2747	philosophy	28960643
2748	regulation	28958148
2749	officers	28955126
2750	reduction	28954254
2751	aim	28951240
2752	bids	28933427
2753	referred	28919199
2754	supports	28913894
2755	nutrition	28890368
2756	recording	28875301
2757	regions	28864370
2758	junior	28857539
2759	toll	28852223
2760	les	28848836
2761	cape	28846176
2762	ann	28832058
2763	rings	28827859
2764	meaning	28821231
2765	tip	28810209
2766	secondary	28805149
2767	wonderful	28796607
2768	mine	28795477
2769	ladies	28781917
2770	henry	28769085
2771	ticket	28767435
2772	announced	28744210
2773	guess	28743465
2774	agreed	28717540
2775	prevention	28681929
2776	whom	28678568
2777	ski	28663800
2778	soccer	28647229
2779	math	28631905
2780	import	28629840
2781	posting	28612921
2782	presence	28603257
2783	instant	28599930
2784	mentioned	28566238
2785	automatic	28551016
2786	healthcare	28529648
2787	viewing	28507347
2788	maintained	28492421
2789	ch	28470221
2790	increasing	28456941
2791	majority	28456588
2792	connected	28448231
2793	christ	28404515
2794	dan	28401202
2795	dogs	28400362
2796	sd	28394298
2797	directors	28389161
2798	aspects	28377709
2799	austria	28377245
2800	ahead	28375319
2801	moon	28374261
2802	participation	28366095
2803	scheme	28309089
2804	utility	28301196
2805	preview	28294286
2806	fly	28279478
2807	manner	28268864
2808	matrix	28268147
2809	containing	28254166
2810	combination	28247444
2811	devel	28152649
2812	amendment	28151500
2813	despite	28148989
2814	strength	28148438
2815	guaranteed	28133582
2816	turkey	28112986
2817	libraries	28103816
2818	proper	28099582
2819	distributed	28094905
2820	degrees	28091266
2821	singapore	28089227
2822	enterprises	28076874
2823	delta	28051872
2824	fear	28042145
2825	seeking	28023068
2826	inches	28018680
2827	phoenix	28018518
2828	rs	28000422
2829	convention	27972282
2830	shares	27971096
2831	principal	27964123
2832	daughter	27936967
2833	standing	27936222
2834	voyeur	27928748
2835	comfort	27920566
2836	colors	27911017
2837	wars	27898180
2838	cisco	27894293
2839	ordering	27856930
2840	kept	27838368
2841	alpha	27832836
2842	appeal	27829479
2843	cruise	27827938
2844	bonus	27819488
2845	certification	27708503
2846	previously	27698634
2847	hey	27665343
2848	bookmark	27665146
2849	buildings	27623076
2850	specials	27620523
2851	beat	27616668
2852	disney	27557762
2853	household	27556777
2854	batteries	27541890
2855	adobe	27538755
2856	smoking	27526627
2857	bbc	27469485
2858	becomes	27462477
2859	drives	27442926
2860	arms	27432921
2861	alabama	27418375
2862	tea	27406794
2863	improved	27397478
2864	trees	27378116
2865	avg	27370055
2866	achieve	27332769
2867	positions	27322185
2868	dress	27318959
2869	subscription	27310399
2870	dealer	27299846
2871	contemporary	27284246
2872	sky	27281333
2873	utah	27270743
2874	nearby	27263100
2875	rom	27234302
2876	carried	27222494
2877	happen	27207887
2878	exposure	27204624
2879	panasonic	27173123
2880	hide	27157035
2881	permalink	27148418
2882	signature	27140993
2883	gambling	27118635
2884	refer	27099706
2885	miller	27092856
2886	provision	27091944
2887	outdoors	27060521
2888	clothes	27037465
2889	caused	27036899
2890	luxury	27020617
2891	babes	27016030
2892	frames	27007332
2893	viagra	26999671
2894	certainly	26984060
2895	indeed	26943016
2896	newspaper	26933746
2897	toy	26924831
2898	circuit	26917865
2899	layer	26912270
2900	printed	26887551
2901	slow	26870240
2902	removal	26864040
2903	easier	26857423
2904	src	26854451
2905	liability	26837967
2906	trademark	26835205
2907	hip	26826008
2908	printers	26821453
2909	faqs	26812968
2910	nine	26807668
2911	adding	26797775
2912	kentucky	26783017
2913	mostly	26774406
2914	eric	26767316
2915	spot	26750929
2916	taylor	26736684
2917	trackback	26734043
2918	prints	26721934
2919	spend	26713310
2920	factory	26708317
2921	interior	26708143
2922	revised	26702355
2923	grow	26701492
2924	americans	26666908
2925	optical	26665491
2926	promotion	26651461
2927	relative	26646324
2928	amazing	26630190
2929	clock	26624872
2930	dot	26590624
2931	hiv	26575486
2932	identity	26573512
2933	suites	26558524
2934	conversion	26551803
2935	feeling	26546473
2936	hidden	26526402
2937	reasonable	26526175
2938	victoria	26515985
2939	serial	26488381
2940	relief	26483302
2941	revision	26482328
2942	broadband	26476075
2943	influence	26460675
2944	ratio	26457942
2945	pda	26454587
2946	importance	26451992
2947	rain	26419979
2948	onto	26411439
2949	dsl	26407952
2950	planet	26405032
2951	webmaster	26382498
2952	copies	26369992
2953	recipe	26355769
2954	zum	26349274
2955	permit	26339544
2956	seeing	26322092
2957	proof	26305059
2958	dna	26290902
2959	diff	26283641
2960	tennis	26272328
2961	bass	26249677
2962	prescription	26233858
2963	bedroom	26229848
2964	empty	26206017
2965	instance	26204516
2966	hole	26199070
2967	pets	26153751
2968	ride	26153004
2969	licensed	26151610
2970	orlando	26117729
2971	specifically	26114063
2972	tim	26111466
2973	bureau	26110155
2974	maine	26049821
2975	sql	26047194
2976	represent	26038983
2977	conservation	26038344
2978	pair	26036703
2979	ideal	26036289
2980	specs	26029159
2981	recorded	26018548
2982	don	26003672
2983	pieces	26000545
2984	finished	25994841
2985	parks	25974927
2986	dinner	25974858
2987	lawyers	25959552
2988	sydney	25945245
2989	stress	25899885
2990	cream	25898758
2991	ss	25895791
2992	runs	25881512
2993	trends	25879894
2994	yeah	25858426
2995	discover	25852541
2996	sexo	25849932
2997	ap	25843002
2998	patterns	25809816
2999	boxes	25787744
3000	louisiana	25779604
3001	hills	25770218
3002	javascript	25766226
3003	fourth	25763406
3004	nm	25750788
3005	advisor	25719984
3006	mn	25715757
3007	marketplace	25710584
3008	nd	25707693
3009	evil	25704669
3010	aware	25700328
3011	wilson	25698434
3012	shape	25675227
3013	evolution	25667092
3014	irish	25658075
3015	certificates	25635619
3016	objectives	25630605
3017	stations	25600569
3018	suggested	25574902
3019	gps	25572809
3020	op	25572791
3021	remains	25560925
3022	acc	25554700
3023	greatest	25547808
3024	firms	25497302
3025	concerned	25490395
3026	euro	25474573
3027	operator	25471127
3028	structures	25465091
3029	generic	25464768
3030	encyclopedia	25451297
3031	usage	25440406
3032	cap	25436218
3033	ink	25435469
3034	charts	25433147
3035	continuing	25429464
3036	mixed	25395056
3037	census	25385152
3038	interracial	25379892
3039	peak	25379630
3040	tn	25378331
3041	competitive	25352330
3042	exist	25349128
3043	wheel	25342937
3044	transit	25331545
3045	dick	25327691
3046	suppliers	25324458
3047	salt	25320518
3048	compact	25317344
3049	poetry	25311298
3050	lights	25301005
3051	tracking	25294352
3052	angel	25294123
3053	bell	25283918
3054	keeping	25280309
3055	preparation	25268975
3056	attempt	25251906
3057	receiving	25243472
3058	matches	25196889
3059	accordance	25194680
3060	width	25182453
3061	noise	25171520
3062	engines	25166589
3063	forget	25162411
3064	array	25150016
3065	discussed	25146245
3066	accurate	25144477
3067	stephen	25139312
3068	elizabeth	25128258
3069	climate	25096136
3070	reservations	25091131
3071	pin	25080458
3072	playstation	25073147
3073	alcohol	25061615
3074	greek	25059132
3075	instruction	25055716
3076	managing	25054421
3077	annotation	25046812
3078	sister	25039506
3079	raw	25014172
3080	differences	25000614
3081	walking	24986228
3082	explain	24983915
3083	smaller	24982548
3084	newest	24970551
3085	establish	24965292
3086	gnu	24956702
3087	happened	24951096
3088	expressed	24944268
3089	jeff	24923108
3090	extent	24917355
3091	sharp	24904199
3092	lesbians	24903277
3093	ben	24884330
3094	lane	24880931
3095	paragraph	24855495
3096	kill	24850951
3097	mathematics	24809371
3098	aol	24798471
3099	compensation	24789716
3100	ce	24775497
3101	export	24762260
3102	managers	24756816
3103	aircraft	24745739
3104	modules	24737533
3105	sweden	24717337
3106	conflict	24709103
3107	conducted	24705091
3108	versions	24705033
3109	employer	24681017
3110	occur	24679212
3111	percentage	24669212
3112	knows	24640096
3113	mississippi	24629063
3114	describe	24616555
3115	concern	24611878
3116	backup	24603738
3117	requested	24572908
3118	citizens	24566687
3119	connecticut	24561468
3120	heritage	24558644
3121	personals	24544854
3122	immediate	24530419
3123	holding	24523968
3124	trouble	24521102
3125	spread	24520573
3126	coach	24514961
3127	kevin	24511652
3128	agricultural	24509113
3129	expand	24483262
3130	supporting	24481347
3131	audience	24472658
3132	assigned	24443469
3133	jordan	24441266
3134	collections	24438396
3135	ages	24435858
3136	participate	24430552
3137	plug	24429832
3138	specialist	24419338
3139	cook	24412080
3140	affect	24406141
3141	virgin	24406134
3142	experienced	24404214
3143	investigation	24399851
3144	raised	24397948
3145	hat	24383742
3146	institution	24373421
3147	directed	24347062
3148	dealers	24342319
3149	searching	24320613
3150	sporting	24320042
3151	helping	24319316
3152	perl	24308268
3153	affected	24301370
3154	lib	24291030
3155	bike	24286396
3156	totally	24276857
3157	plate	24275560
3158	expenses	24251012
3159	indicate	24232402
3160	blonde	24231993
3161	ab	24218038
3162	proceedings	24214333
3163	favourite	24206461
3164	transmission	24204527
3165	anderson	24194712
3166	utc	24175406
3167	characteristics	24168882
3168	der	24152797
3169	lose	24136984
3170	organic	24136036
3171	seek	24135344
3172	experiences	24128488
3173	albums	24121031
3174	cheats	24106832
3175	extremely	24102186
3176	verzeichnis	24102075
3177	contracts	24095623
3178	guests	24082514
3179	hosted	24074706
3180	diseases	24063325
3181	concerning	24060603
3182	developers	24060421
3183	equivalent	24050668
3184	chemistry	24049713
3185	tony	24047635
3186	neighborhood	24047400
3187	nevada	24043648
3188	kits	24034484
3189	thailand	24031935
3190	variables	24020805
3191	agenda	24005891
3192	anyway	24005157
3193	continues	24003655
3194	tracks	24002303
3195	advisory	24000526
3196	cam	23995601
3197	curriculum	23992488
3198	logic	23989892
3199	template	23980628
3200	prince	23975036
3201	circle	23962760
3202	soil	23949346
3203	grants	23947774
3204	anywhere	23947583
3205	psychology	23936050
3206	responses	23920387
3207	atlantic	23920018
3208	wet	23918294
3209	circumstances	23915696
3210	edward	23900979
3211	investor	23891261
3212	identification	23879859
3213	ram	23864106
3214	leaving	23848479
3215	wildlife	23847419
3216	appliances	23847029
3217	matt	23843367
3218	elementary	23834221
3219	cooking	23831058
3220	speaking	23813045
3221	sponsors	23800242
3222	fox	23795336
3223	unlimited	23794930
3224	respond	23761645
3225	sizes	23751367
3226	plain	23747230
3227	exit	23738883
3228	entered	23727218
3229	iran	23724874
3230	arm	23724057
3231	keys	23716024
3232	launch	23714910
3233	wave	23713001
3234	checking	23708784
3235	costa	23702154
3236	belgium	23698217
3237	printable	23688775
3238	holy	23688276
3239	acts	23687645
3240	guidance	23681851
3241	mesh	23650447
3242	trail	23648838
3243	enforcement	23638612
3244	symbol	23631465
3245	crafts	23627152
3246	highway	23623260
3247	buddy	23611087
3248	hardcover	23596258
3249	observed	23595635
3250	dean	23583773
3251	setup	23534848
3252	poll	23522790
3253	booking	23522206
3254	glossary	23506998
3255	fiscal	23506040
3256	celebrity	23500942
3257	styles	23491617
3258	denver	23464662
3259	unix	23461474
3260	filled	23448324
3261	bond	23448169
3262	channels	23426176
3263	ericsson	23419855
3264	appendix	23395734
3265	notify	23388787
3266	blues	23387172
3267	chocolate	23379199
3268	pub	23372365
3269	portion	23356612
3270	scope	23349420
3271	hampshire	23342329
3272	supplier	23337437
3273	cables	23311631
3274	cotton	23279423
3275	bluetooth	23268426
3276	controlled	23265403
3277	requirement	23258004
3278	authorities	23252750
3279	biology	23245252
3280	dental	23240707
3281	killed	23240536
3282	border	23234399
3283	ancient	23226415
3284	debate	23211499
3285	representatives	23187953
3286	starts	23163739
3287	pregnancy	23152490
3288	causes	23150385
3289	arkansas	23135882
3290	biography	23134870
3291	leisure	23133305
3292	attractions	23129051
3293	learned	23121323
3294	transactions	23104294
3295	notebook	23102539
3296	explorer	23095103
3297	historic	23081656
3298	attached	23079894
3299	opened	23076347
3300	tm	23069293
3301	husband	23064889
3302	disabled	23056120
3303	authorized	23045176
3304	crazy	23032837
3305	upcoming	23031383
3306	britain	23030983
3307	concert	23023737
3308	retirement	23018726
3309	scores	23018016
3310	financing	23013544
3311	efficiency	23005937
3312	sp	23003713
3313	comedy	22993280
3314	adopted	22972983
3315	efficient	22963685
3316	weblog	22961283
3317	linear	22944812
3318	commitment	22937360
3319	specialty	22932109
3320	bears	22926868
3321	jean	22925412
3322	hop	22924925
3323	carrier	22919197
3324	edited	22917163
3325	constant	22910883
3326	visa	22903835
3327	mouth	22880351
3328	jewish	22875236
3329	meter	22874915
3330	linked	22873620
3331	portland	22846763
3332	interviews	22841603
3333	concepts	22840348
3334	nh	22837222
3335	gun	22834049
3336	reflect	22829406
3337	pure	22826920
3338	deliver	22807066
3339	wonder	22806353
3340	hell	22791884
3341	lessons	22779035
3342	fruit	22767191
3343	begins	22759868
3344	qualified	22754976
3345	reform	22751438
3346	lens	22737367
3347	alerts	22720439
3348	treated	22718161
3349	discovery	22709821
3350	draw	22705371
3351	mysql	22703527
3352	classified	22697689
3353	relating	22696778
3354	assume	22679395
3355	confidence	22674777
3356	alliance	22666723
3357	fm	22665700
3358	confirm	22651501
3359	warm	22645772
3360	neither	22640226
3361	lewis	22640158
3362	howard	22626828
3363	offline	22617007
3364	leaves	22612463
3365	engineer	22607580
3366	lifestyle	22607485
3367	consistent	22600601
3368	replace	22592560
3369	clearance	22591565
3370	connections	22575698
3371	inventory	22559583
3372	converter	22543742
3373	suck	22518606
3374	organisation	22507728
3375	babe	22489791
3376	checks	22488512
3377	reached	22485293
3378	becoming	22483164
3379	blowjob	22479544
3380	safari	22479030
3381	objective	22472623
3382	indicated	22471844
3383	sugar	22450333
3384	crew	22443877
3385	legs	22424518
3386	sam	22410798
3387	stick	22399126
3388	securities	22397133
3389	allen	22368068
3390	pdt	22362104
3391	relation	22355933
3392	enabled	22345126
3393	genre	22344091
3394	slide	22339084
3395	montana	22338359
3396	volunteer	22336881
3397	tested	22323205
3398	rear	22323038
3399	democratic	22316965
3400	enhance	22310420
3401	switzerland	22307018
3402	exact	22304937
3403	bound	22303643
3404	parameter	22300838
3405	adapter	22290799
3406	processor	22289617
3407	node	22285922
3408	formal	22274656
3409	dimensions	22257949
3410	contribute	22255117
3411	lock	22253866
3412	hockey	22252453
3413	storm	22242164
3414	micro	22219932
3415	colleges	22202424
3416	laptops	22187279
3417	mile	22178748
3418	showed	22170303
3419	challenges	22164268
3420	editors	22144072
3421	mens	22136843
3422	threads	22123285
3423	bowl	22118861
3424	supreme	22106270
3425	brothers	22101521
3426	recognition	22092586
3427	presents	22092519
3428	ref	22087203
3429	tank	22070512
3430	submission	22066279
3431	dolls	22065047
3432	estimate	22033576
3433	encourage	22019763
3434	navy	22018379
3435	kid	22011943
3436	regulatory	22011107
3437	inspection	21999457
3438	consumers	21993010
3439	cancel	21985503
3440	limits	21977149
3441	territory	21963698
3442	transaction	21962815
3443	manchester	21943382
3444	weapons	21937267
3445	paint	21926890
3446	delay	21911190
3447	pilot	21909830
3448	outlet	21890990
3449	contributions	21879064
3450	continuous	21872964
3451	db	21860146
3452	czech	21849930
3453	resulting	21843487
3454	cambridge	21835781
3455	initiative	21828838
3456	novel	21821189
3457	pan	21810838
3458	execution	21809656
3459	disability	21802396
3460	increases	21799357
3461	ultra	21795075
3462	winner	21794180
3463	idaho	21791957
3464	contractor	21783415
3465	ph	21776313
3466	episode	21772999
3467	examination	21771412
3468	potter	21763070
3469	dish	21755859
3470	plays	21753930
3471	bulletin	21741926
3472	ia	21735285
3473	pt	21722139
3474	indicates	21718552
3475	modify	21716962
3476	oxford	21694927
3477	adam	21694386
3478	truly	21693553
3479	epinions	21682171
3480	painting	21673638
3481	committed	21662572
3482	extensive	21654082
3483	affordable	21650006
3484	universe	21643935
3485	candidate	21635540
3486	databases	21617803
3487	patent	21612969
3488	slot	21602762
3489	psp	21591313
3490	outstanding	21578895
3491	ha	21577216
3492	eating	21565444
3493	perspective	21553761
3494	planned	21546767
3495	watching	21543474
3496	lodge	21541130
3497	messenger	21540177
3498	mirror	21539161
3499	tournament	21538542
3500	consideration	21533734
3501	ds	21532272
3502	discounts	21528542
3503	sterling	21518500
3504	sessions	21505885
3505	kernel	21477662
3506	boobs	21461250
3507	stocks	21451319
3508	buyers	21450595
3509	journals	21443275
3510	gray	21424658
3511	catalogue	21424300
3512	ea	21419982
3513	jennifer	21402386
3514	antonio	21388530
3515	charged	21377577
3516	broad	21370126
3517	taiwan	21364111
3518	und	21348520
3519	chosen	21345654
3520	demo	21344258
3521	greece	21329720
3522	lg	21327926
3523	swiss	21324437
3524	sarah	21321998
3525	clark	21305891
3526	labour	21288089
3527	hate	21274675
3528	terminal	21273172
3529	publishers	21264743
3530	nights	21258662
3531	behalf	21247820
3532	caribbean	21245213
3533	liquid	21222253
3534	rice	21184648
3535	nebraska	21172763
3536	loop	21172360
3537	salary	21156261
3538	reservation	21150948
3539	foods	21150689
3540	gourmet	21148895
3541	guard	21137924
3542	properly	21137573
3543	orleans	21126048
3544	saving	21120835
3545	nfl	21120518
3546	remaining	21111544
3547	empire	21111416
3548	resume	21107737
3549	twenty	21104413
3550	newly	21102330
3551	raise	21099943
3552	prepare	21088422
3553	avatar	21069571
3554	gary	21068408
3555	depending	21054967
3556	illegal	21046606
3557	expansion	21036273
3558	vary	21031266
3559	hundreds	21028505
3560	rome	21023186
3561	arab	21018675
3562	lincoln	21010742
3563	helped	21000656
3564	premier	20990322
3565	tomorrow	20976724
3566	purchased	20961092
3567	milk	20955909
3568	decide	20950675
3569	consent	20943616
3570	drama	20939845
3571	visiting	20913930
3572	performing	20907433
3573	downtown	20904189
3574	keyboard	20886053
3575	contest	20857011
3576	collected	20848162
3577	nw	20843736
3578	bands	20842378
3579	boot	20824944
3580	suitable	20824374
3581	ff	20816662
3582	absolutely	20816571
3583	millions	20807908
3584	lunch	20807419
3585	dildo	20789655
3586	audit	20786243
3587	push	20775147
3588	chamber	20769668
3589	guinea	20757599
3590	findings	20757470
3591	muscle	20752802
3592	featuring	20737262
3593	iso	20728145
3594	implement	20723680
3595	clicking	20719323
3596	scheduled	20699522
3597	polls	20694349
3598	typical	20693008
3599	tower	20686918
3600	yours	20672809
3601	sum	20672326
3602	misc	20667432
3603	calculator	20664690
3604	significantly	20660846
3605	chicken	20655046
3606	temporary	20652475
3607	attend	20639654
3608	shower	20638340
3609	alan	20629981
3610	sending	20622624
3611	jason	20616747
3612	tonight	20612955
3613	dear	20608432
3614	sufficient	20605030
3615	holdem	20603157
3616	shell	20599318
3617	province	20587924
3618	catholic	20578959
3619	oak	20577693
3620	vat	20551018
3621	awareness	20531095
3622	vancouver	20501421
3623	governor	20494068
3624	beer	20486707
3625	seemed	20472519
3626	contribution	20468734
3627	measurement	20463095
3628	swimming	20456063
3629	spyware	20444838
3630	formula	20434177
3631	constitution	20433489
3632	packaging	20427866
3633	solar	20423792
3634	jose	20422802
3635	catch	20400979
3636	jane	20400852
3637	pakistan	20374059
3638	ps	20356304
3639	reliable	20351804
3640	consultation	20345250
3641	northwest	20337289
3642	sir	20336105
3643	doubt	20311261
3644	earn	20305486
3645	finder	20303313
3646	unable	20295595
3647	periods	20292357
3648	classroom	20274797
3649	tasks	20273373
3650	democracy	20255935
3651	attacks	20251567
3652	kim	20251249
3653	wallpaper	20243780
3654	merchandise	20241873
3655	const	20236664
3656	resistance	20233262
3657	doors	20229491
3658	symptoms	20222172
3659	resorts	20217144
3660	biggest	20195396
3661	memorial	20161664
3662	visitor	20158930
3663	twin	20149771
3664	forth	20149609
3665	insert	20140772
3666	baltimore	20128328
3667	gateway	20123135
3668	ky	20104754
3669	dont	20071832
3670	alumni	20070485
3671	drawing	20067264
3672	candidates	20063868
3673	charlotte	20061169
3674	ordered	20046781
3675	biological	20043500
3676	fighting	20036994
3677	transition	20032306
3678	happens	20031363
3679	preferences	20025318
3680	spy	20024908
3681	romance	20020088
3682	instrument	20003254
3683	bruce	19999866
3684	split	19998411
3685	themes	19974388
3686	powers	19973868
3687	heaven	19969634
3688	br	19967415
3689	bits	19947239
3690	pregnant	19945624
3691	twice	19945569
3692	classification	19930633
3693	focused	19929357
3694	egypt	19926686
3695	physician	19926088
3696	hollywood	19919000
3697	bargain	19912730
3698	wikipedia	19912702
3699	cellular	19906433
3700	norway	19902766
3701	vermont	19895227
3702	asking	19887691
3703	blocks	19884255
3704	normally	19883839
3705	lo	19862252
3706	spiritual	19850597
3707	hunting	19830577
3708	diabetes	19825438
3709	suit	19820586
3710	ml	19814809
3711	shift	19811555
3712	chip	19810772
3713	res	19797705
3714	sit	19797379
3715	bodies	19791471
3716	photographs	19786316
3717	cutting	19780364
3718	wow	19778779
3719	simon	19757457
3720	writers	19752033
3721	marks	19747824
3722	flexible	19729430
3723	loved	19719299
3724	favourites	19713139
3725	mapping	19709941
3726	numerous	19705123
3727	relatively	19693917
3728	birds	19693729
3729	satisfaction	19684544
3730	represents	19682589
3731	char	19673918
3732	indexed	19672520
3733	pittsburgh	19654781
3734	superior	19647999
3735	preferred	19640247
3736	saved	19635976
3737	paying	19621495
3738	cartoon	19615945
3739	shots	19611119
3740	intellectual	19591717
3741	moore	19585613
3742	granted	19576234
3743	choices	19552069
3744	carbon	19551891
3745	spending	19521910
3746	comfortable	19520487
3747	magnetic	19516958
3748	interaction	19515376
3749	listening	19511935
3750	effectively	19507811
3751	registry	19501434
3752	crisis	19470970
3753	outlook	19458910
3754	massive	19454740
3755	denmark	19454118
3756	employed	19450139
3757	bright	19446368
3758	treat	19442315
3759	header	19439961
3760	cs	19432573
3761	poverty	19430836
3762	formed	19429976
3763	piano	19419956
3764	echo	19410462
3765	que	19386477
3766	grid	19386406
3767	sheets	19384447
3768	patrick	19384046
3769	experimental	19364822
3770	puerto	19353145
3771	revolution	19349788
3772	consolidation	19338827
3773	displays	19333113
3774	plasma	19332271
3775	allowing	19319626
3776	earnings	19286666
3777	voip	19284544
3778	mystery	19280044
3779	landscape	19271452
3780	dependent	19261238
3781	mechanical	19250300
3782	journey	19236081
3783	delaware	19226311
3784	bidding	19223538
3785	consultants	19217318
3786	risks	19205769
3787	banner	19200368
3788	applicant	19198316
3789	charter	19192148
3790	fig	19191343
3791	barbara	19188215
3792	cooperation	19182847
3793	counties	19178768
3794	acquisition	19174010
3795	ports	19171802
3796	implemented	19164127
3797	sf	19162406
3798	directories	19152522
3799	recognized	19142613
3800	dreams	19138612
3801	blogger	19137148
3802	notification	19120218
3803	kg	19097420
3804	licensing	19094731
3805	stands	19090611
3806	teach	19079783
3807	occurred	19073806
3808	textbooks	19071639
3809	rapid	19070672
3810	pull	19061871
3811	hairy	19060619
3812	diversity	19048481
3813	cleveland	19041185
3814	ut	19039754
3815	reverse	19032783
3816	deposit	19026524
3817	seminar	19021971
3818	investments	19015441
3819	latina	19013623
3820	nasa	19009670
3821	wheels	19006976
3822	sexcam	19005574
3823	specify	19002536
3824	accessibility	19002278
3825	dutch	19000979
3826	sensitive	18984710
3827	templates	18984357
3828	formats	18983382
3829	tab	18977951
3830	depends	18969978
3831	boots	18968708
3832	holds	18963546
3833	router	18959289
3834	concrete	18948140
3835	si	18944942
3836	editing	18942899
3837	poland	18942734
3838	folder	18941479
3839	womens	18930317
3840	css	18910188
3841	completion	18906369
3842	upload	18904189
3843	pulse	18893735
3844	universities	18884161
3845	technique	18830686
3846	contractors	18830680
3847	milfhunter	18819432
3848	voting	18802108
3849	courts	18791699
3850	notices	18780271
3851	subscriptions	18779200
3852	calculate	18767840
3853	mc	18760182
3854	detroit	18751733
3855	alexander	18751215
3856	broadcast	18743293
3857	converted	18738701
3858	metro	18738665
3859	toshiba	18736700
3860	anniversary	18734145
3861	improvements	18727612
3862	strip	18711440
3863	specification	18707636
3864	pearl	18707334
3865	accident	18699760
3866	nick	18698980
3867	accessible	18695403
3868	accessory	18694578
3869	resident	18689929
3870	plot	18683404
3871	qty	18679423
3872	possibly	18672516
3873	airline	18665709
3874	typically	18662924
3875	representation	18650172
3876	regard	18645277
3877	pump	18643932
3878	exists	18638064
3879	arrangements	18634535
3880	smooth	18633567
3881	conferences	18624807
3882	uniprotkb	18623096
3883	beastiality	18622054
3884	strike	18621050
3885	consumption	18620599
3886	birmingham	18611752
3887	flashing	18595842
3888	lp	18590726
3889	narrow	18584380
3890	afternoon	18564567
3891	threat	18546277
3892	surveys	18525332
3893	sitting	18524885
3894	putting	18519708
3895	consultant	18517590
3896	controller	18513560
3897	ownership	18509572
3898	committees	18497349
3899	penis	18478169
3900	legislative	18476534
3901	researchers	18470404
3902	vietnam	18468046
3903	trailer	18462738
3904	anne	18459430
3905	castle	18456906
3906	gardens	18454805
3907	missed	18451052
3908	malaysia	18443192
3909	unsubscribe	18441393
3910	antique	18430306
3911	labels	18427423
3912	willing	18418634
3913	bio	18409348
3914	molecular	18409158
3915	upskirt	18409109
3916	acting	18407646
3917	heads	18400524
3918	stored	18391852
3919	exam	18367837
3920	logos	18366230
3921	residence	18363183
3922	attorneys	18359626
3923	milfs	18358745
3924	antiques	18348484
3925	density	18346206
3926	hundred	18339491
3927	ryan	18338623
3928	operators	18330183
3929	strange	18322738
3930	sustainable	18313216
3931	philippines	18310463
3932	statistical	18306995
3933	beds	18301294
3934	breasts	18292455
3935	mention	18291476
3936	innovation	18281662
3937	pcs	18280912
3938	employers	18278335
3939	grey	18276942
3940	parallel	18272352
3941	honda	18261029
3942	amended	18250351
3943	operate	18249982
3944	bills	18248816
3945	bold	18244416
3946	bathroom	18235238
3947	stable	18225829
3948	opera	18225169
3949	definitions	18216711
3950	von	18214911
3951	doctors	18212611
3952	lesson	18181371
3953	cinema	18179389
3954	asset	18178753
3955	ag	18177532
3956	scan	18173060
3957	elections	18166926
3958	drinking	18160233
3959	blowjobs	18154882
3960	reaction	18153532
3961	blank	18150537
3962	enhanced	18142340
3963	entitled	18140595
3964	severe	18137877
3965	generate	18137492
3966	stainless	18133474
3967	newspapers	18120268
3968	hospitals	18114421
3969	vi	18087881
3970	deluxe	18085596
3971	humor	18085495
3972	aged	18057587
3973	monitors	18056760
3974	exception	18051815
3975	lived	18050710
3976	duration	18048878
3977	bulk	18029501
3978	successfully	18026184
3979	indonesia	18010087
3980	pursuant	18004879
3981	sci	17997395
3982	fabric	17992206
3983	edt	17988268
3984	visits	17988054
3985	primarily	17984549
3986	tight	17981854
3987	domains	17981289
3988	capabilities	17973932
3989	pmid	17966065
3990	contrast	17955786
3991	recommendation	17950913
3992	flying	17948471
3993	recruitment	17941595
3994	sin	17939608
3995	berlin	17932276
3996	cute	17912721
3997	organized	17902700
3998	ba	17893080
3999	para	17864371
4000	siemens	17861664
4001	adoption	17860735
4002	improving	17855962
4003	cr	17854445
4004	expensive	17840023
4005	meant	17832930
4006	capture	17822857
4007	pounds	17822372
4008	buffalo	17808542
4009	organisations	17802139
4010	plane	17799728
4011	pg	17796113
4012	explained	17793559
4013	seed	17788166
4014	programmes	17785167
4015	desire	17783181
4016	expertise	17781054
4017	mechanism	17771611
4018	camping	17770402
4019	ee	17763784
4020	jewellery	17763741
4021	meets	17760399
4022	welfare	17755487
4023	peer	17754444
4024	caught	17749748
4025	eventually	17731742
4026	marked	17723745
4027	driven	17723706
4028	measured	17721173
4029	medline	17716997
4030	bottle	17716382
4031	agreements	17708817
4032	considering	17699280
4033	innovative	17689336
4034	marshall	17684438
4035	massage	17684309
4036	rubber	17684157
4037	conclusion	17670602
4038	closing	17657510
4039	tampa	17654589
4040	thousand	17654340
4041	meat	17652296
4042	legend	17650063
4043	grace	17642126
4044	susan	17638870
4045	ing	17637606
4046	ks	17622043
4047	adams	17620255
4048	python	17610578
4049	monster	17605148
4050	alex	17604510
4051	bang	17596497
4052	villa	17587586
4053	bone	17581312
4054	columns	17578802
4055	disorders	17576543
4056	bugs	17572986
4057	collaboration	17567373
4058	hamilton	17563405
4059	detection	17559678
4060	ftp	17559676
4061	cookies	17553631
4062	inner	17552078
4063	formation	17548170
4064	tutorial	17531144
4065	med	17531004
4066	engineers	17524896
4067	entity	17518021
4068	cruises	17517416
4069	gate	17501142
4070	holder	17489966
4071	proposals	17489014
4072	moderator	17488245
4073	sw	17482224
4074	tutorials	17479295
4075	settlement	17476171
4076	portugal	17468888
4077	lawrence	17458216
4078	roman	17431193
4079	duties	17430678
4080	valuable	17430646
4081	erotic	17422865
4082	tone	17397122
4083	collectables	17382903
4084	ethics	17382309
4085	forever	17381863
4086	dragon	17377430
4087	busy	17376500
4088	captain	17372103
4089	fantastic	17371421
4090	imagine	17364670
4091	brings	17364336
4092	heating	17363382
4093	leg	17356748
4094	neck	17354931
4095	hd	17350024
4096	wing	17347644
4097	governments	17347302
4098	purchasing	17338242
4099	scripts	17336418
4100	abc	17320550
4101	stereo	17319174
4102	appointed	17314729
4103	taste	17311343
4104	dealing	17303748
4105	commit	17298630
4106	tiny	17298541
4107	operational	17293992
4108	rail	17293553
4109	airlines	17293401
4110	liberal	17293223
4111	livecam	17291659
4112	jay	17285391
4113	trips	17273017
4114	gap	17269901
4115	sides	17269191
4116	tube	17268711
4117	turns	17261850
4118	corresponding	17260560
4119	descriptions	17257437
4120	cache	17250923
4121	belt	17247395
4122	jacket	17246004
4123	determination	17237730
4124	animation	17219873
4125	oracle	17214156
4126	er	17212593
4127	matthew	17191978
4128	lease	17180592
4129	productions	17176271
4130	aviation	17175256
4131	hobbies	17174265
4132	proud	17167504
4133	excess	17149887
4134	disaster	17140948
4135	console	17121643
4136	commands	17119887
4137	jr	17113662
4138	telecommunications	17107864
4139	instructor	17098932
4140	giant	17098874
4141	achieved	17086330
4142	injuries	17080287
4143	shipped	17079988
4144	bestiality	17071825
4145	seats	17070818
4146	approaches	17069146
4147	biz	17067959
4148	alarm	17059844
4149	voltage	17055596
4150	anthony	17055578
4151	nintendo	17052377
4152	usual	17044981
4153	loading	17040941
4154	stamps	17036451
4155	appeared	17034917
4156	franklin	17034376
4157	angle	17016075
4158	rob	17016018
4159	vinyl	17009819
4160	highlights	17000297
4161	mining	16995862
4162	designers	16990742
4163	melbourne	16989252
4164	ongoing	16983414
4165	worst	16975343
4166	imaging	16960525
4167	betting	16959164
4168	scientists	16955155
4169	liberty	16946409
4170	wyoming	16943168
4171	blackjack	16938386
4172	argentina	16936066
4173	era	16930615
4174	convert	16927032
4175	possibility	16926005
4176	analyst	16918240
4177	commissioner	16917046
4178	dangerous	16909821
4179	garage	16906398
4180	exciting	16900145
4181	reliability	16899024
4182	thongs	16877259
4183	gcc	16872393
4184	unfortunately	16863887
4185	respectively	16844502
4186	volunteers	16839779
4187	attachment	16827338
4188	ringtone	16822148
4189	finland	16811299
4190	morgan	16806411
4191	derived	16804532
4192	pleasure	16798232
4193	honor	16787246
4194	asp	16785885
4195	oriented	16785804
4196	eagle	16785232
4197	desktops	16782911
4198	pants	16774383
4199	columbus	16772509
4200	nurse	16772151
4201	prayer	16762869
4202	appointment	16761764
4203	workshops	16759938
4204	hurricane	16757015
4205	quiet	16746894
4206	luck	16734573
4207	postage	16732135
4208	producer	16730305
4209	represented	16721698
4210	mortgages	16715270
4211	dial	16714262
4212	responsibilities	16707292
4213	cheese	16704436
4214	comic	16695850
4215	carefully	16675728
4216	jet	16673750
4217	productivity	16669964
4218	investors	16666503
4219	crown	16651038
4220	par	16646884
4221	underground	16642137
4222	diagnosis	16638749
4223	maker	16635947
4224	crack	16633701
4225	principle	16633530
4226	picks	16627992
4227	vacations	16623634
4228	gang	16615190
4229	semester	16610313
4230	calculated	16609500
4231	cumshot	16597227
4232	fetish	16596412
4233	applies	16585215
4234	casinos	16580634
4235	appearance	16574606
4236	smoke	16567733
4237	apache	16553370
4238	filters	16541561
4239	incorporated	16533500
4240	nv	16528965
4241	craft	16528294
4242	cake	16526639
4243	notebooks	16520640
4244	apart	16507181
4245	fellow	16497466
4246	blind	16485480
4247	lounge	16473584
4248	mad	16468434
4249	algorithm	16455284
4250	semi	16450653
4251	coins	16449733
4252	andy	16447205
4253	gross	16440590
4254	strongly	16433047
4255	cafe	16432897
4256	valentine	16424029
4257	hilton	16418219
4258	ken	16418119
4259	proteins	16404833
4260	horror	16402727
4261	su	16399691
4262	exp	16394663
4263	familiar	16390724
4264	capable	16380415
4265	douglas	16379501
4266	debian	16376907
4267	till	16376756
4268	involving	16376298
4269	pen	16371249
4270	investing	16370898
4271	christopher	16359030
4272	admission	16356727
4273	epson	16344475
4274	shoe	16342426
4275	elected	16330663
4276	carrying	16328349
4277	victory	16328207
4278	sand	16327687
4279	madison	16320930
4280	terrorism	16319906
4281	joy	16317856
4282	editions	16310699
4283	cpu	16304338
4284	mainly	16297110
4285	ethnic	16295682
4286	ran	16291429
4287	parliament	16290285
4288	actor	16282891
4289	finds	16280898
4290	seal	16274039
4291	situations	16270907
4292	fifth	16255266
4293	allocated	16246437
4294	citizen	16245917
4295	vertical	16229818
4296	corrections	16226542
4297	structural	16226259
4298	municipal	16208818
4299	describes	16206006
4300	prize	16204739
4301	sr	16203551
4302	occurs	16200452
4303	jon	16198666
4304	absolute	16198563
4305	disabilities	16198516
4306	consists	16197547
4307	anytime	16192486
4308	substance	16186870
4309	prohibited	16185593
4310	addressed	16180738
4311	lies	16180314
4312	pipe	16178319
4313	soldiers	16175690
4314	nr	16167942
4315	guardian	16167871
4316	lecture	16166157
4317	simulation	16164825
4318	layout	16159559
4319	initiatives	16147630
4320	ill	16143967
4321	concentration	16134918
4322	classics	16132917
4323	lbs	16128161
4324	lay	16122690
4325	interpretation	16105115
4326	horses	16104943
4327	lol	16103269
4328	dirty	16101662
4329	deck	16091024
4330	wayne	16090093
4331	donate	16088860
4332	taught	16082512
4333	bankruptcy	16075117
4334	mp	16074367
4335	worker	16072941
4336	optimization	16067890
4337	alive	16064787
4338	temple	16052337
4339	substances	16048111
4340	prove	16046788
4341	discovered	16046554
4342	wings	16044458
4343	breaks	16043012
4344	genetic	16036749
4345	restrictions	16033947
4346	participating	16019942
4347	waters	16019652
4348	promise	16019259
4349	thin	16007743
4350	exhibition	16007404
4351	prefer	16005656
4352	ridge	15993437
4353	cabinet	15989585
4354	modem	15984492
4355	harris	15977621
4356	mph	15975134
4357	bringing	15970507
4358	sick	15965297
4359	dose	15959187
4360	evaluate	15957355
4361	tiffany	15947875
4362	tropical	15944693
4363	collect	15943314
4364	bet	15943118
4365	composition	15940860
4366	toyota	15937777
4367	streets	15936448
4368	nationwide	15932624
4369	vector	15924418
4370	definitely	15922257
4371	shaved	15913301
4372	turning	15907811
4373	buffer	15904074
4374	purple	15903838
4375	existence	15903650
4376	commentary	15903623
4377	larry	15900632
4378	limousines	15896017
4379	developments	15890766
4380	def	15888408
4381	immigration	15879176
4382	destinations	15877446
4383	lets	15876825
4384	mutual	15870882
4385	pipeline	15869328
4386	necessarily	15867816
4387	syntax	15843797
4388	li	15843713
4389	attribute	15839012
4390	prison	15837188
4391	skill	15835076
4392	chairs	15833070
4393	nl	15830230
4394	everyday	15820001
4395	apparently	15815805
4396	surrounding	15800079
4397	mountains	15790868
4398	moves	15789001
4399	popularity	15785972
4400	inquiry	15783409
4401	ethernet	15783362
4402	checked	15762226
4403	exhibit	15756535
4404	throw	15751985
4405	trend	15747018
4406	sierra	15742544
4407	visible	15741542
4408	cats	15735084
4409	desert	15732752
4410	postposted	15722718
4411	ya	15718531
4412	oldest	15717579
4413	rhode	15717565
4414	nba	15714432
4415	busty	15705827
4416	coordinator	15702834
4417	obviously	15702193
4418	mercury	15697468
4419	steven	15696875
4420	handbook	15687517
4421	greg	15681408
4422	navigate	15678579
4423	worse	15677739
4424	summit	15676832
4425	victims	15672487
4426	epa	15664730
4427	spaces	15660073
4428	fundamental	15644603
4429	burning	15637551
4430	escape	15631531
4431	coupons	15627914
4432	somewhat	15620893
4433	receiver	15617699
4434	substantial	15617578
4435	tr	15614045
4436	progressive	15612754
4437	cialis	15610754
4438	bb	15607299
4439	boats	15600762
4440	glance	15569554
4441	scottish	15566389
4442	championship	15559558
4443	arcade	15549676
4444	richmond	15546998
4445	sacramento	15546396
4446	impossible	15545255
4447	ron	15544519
4448	russell	15535983
4449	tells	15534490
4450	obvious	15533662
4451	fiber	15530318
4452	depression	15527836
4453	graph	15526746
4454	covering	15524533
4455	platinum	15499095
4456	judgment	15494434
4457	bedrooms	15492873
4458	talks	15484166
4459	filing	15480156
4460	foster	15478056
4461	modeling	15474514
4462	passing	15467267
4463	awarded	15460775
4464	testimonials	15457627
4465	trials	15454182
4466	tissue	15448105
4467	nz	15445373
4468	memorabilia	15439034
4469	clinton	15436647
4470	masters	15434147
4471	bonds	15431252
4472	cartridge	15408708
4473	alberta	15407660
4474	explanation	15397428
4475	folk	15396094
4476	org	15392460
4477	commons	15387811
4478	cincinnati	15387448
4479	subsection	15382965
4480	fraud	15378751
4481	electricity	15377549
4482	permitted	15372818
4483	spectrum	15371128
4484	arrival	15370734
4485	okay	15368116
4486	pottery	15362084
4487	emphasis	15360894
4488	roger	15353411
4489	aspect	15351221
4490	workplace	15350829
4491	awesome	15350104
4492	mexican	15347885
4493	confirmed	15335457
4494	counts	15329536
4495	priced	15326748
4496	wallpapers	15310025
4497	hist	15307332
4498	crash	15302627
4499	lift	15291571
4500	desired	15283698
4501	inter	15269346
4502	closer	15247535
4503	assumes	15233889
4504	heights	15226748
4505	shadow	15221952
4506	riding	15211063
4507	infection	15208640
4508	firefox	15205457
4509	lisa	15203868
4510	expense	15193823
4511	grove	15189493
4512	eligibility	15188396
4513	venture	15188265
4514	clinic	15187443
4515	korean	15184402
4516	healing	15173541
4517	princess	15173384
4518	mall	15173142
4519	entering	15167200
4520	packet	15160863
4521	spray	15148133
4522	studios	15144063
4523	involvement	15140824
4524	dad	15136055
4525	buttons	15130468
4526	placement	15123965
4527	observations	15118474
4528	vbulletin	15106975
4529	funded	15102739
4530	thompson	15101054
4531	winners	15099775
4532	extend	15096022
4533	roads	15093621
4534	subsequent	15092940
4535	pat	15087654
4536	dublin	15086138
4537	rolling	15086116
4538	fell	15084108
4539	motorcycle	15081508
4540	yard	15075593
4541	disclosure	15072865
4542	establishment	15070667
4543	memories	15062682
4544	nelson	15060628
4545	te	15057406
4546	arrived	15056872
4547	creates	15051571
4548	faces	15050854
4549	tourist	15046652
4550	cocks	15043799
4551	av	15036355
4552	mayor	15030847
4553	murder	15030656
4554	sean	15027031
4555	adequate	15023940
4556	senator	15023107
4557	yield	15022494
4558	presentations	15018777
4559	grades	15013830
4560	cartoons	15005504
4561	pour	15002685
4562	digest	14996313
4563	reg	14995986
4564	lodging	14995901
4565	tion	14994458
4566	dust	14993121
4567	hence	14992334
4568	wiki	14991485
4569	entirely	14990474
4570	replaced	14987637
4571	radar	14982375
4572	rescue	14978200
4573	undergraduate	14975214
4574	losses	14973062
4575	combat	14971773
4576	reducing	14963215
4577	stopped	14956865
4578	occupation	14955527
4579	lakes	14947463
4580	butt	14942973
4581	donations	14935399
4582	associations	14933216
4583	citysearch	14930704
4584	closely	14927179
4585	radiation	14922980
4586	diary	14922472
4587	seriously	14915797
4588	kings	14914273
4589	shooting	14891626
4590	kent	14887797
4591	adds	14883328
4592	nsw	14881736
4593	ear	14872850
4594	flags	14870655
4595	pci	14864704
4596	baker	14862470
4597	launched	14862050
4598	elsewhere	14853167
4599	pollution	14853076
4600	conservative	14852075
4601	guestbook	14851514
4602	shock	14850388
4603	effectiveness	14838707
4604	walls	14837851
4605	abroad	14837382
4606	ebony	14831025
4607	tie	14830885
4608	ward	14828169
4609	drawn	14827380
4610	arthur	14825384
4611	ian	14812893
4612	visited	14810983
4613	roof	14809282
4614	walker	14808511
4615	demonstrate	14807121
4616	atmosphere	14803304
4617	suggests	14802625
4618	kiss	14790481
4619	beast	14787561
4620	ra	14786910
4621	operated	14782108
4622	experiment	14781439
4623	targets	14774632
4624	overseas	14773122
4625	purchases	14768992
4626	dodge	14768509
4627	counsel	14767437
4628	federation	14764881
4629	pizza	14763787
4630	invited	14757576
4631	yards	14733347
4632	assignment	14722710
4633	chemicals	14709395
4634	gordon	14699060
4635	mod	14698596
4636	farmers	14696457
4637	rc	14693072
4638	queries	14692020
4639	bmw	14690982
4640	rush	14684452
4641	ukraine	14682465
4642	absence	14681896
4643	nearest	14677826
4644	cluster	14673133
4645	vendors	14669722
4646	mpeg	14665516
4647	whereas	14663372
4648	yoga	14660956
4649	serves	14656807
4650	woods	14647735
4651	surprise	14644385
4652	lamp	14643268
4653	rico	14643252
4654	partial	14642158
4655	shoppers	14642145
4656	phil	14637522
4657	everybody	14634773
4658	couples	14630622
4659	nashville	14630550
4660	ranking	14624061
4661	jokes	14622894
4662	cst	14620842
4663	http	14610476
4664	ceo	14610097
4665	simpson	14608954
4666	twiki	14601448
4667	sublime	14597663
4668	counseling	14592664
4669	palace	14592259
4670	acceptable	14590887
4671	satisfied	14589394
4672	glad	14585030
4673	wins	14584511
4674	measurements	14571657
4675	verify	14563766
4676	globe	14554904
4677	trusted	14554254
4678	copper	14543941
4679	milwaukee	14539988
4680	rack	14533607
4681	medication	14530555
4682	warehouse	14530204
4683	shareware	14526022
4684	ec	14520396
4685	rep	14515807
4686	dicke	14514973
4687	kerry	14514771
4688	receipt	14513169
4689	supposed	14497557
4690	ordinary	14494084
4691	nobody	14490265
4692	ghost	14490042
4693	violation	14467817
4694	configure	14461355
4695	stability	14458903
4696	mit	14453361
4697	applying	14440499
4698	southwest	14437691
4699	boss	14436477
4700	pride	14428078
4701	institutional	14424194
4702	expectations	14423121
4703	independence	14412277
4704	knowing	14410719
4705	reporter	14400125
4706	metabolism	14391891
4707	keith	14391094
4708	champion	14388928
4709	cloudy	14383882
4710	linda	14380554
4711	ross	14375120
4712	personally	14373028
4713	chile	14372798
4714	anna	14372193
4715	plenty	14364719
4716	solo	14360216
4717	sentence	14359872
4718	throat	14353822
4719	ignore	14353555
4720	maria	14347893
4721	uniform	14345220
4722	excellence	14332723
4723	wealth	14325239
4724	tall	14323697
4725	rm	14318442
4726	somewhere	14317877
4727	vacuum	14316397
4728	dancing	14310606
4729	attributes	14300116
4730	recognize	14300000
4731	brass	14298573
4732	writes	14276954
4733	plaza	14274314
4734	pdas	14267487
4735	outcomes	14265483
4736	survival	14259073
4737	quest	14258533
4738	publish	14255645
4739	sri	14252518
4740	screening	14248830
4741	toe	14248601
4742	thumbnail	14245047
4743	trans	14243681
4744	jonathan	14235793
4745	whenever	14234378
4746	nova	14231374
4747	lifetime	14229499
4748	api	14226160
4749	pioneer	14225288
4750	booty	14218854
4751	forgotten	14214206
4752	acrobat	14213883
4753	plates	14210099
4754	acres	14208905
4755	venue	14204074
4756	athletic	14193383
4757	thermal	14186960
4758	essays	14183871
4759	behaviour	14175567
4760	vital	14166642
4761	telling	14160780
4762	fairly	14154477
4763	coastal	14153912
4764	config	14152050
4765	cf	14145612
4766	charity	14141658
4767	intelligent	14136076
4768	edinburgh	14135031
4769	vt	14134539
4770	excel	14133468
4771	modes	14131325
4772	obligation	14122636
4773	campbell	14122054
4774	wake	14120141
4775	stupid	14118370
4776	harbor	14117675
4777	hungary	14113963
4778	traveler	14109044
4779	urw	14107957
4780	segment	14101910
4781	realize	14098493
4782	regardless	14096520
4783	lan	14086211
4784	enemy	14084182
4785	puzzle	14083532
4786	rising	14079219
4787	aluminum	14077377
4788	wells	14073676
4789	wishlist	14070610
4790	opens	14070477
4791	insight	14070057
4792	sms	14066848
4793	shit	14058658
4794	restricted	14056761
4795	republican	14056260
4796	secrets	14054988
4797	lucky	14053901
4798	latter	14044005
4799	merchants	14033655
4800	thick	14030556
4801	trailers	14029478
4802	repeat	14024814
4803	syndrome	14023758
4804	philips	14023116
4805	attendance	14022851
4806	penalty	14018500
4807	drum	14015510
4808	glasses	14009815
4809	enables	14005681
4810	nec	14001999
4811	iraqi	13999381
4812	builder	13993483
4813	vista	13991160
4814	jessica	13985443
4815	chips	13982676
4816	terry	13981773
4817	flood	13979267
4818	foto	13978552
4819	ease	13974702
4820	arguments	13971547
4821	amsterdam	13969875
4822	orgy	13967728
4823	arena	13966572
4824	adventures	13966085
4825	pupils	13951572
4826	stewart	13951321
4827	announcement	13951272
4828	tabs	13950657
4829	outcome	13941550
4830	xx	13940135
4831	appreciate	13938792
4832	expanded	13932764
4833	casual	13932521
4834	grown	13931521
4835	polish	13927858
4836	lovely	13923904
4837	extras	13923870
4838	gm	13918451
4839	centres	13910645
4840	jerry	13908229
4841	clause	13906621
4842	smile	13893537
4843	lands	13891179
4844	ri	13890693
4845	troops	13879349
4846	indoor	13871917
4847	bulgaria	13868346
4848	armed	13866785
4849	broker	13865583
4850	charger	13862324
4851	regularly	13860363
4852	believed	13851733
4853	pine	13842664
4854	cooling	13842002
4855	tend	13840765
4856	gulf	13830000
4857	rt	13828683
4858	rick	13822320
4859	trucks	13809070
4860	cp	13806456
4861	mechanisms	13805561
4862	divorce	13803408
4863	laura	13801282
4864	shopper	13798030
4865	tokyo	13793165
4866	partly	13790568
4867	nikon	13789510
4868	customize	13783519
4869	tradition	13773517
4870	candy	13772033
4871	pills	13767091
4872	tiger	13763074
4873	donald	13761404
4874	folks	13760930
4875	sensor	13759334
4876	exposed	13756477
4877	telecom	13755270
4878	hunt	13752874
4879	angels	13747515
4880	deputy	13747486
4881	indicators	13737979
4882	sealed	13733878
4883	thai	13726171
4884	emissions	13718311
4885	physicians	13717814
4886	loaded	13714028
4887	fred	13703297
4888	complaint	13703047
4889	scenes	13691578
4890	experiments	13690535
4891	balls	13683840
4892	afghanistan	13675892
4893	dd	13675652
4894	boost	13675076
4895	spanking	13673436
4896	scholarship	13667978
4897	governance	13664006
4898	mill	13658453
4899	founded	13656662
4900	supplements	13656530
4901	chronic	13650397
4902	icons	13649671
4903	tranny	13645638
4904	moral	13643598
4905	den	13641144
4906	catering	13638302
4907	aud	13636055
4908	finger	13628350
4909	keeps	13624468
4910	pound	13620117
4911	locate	13616735
4912	camcorder	13609184
4913	pl	13608193
4914	trained	13608102
4915	burn	13602754
4916	implementing	13588118
4917	roses	13584758
4918	labs	13582203
4919	ourselves	13581863
4920	bread	13575360
4921	tobacco	13574147
4922	wooden	13564576
4923	motors	13563719
4924	tough	13560922
4925	roberts	13553645
4926	incident	13553458
4927	gonna	13542156
4928	dynamics	13534626
4929	lie	13533542
4930	crm	13533108
4931	rf	13530421
4932	conversation	13527150
4933	decrease	13523903
4934	cumshots	13521963
4935	chest	13516414
4936	pension	13515899
4937	billy	13515249
4938	revenues	13508713
4939	emerging	13504049
4940	worship	13502651
4941	bukkake	13499254
4942	capability	13491067
4943	ak	13486949
4944	fe	13484286
4945	craig	13480763
4946	herself	13479005
4947	producing	13472319
4948	churches	13467005
4949	precision	13465434
4950	damages	13463452
4951	reserves	13456639
4952	contributed	13454831
4953	solve	13452150
4954	shorts	13446221
4955	reproduction	13443395
4956	minority	13436730
4957	td	13432717
4958	diverse	13432331
4959	amp	13421855
4960	ingredients	13418042
4961	sb	13412944
4962	ah	13406814
4963	johnny	13404833
4964	sole	13401764
4965	franchise	13396527
4966	recorder	13394033
4967	complaints	13388225
4968	facing	13385115
4969	sm	13383491
4970	nancy	13381057
4971	promotions	13378320
4972	tones	13373535
4973	passion	13370569
4974	rehabilitation	13370501
4975	maintaining	13362778
4976	sight	13360499
4977	laid	13359320
4978	clay	13357683
4979	defence	13356231
4980	patches	13354086
4981	weak	13347842
4982	refund	13340961
4983	usc	13340286
4984	towns	13337599
4985	environments	13331567
4986	trembl	13326500
4987	divided	13323175
4988	blvd	13317989
4989	reception	13317222
4990	amd	13312952
4991	wise	13299902
4992	emails	13289920
4993	cyprus	13285903
4994	wv	13283422
4995	odds	13282573
4996	correctly	13281872
4997	insider	13275905
4998	seminars	13272933
4999	consequences	13267090
5000	makers	13264592
5001	hearts	13262019
5002	geography	13258481
5003	appearing	13254387
5004	integrity	13247038
5005	worry	13243591
5006	ns	13239487
5007	discrimination	13237807
5008	eve	13237067
5009	carter	13235755
5010	legacy	13223921
5011	marc	13217593
5012	pleased	13215862
5013	danger	13206765
5014	vitamin	13204687
5015	widely	13197312
5016	processed	13192681
5017	phrase	13191958
5018	genuine	13191602
5019	raising	13190308
5020	implications	13188157
5021	functionality	13187557
5022	paradise	13186910
5023	hybrid	13174794
5024	reads	13174104
5025	roles	13171507
5026	intermediate	13162056
5027	emotional	13160826
5028	sons	13160458
5029	leaf	13159307
5030	pad	13159201
5031	glory	13158826
5032	platforms	13157939
5033	ja	13156568
5034	bigger	13152228
5035	billing	13151677
5036	diesel	13147963
5037	versus	13147766
5038	combine	13139084
5039	overnight	13137405
5040	geographic	13136286
5041	exceed	13135673
5042	bs	13125950
5043	rod	13124744
5044	saudi	13123149
5045	fault	13112664
5046	cuba	13111342
5047	hrs	13110679
5048	preliminary	13106833
5049	districts	13106605
5050	introduce	13104630
5051	silk	13099161
5052	promotional	13084826
5053	kate	13076275
5054	chevrolet	13074108
5055	babies	13070103
5056	bi	13070039
5057	karen	13067717
5058	compiled	13067154
5059	romantic	13055842
5060	revealed	13042465
5061	specialists	13041955
5062	generator	13041439
5063	albert	13040324
5064	examine	13030604
5065	jimmy	13030009
5066	graham	13026222
5067	suspension	13025162
5068	bristol	13022446
5069	margaret	13021244
5070	compaq	13015144
5071	sad	13010129
5072	correction	13009622
5073	wolf	13001992
5074	slowly	13000552
5075	authentication	12998105
5076	communicate	12992824
5077	rugby	12992179
5078	supplement	12988231
5079	showtimes	12978770
5080	cal	12967326
5081	portions	12963319
5082	infant	12959639
5083	promoting	12956304
5084	sectors	12948547
5085	samuel	12947907
5086	fluid	12943336
5087	grounds	12943233
5088	fits	12942004
5089	kick	12941649
5090	regards	12939920
5091	meal	12937343
5092	ta	12936942
5093	hurt	12936269
5094	machinery	12936031
5095	bandwidth	12935437
5096	unlike	12933815
5097	equation	12933641
5098	baskets	12933398
5099	probability	12929028
5100	pot	12927383
5101	dimension	12925504
5102	wright	12925206
5103	img	12922908
5104	barry	12921548
5105	proven	12920984
5106	schedules	12917359
5107	admissions	12907686
5108	cached	12887996
5109	warren	12887808
5110	slip	12886015
5111	studied	12881982
5112	reviewer	12879631
5113	involves	12878082
5114	quarterly	12876640
5115	rpm	12872296
5116	profits	12872162
5117	devil	12869511
5118	grass	12868953
5119	comply	12868396
5120	marie	12862466
5121	florist	12860636
5122	illustrated	12858193
5123	cherry	12855670
5124	continental	12854435
5125	alternate	12846709
5126	deutsch	12846263
5127	achievement	12845656
5128	limitations	12844407
5129	kenya	12839981
5130	webcam	12835042
5131	cuts	12832156
5132	funeral	12827388
5133	nutten	12826864
5134	earrings	12822060
5135	enjoyed	12819458
5136	automated	12816951
5137	chapters	12814410
5138	pee	12811886
5139	charlie	12810984
5140	quebec	12807746
5141	nipples	12804977
5142	passenger	12804602
5143	convenient	12801318
5144	dennis	12801087
5145	mars	12792948
5146	francis	12791715
5147	tvs	12782654
5148	sized	12775596
5149	manga	12774174
5150	noticed	12773325
5151	socket	12770550
5152	silent	12768385
5153	literary	12767813
5154	egg	12766528
5155	mhz	12762988
5156	signals	12760317
5157	caps	12758083
5158	orientation	12750803
5159	pill	12749153
5160	theft	12744763
5161	childhood	12740200
5162	swing	12734467
5163	symbols	12733176
5164	lat	12732598
5165	meta	12731331
5166	humans	12729034
5167	analog	12726931
5168	facial	12721452
5169	choosing	12717377
5170	talent	12712170
5171	dated	12707511
5172	flexibility	12700246
5173	seeker	12696541
5174	wisdom	12696160
5175	shoot	12695618
5176	boundary	12695163
5177	mint	12694588
5178	packard	12691717
5179	offset	12689932
5180	payday	12682146
5181	philip	12674163
5182	elite	12673836
5183	gi	12673643
5184	spin	12671696
5185	holders	12665447
5186	believes	12663723
5187	swedish	12662613
5188	poems	12662561
5189	deadline	12662277
5190	jurisdiction	12657881
5191	robot	12656312
5192	displaying	12650318
5193	witness	12643368
5194	collins	12638925
5195	equipped	12635856
5196	stages	12632816
5197	encouraged	12632676
5198	sur	12632510
5199	winds	12628386
5200	powder	12627415
5201	broadway	12620441
5202	acquired	12619643
5203	assess	12614289
5204	wash	12612759
5205	cartridges	12611549
5206	stones	12611462
5207	entrance	12610212
5208	gnome	12609820
5209	roots	12609370
5210	declaration	12609210
5211	losing	12607223
5212	attempts	12606763
5213	gadgets	12604953
5214	noble	12604679
5215	glasgow	12596942
5216	automation	12592519
5217	impacts	12585629
5218	rev	12575365
5219	gospel	12572666
5220	advantages	12569204
5221	shore	12568485
5222	loves	12566621
5223	induced	12566340
5224	ll	12564191
5225	knight	12563918
5226	preparing	12556793
5227	loose	12556710
5228	aims	12555862
5229	recipient	12555432
5230	linking	12555304
5231	extensions	12552534
5232	appeals	12550346
5233	cl	12549130
5234	earned	12540187
5235	illness	12539579
5236	islamic	12539523
5237	athletics	12534433
5238	southeast	12520872
5239	ieee	12520362
5240	ho	12515925
5241	alternatives	12512859
5242	pending	12509596
5243	parker	12509468
5244	determining	12507793
5245	lebanon	12503316
5246	corp	12500878
5247	personalized	12495791
5248	kennedy	12494982
5249	gt	12493779
5250	sh	12493091
5251	conditioning	12490899
5252	teenage	12488595
5253	soap	12485378
5254	ae	12480269
5255	triple	12478554
5256	cooper	12476378
5257	nyc	12475941
5258	vincent	12468392
5259	jam	12468316
5260	secured	12463155
5261	unusual	12459909
5262	answered	12457330
5263	partnerships	12453817
5264	destruction	12453758
5265	slots	12452126
5266	increasingly	12442507
5267	migration	12442426
5268	disorder	12437958
5269	routine	12437176
5270	toolbar	12436439
5271	basically	12428283
5272	rocks	12427428
5273	conventional	12426348
5274	titans	12408915
5275	applicants	12408250
5276	wearing	12401524
5277	axis	12399723
5278	sought	12398749
5279	genes	12396954
5280	mounted	12391977
5281	habitat	12388574
5282	firewall	12387228
5283	median	12384523
5284	guns	12383666
5285	scanner	12375659
5286	herein	12372347
5287	occupational	12368358
5288	animated	12365108
5289	horny	12363955
5290	judicial	12363943
5291	rio	12362288
5292	hs	12344206
5293	adjustment	12343670
5294	hero	12343606
5295	integer	12343092
5296	treatments	12341268
5297	bachelor	12335355
5298	attitude	12331010
5299	camcorders	12327884
5300	engaged	12325194
5301	falling	12324340
5302	basics	12316733
5303	montreal	12310310
5304	carpet	12309442
5305	rv	12295996
5306	struct	12292326
5307	lenses	12288564
5308	binary	12286978
5309	genetics	12285353
5310	attended	12284886
5311	difficulty	12282409
5312	punk	12282363
5313	collective	12276900
5314	coalition	12274377
5315	pi	12272978
5316	dropped	12265666
5317	enrollment	12253733
5318	duke	12250071
5319	walter	12248848
5320	ai	12248842
5321	pace	12247704
5322	besides	12246405
5323	wage	12243196
5324	producers	12242166
5325	ot	12234379
5326	collector	12233823
5327	arc	12229184
5328	hosts	12228736
5329	interfaces	12224161
5330	advertisers	12223306
5331	moments	12221536
5332	atlas	12221120
5333	strings	12221039
5334	dawn	12219521
5335	representing	12219202
5336	observation	12217876
5337	feels	12212683
5338	torture	12209454
5339	carl	12209059
5340	deleted	12207876
5341	coat	12207355
5342	mitchell	12207212
5343	mrs	12206596
5344	rica	12205992
5345	restoration	12202668
5346	convenience	12201623
5347	returning	12197026
5348	ralph	12190683
5349	opposition	12183104
5350	container	12181942
5351	yr	12176279
5352	defendant	12169689
5353	warner	12165874
5354	confirmation	12157725
5355	app	12156802
5356	embedded	12156057
5357	inkjet	12155897
5358	supervisor	12154591
5359	wizard	12151804
5360	corps	12150135
5361	actors	12149923
5362	liver	12139363
5363	peripherals	12137652
5364	liable	12126852
5365	brochure	12124414
5366	morris	12122016
5367	bestsellers	12121686
5368	petition	12120487
5369	eminem	12120025
5370	recall	12118110
5371	antenna	12115794
5372	picked	12114899
5373	assumed	12113023
5374	departure	12111116
5375	minneapolis	12111079
5376	belief	12108114
5377	killing	12106805
5378	bikini	12105241
5379	memphis	12103085
5380	shoulder	12100130
5381	decor	12098868
5382	lookup	12096074
5383	texts	12095723
5384	harvard	12089345
5385	brokers	12075458
5386	roy	12074809
5387	ion	12074177
5388	diameter	12059691
5389	ottawa	12050603
5390	doll	12047864
5391	ic	12040669
5392	podcast	12040451
5393	tit	12036749
5394	seasons	12035131
5395	peru	12033152
5396	interactions	12030927
5397	refine	12027198
5398	bidder	12023506
5399	singer	12021075
5400	evans	12020970
5401	herald	12020777
5402	literacy	12016141
5403	fails	12015364
5404	aging	12014007
5405	nike	12009663
5406	intervention	12006519
5407	pissing	12005503
5408	fed	12005354
5409	plugin	12004200
5410	attraction	11998068
5411	diving	11997559
5412	invite	11994795
5413	modification	11994630
5414	alice	11994061
5415	latinas	11988068
5416	suppose	11981451
5417	customized	11979867
5418	reed	11977359
5419	involve	11976257
5420	moderate	11975598
5421	terror	11975502
5422	younger	11971094
5423	thirty	11969481
5424	mice	11967727
5425	opposite	11965213
5426	understood	11962620
5427	rapidly	11959135
5428	dealtime	11955064
5429	ban	11940116
5430	temp	11938391
5431	intro	11938092
5432	mercedes	11935820
5433	zus	11935423
5434	assurance	11928914
5435	fisting	11927246
5436	clerk	11923960
5437	happening	11920756
5438	vast	11916770
5439	mills	11910667
5440	outline	11910319
5441	amendments	11901949
5442	tramadol	11899198
5443	holland	11897739
5444	receives	11897613
5445	jeans	11896655
5446	metropolitan	11896215
5447	compilation	11894545
5448	verification	11890283
5449	fonts	11884559
5450	ent	11872105
5451	odd	11871958
5452	wrap	11871928
5453	refers	11869181
5454	mood	11868381
5455	favor	11867822
5456	veterans	11867645
5457	quiz	11866535
5458	mx	11866191
5459	sigma	11864409
5460	gr	11858655
5461	attractive	11857523
5462	xhtml	11856704
5463	occasion	11854911
5464	recordings	11854099
5465	jefferson	11851441
5466	victim	11844825
5467	demands	11843789
5468	sleeping	11840656
5469	careful	11836566
5470	ext	11830447
5471	beam	11827772
5472	gardening	11823864
5473	obligations	11820453
5474	arrive	11812688
5475	orchestra	11808109
5476	sunset	11802197
5477	tracked	11801246
5478	moreover	11797770
5479	minimal	11787905
5480	polyphonic	11779964
5481	lottery	11776450
5482	tops	11771127
5483	framed	11770634
5484	aside	11768649
5485	outsourcing	11766166
5486	licence	11761605
5487	adjustable	11757528
5488	allocation	11756315
5489	michelle	11752565
5490	essay	11750312
5491	discipline	11734967
5492	amy	11734926
5493	ts	11731220
5494	demonstrated	11721030
5495	dialogue	11720390
5496	identifying	11718306
5497	alphabetical	11717970
5498	camps	11712039
5499	declared	11707935
5500	dispatched	11701771
5501	aaron	11698784
5502	handheld	11697875
5503	trace	11697252
5504	disposal	11693072
5505	shut	11689186
5506	florists	11684143
5507	packs	11683277
5508	ge	11678554
5509	installing	11675871
5510	switches	11673995
5511	romania	11672746
5512	voluntary	11671298
5513	ncaa	11671224
5514	thou	11669062
5515	consult	11666011
5516	phd	11665297
5517	greatly	11664471
5518	blogging	11660000
5519	mask	11654805
5520	cycling	11653999
5521	midnight	11650394
5522	ng	11645846
5523	commonly	11638541
5524	pe	11638517
5525	photographer	11637896
5526	inform	11637681
5527	turkish	11628585
5528	coal	11625191
5529	cry	11624610
5530	messaging	11623632
5531	pentium	11614819
5532	quantum	11611352
5533	murray	11607168
5534	intent	11596706
5535	tt	11590640
5536	zoo	11589578
5537	largely	11587337
5538	pleasant	11587208
5539	announce	11583296
5540	constructed	11581210
5541	additions	11579566
5542	requiring	11578075
5543	spoke	11577917
5544	aka	11570453
5545	arrow	11563142
5546	engagement	11562545
5547	sampling	11558186
5548	rough	11557184
5549	weird	11556427
5550	tee	11539905
5551	refinance	11537028
5552	lion	11531749
5553	inspired	11531233
5554	holes	11529280
5555	weddings	11529020
5556	blade	11527988
5557	suddenly	11523262
5558	oxygen	11522424
5559	cookie	11517481
5560	meals	11515834
5561	canyon	11515517
5562	goto	11503742
5563	meters	11502899
5564	merely	11492724
5565	calendars	11488301
5566	arrangement	11486779
5567	conclusions	11484905
5568	passes	11484329
5569	bibliography	11483881
5570	pointer	11475647
5571	compatibility	11467191
5572	stretch	11463625
5573	durham	11463394
5574	furthermore	11462067
5575	permits	11453109
5576	cooperative	11453108
5577	muslim	11451583
5578	xl	11450451
5579	neil	11446551
5580	sleeve	11444961
5581	netscape	11443351
5582	cleaner	11442551
5583	cricket	11442124
5584	beef	11441469
5585	feeding	11441465
5586	stroke	11440396
5587	township	11435976
5588	rankings	11433277
5589	measuring	11432076
5590	cad	11431260
5591	hats	11430056
5592	robin	11423944
5593	robinson	11422896
5594	jacksonville	11419276
5595	strap	11414669
5596	headquarters	11414484
5597	sharon	11410497
5598	crowd	11409218
5599	tcp	11407040
5600	transfers	11403780
5601	surf	11402999
5602	olympic	11399795
5603	transformation	11397689
5604	remained	11392181
5605	attachments	11392078
5606	dv	11389585
5607	dir	11381802
5608	entities	11373336
5609	customs	11372432
5610	administrators	11370681
5611	personality	11361835
5612	rainbow	11360882
5613	hook	11359349
5614	roulette	11359153
5615	decline	11351898
5616	gloves	11347457
5617	israeli	11341552
5618	medicare	11339790
5619	cord	11338350
5620	skiing	11337414
5621	cloud	11337220
5622	facilitate	11330977
5623	subscriber	11326491
5624	valve	11325360
5625	val	11322492
5626	hewlett	11322089
5627	explains	11317473
5628	proceed	11314599
5629	flickr	11305570
5630	feelings	11299333
5631	knife	11297715
5632	jamaica	11293962
5633	priorities	11288273
5634	shelf	11287023
5635	bookstore	11285387
5636	timing	11283175
5637	liked	11282738
5638	parenting	11280195
5639	adopt	11272339
5640	denied	11268485
5641	fotos	11264350
5642	incredible	11261994
5643	britney	11258215
5644	freeware	11256443
5645	fucked	11254558
5646	donation	11245208
5647	outer	11245167
5648	crop	11244764
5649	deaths	11242764
5650	rivers	11239247
5651	commonwealth	11231405
5652	pharmaceutical	11229705
5653	manhattan	11228022
5654	tales	11222332
5655	katrina	11217436
5656	workforce	11215929
5657	islam	11214742
5658	nodes	11208722
5659	tu	11206203
5660	fy	11203603
5661	thumbs	11202045
5662	seeds	11196921
5663	cited	11195944
5664	lite	11195840
5665	ghz	11189355
5666	hub	11188639
5667	targeted	11188624
5668	organizational	11188435
5669	skype	11188286
5670	realized	11186108
5671	twelve	11182087
5672	founder	11180601
5673	decade	11178625
5674	gamecube	11176988
5675	rr	11170382
5676	dispute	11164678
5677	portuguese	11160302
5678	tired	11158233
5679	titten	11158181
5680	adverse	11157534
5681	everywhere	11153149
5682	excerpt	11148686
5683	eng	11144620
5684	steam	11141309
5685	discharge	11140169
5686	ef	11139051
5687	drinks	11137329
5688	ace	11134733
5689	voices	11129180
5690	acute	11128841
5691	halloween	11123946
5692	climbing	11117590
5693	stood	11116275
5694	sing	11114001
5695	tons	11109804
5696	perfume	11109790
5697	carol	11109404
5698	honest	11109203
5699	albany	11108457
5700	hazardous	11095147
5701	restore	11092761
5702	stack	11090579
5703	methodology	11090402
5704	somebody	11089522
5705	sue	11086374
5706	ep	11086357
5707	housewares	11081832
5708	reputation	11081735
5709	resistant	11080383
5710	democrats	11080202
5711	recycling	11079315
5712	hang	11077672
5713	gbp	11077306
5714	curve	11071177
5715	creator	11071006
5716	amber	11065507
5717	qualifications	11063651
5718	museums	11059541
5719	coding	11058393
5720	slideshow	11055536
5721	tracker	11054208
5722	variation	11043903
5723	passage	11034796
5724	transferred	11023998
5725	trunk	11020361
5726	hiking	11020291
5727	lb	11017639
5728	damn	11016467
5729	pierre	11015591
5730	jelsoft	11015013
5731	headset	11014961
5732	photograph	11014717
5733	oakland	11011611
5734	colombia	11011374
5735	waves	11006010
5736	camel	11005001
5737	distributor	11002174
5738	lamps	11000656
5739	underlying	11000355
5740	hood	10997944
5741	wrestling	10996334
5742	suicide	10996226
5743	archived	10992630
5744	photoshop	10991124
5745	jp	10986062
5746	chi	10981165
5747	bt	10981096
5748	arabia	10980809
5749	gathering	10976378
5750	projection	10975182
5751	juice	10973425
5752	chase	10971945
5753	mathematical	10971768
5754	logical	10970564
5755	sauce	10968629
5756	fame	10962456
5757	extract	10962105
5758	specialized	10955946
5759	diagnostic	10955841
5760	panama	10953110
5761	indianapolis	10951797
5762	af	10951514
5763	payable	10948988
5764	corporations	10945498
5765	courtesy	10945291
5766	criticism	10943753
5767	automobile	10939225
5768	confidential	10937497
5769	rfc	10936498
5770	statutory	10934584
5771	accommodations	10932659
5772	athens	10930110
5773	northeast	10929164
5774	downloaded	10920057
5775	judges	10917393
5776	sl	10916288
5777	seo	10916104
5778	retired	10914144
5779	isp	10914017
5780	remarks	10911869
5781	detected	10911828
5782	decades	10911127
5783	paintings	10906609
5784	walked	10905602
5785	arising	10904371
5786	nissan	10889889
5787	bracelet	10887275
5788	ins	10886378
5789	eggs	10885514
5790	juvenile	10884643
5791	injection	10873254
5792	yorkshire	10871783
5793	populations	10869967
5794	protective	10861679
5795	afraid	10858793
5796	acoustic	10857417
5797	railway	10853755
5798	cassette	10853321
5799	initially	10849818
5800	indicator	10846277
5801	pointed	10845626
5802	hb	10843806
5803	jpg	10842679
5804	causing	10841604
5805	mistake	10841486
5806	norton	10840451
5807	locked	10837051
5808	eliminate	10836172
5809	tc	10834933
5810	fusion	10834718
5811	mineral	10833061
5812	sunglasses	10831524
5813	ruby	10830824
5814	steering	10826821
5815	beads	10825324
5816	fortune	10823100
5817	preference	10821710
5818	canvas	10820175
5819	threshold	10820054
5820	parish	10808608
5821	claimed	10805425
5822	screens	10799678
5823	cemetery	10799517
5824	planner	10798993
5825	croatia	10798841
5826	flows	10797166
5827	stadium	10797095
5828	venezuela	10796973
5829	exploration	10796216
5830	mins	10793604
5831	fewer	10792786
5832	sequences	10790922
5833	coupon	10788016
5834	nurses	10783304
5835	ssl	10777825
5836	stem	10775393
5837	proxy	10773043
5838	gangbang	10767141
5839	astronomy	10767054
5840	lanka	10765788
5841	opt	10763778
5842	edwards	10761573
5843	drew	10760463
5844	contests	10760068
5845	flu	10759905
5846	translate	10756065
5847	announces	10754974
5848	mlb	10750904
5849	costume	10749142
5850	tagged	10748315
5851	berkeley	10746947
5852	voted	10746027
5853	killer	10745688
5854	bikes	10740880
5855	gates	10734618
5856	adjusted	10733092
5857	rap	10729871
5858	tune	10728129
5859	bishop	10727838
5860	pulled	10724879
5861	corn	10723716
5862	gp	10720137
5863	shaped	10717999
5864	compression	10712155
5865	seasonal	10711168
5866	establishing	10709113
5867	farmer	10707897
5868	counters	10706242
5869	puts	10705170
5870	constitutional	10699765
5871	grew	10698645
5872	perfectly	10698357
5873	tin	10695557
5874	slave	10692715
5875	instantly	10691970
5876	cultures	10690547
5877	norfolk	10690400
5878	coaching	10689595
5879	examined	10689487
5880	trek	10689116
5881	encoding	10684685
5882	litigation	10681417
5883	submissions	10674606
5884	oem	10669811
5885	heroes	10669219
5886	painted	10666710
5887	lycos	10665969
5888	ir	10662317
5889	zdnet	10661625
5890	broadcasting	10660304
5891	horizontal	10655275
5892	artwork	10654545
5893	cosmetic	10651127
5894	resulted	10647532
5895	portrait	10647237
5896	terrorist	10647080
5897	informational	10645899
5898	ethical	10644576
5899	carriers	10644210
5900	ecommerce	10643395
5901	mobility	10643212
5902	floral	10641202
5903	builders	10639867
5904	ties	10637546
5905	struggle	10637472
5906	schemes	10633782
5907	suffering	10631848
5908	neutral	10631835
5909	fisher	10631475
5910	rat	10626001
5911	spears	10622346
5912	prospective	10618399
5913	dildos	10612318
5914	bedding	10608944
5915	ultimately	10608757
5916	joining	10606585
5917	heading	10604462
5918	equally	10603542
5919	artificial	10603435
5920	bearing	10602853
5921	spectacular	10602657
5922	coordination	10601328
5923	connector	10600313
5924	brad	10595050
5925	combo	10592758
5926	seniors	10592234
5927	worlds	10591522
5928	guilty	10588260
5929	affiliated	10583504
5930	activation	10581402
5931	naturally	10578629
5932	haven	10569212
5933	tablet	10568043
5934	jury	10566974
5935	dos	10564148
5936	tail	10557843
5937	subscribers	10557815
5938	charm	10554644
5939	lawn	10551602
5940	violent	10551326
5941	mitsubishi	10550625
5942	underwear	10546819
5943	basin	10544774
5944	soup	10543301
5945	potentially	10541780
5946	ranch	10539650
5947	constraints	10529222
5948	crossing	10528114
5949	inclusive	10524594
5950	dimensional	10522059
5951	cottage	10520695
5952	drunk	10519219
5953	considerable	10518680
5954	crimes	10515840
5955	resolved	10512341
5956	mozilla	10511264
5957	byte	10509871
5958	toner	10508427
5959	nose	10507356
5960	latex	10502825
5961	branches	10496749
5962	anymore	10494227
5963	oclc	10492483
5964	delhi	10491603
5965	holdings	10491229
5966	alien	10490554
5967	locator	10478335
5968	selecting	10477348
5969	processors	10468305
5970	pantyhose	10466075
5971	plc	10464669
5972	broke	10460811
5973	nepal	10459583
5974	zimbabwe	10459195
5975	difficulties	10456103
5976	juan	10447286
5977	complexity	10446732
5978	msg	10443091
5979	constantly	10442685
5980	browsing	10442630
5981	resolve	10441751
5982	barcelona	10433419
5983	presidential	10430695
5984	documentary	10429008
5985	cod	10426143
5986	territories	10425468
5987	melissa	10423009
5988	moscow	10419336
5989	thesis	10415545
5990	thru	10412942
5991	jews	10410302
5992	nylon	10410171
5993	palestinian	10409985
5994	discs	10404995
5995	rocky	10404321
5996	bargains	10403472
5997	frequent	10400111
5998	trim	10395161
5999	nigeria	10392451
6000	ceiling	10391461
6001	pixels	10381558
6002	ensuring	10381359
6003	hispanic	10379937
6004	cv	10378141
6005	cb	10376380
6006	legislature	10375803
6007	hospitality	10373383
6008	gen	10369037
6009	anybody	10367449
6010	procurement	10367032
6011	diamonds	10366433
6012	espn	10365680
6013	fleet	10364423
6014	untitled	10362049
6015	bunch	10355431
6016	totals	10350962
6017	marriott	10350709
6018	singing	10349448
6019	theoretical	10348868
6020	afford	10348210
6021	exercises	10346676
6022	starring	10342756
6023	referral	10341537
6024	nhl	10338132
6025	surveillance	10332765
6026	optimal	10331534
6027	quit	10324803
6028	distinct	10323958
6029	protocols	10321942
6030	lung	10318643
6031	highlight	10317486
6032	substitute	10309868
6033	inclusion	10305876
6034	hopefully	10304848
6035	brilliant	10302824
6036	turner	10302792
6037	sucking	10301698
6038	cents	10301064
6039	reuters	10296945
6040	ti	10295313
6041	fc	10294579
6042	gel	10294568
6043	todd	10291963
6044	spoken	10290440
6045	omega	10289113
6046	evaluated	10288417
6047	stayed	10286077
6048	civic	10283668
6049	assignments	10282466
6050	fw	10281650
6051	manuals	10278330
6052	doug	10276664
6053	sees	10274243
6054	termination	10274046
6055	watched	10266154
6056	saver	10258158
6057	thereof	10257549
6058	grill	10254124
6059	households	10251054
6060	gs	10246889
6061	redeem	10246248
6062	rogers	10246146
6063	grain	10244623
6064	aaa	10243983
6065	authentic	10235042
6066	regime	10234937
6067	wanna	10232302
6068	wishes	10232199
6069	bull	10231851
6070	montgomery	10230206
6071	architectural	10225722
6072	louisville	10225533
6073	depend	10224227
6074	differ	10224024
6075	macintosh	10220501
6076	movements	10217824
6077	ranging	10213057
6078	monica	10210095
6079	repairs	10209005
6080	breath	10208731
6081	amenities	10198635
6082	virtually	10198413
6083	cole	10196153
6084	mart	10193683
6085	candle	10193393
6086	hanging	10190519
6087	colored	10189750
6088	authorization	10187414
6089	tale	10186894
6090	verified	10184772
6091	lynn	10183306
6092	formerly	10182974
6093	projector	10182117
6094	bp	10178173
6095	situated	10177869
6096	comparative	10177483
6097	std	10176759
6098	seeks	10174194
6099	herbal	10173511
6100	loving	10172381
6101	strictly	10169150
6102	routing	10169123
6103	docs	10167452
6104	stanley	10160132
6105	psychological	10159161
6106	surprised	10158243
6107	retailer	10140662
6108	vitamins	10139447
6109	elegant	10137738
6110	gains	10137566
6111	renewal	10134639
6112	vid	10132645
6113	genealogy	10127416
6114	opposed	10126959
6115	deemed	10124641
6116	scoring	10124355
6117	expenditure	10121277
6118	panties	10120827
6119	brooklyn	10120132
6120	liverpool	10118816
6121	sisters	10116284
6122	critics	10114264
6123	connectivity	10113914
6124	spots	10109662
6125	oo	10108815
6126	algorithms	10105789
6127	hacker	10105645
6128	madrid	10103341
6129	similarly	10101415
6130	margin	10100139
6131	coin	10095328
6132	bbw	10093596
6133	solely	10091700
6134	fake	10088583
6135	salon	10079006
6136	collaborative	10064088
6137	norman	10063272
6138	fda	10063257
6139	excluding	10062992
6140	turbo	10058686
6141	headed	10058504
6142	voters	10058315
6143	cure	10046948
6144	madonna	10044163
6145	commander	10043511
6146	arch	10040050
6147	ni	10037404
6148	murphy	10035536
6149	thinks	10035159
6150	thats	10034213
6151	suggestion	10033796
6152	hdtv	10033694
6153	soldier	10032017
6154	phillips	10031448
6155	asin	10031107
6156	aimed	10030370
6157	justin	10029711
6158	bomb	10028218
6159	harm	10026586
6160	interval	10026043
6161	mirrors	10025204
6162	spotlight	10022271
6163	tricks	10022185
6164	reset	10021033
6165	brush	10018684
6166	investigate	10018280
6167	thy	10017433
6168	expansys	10017046
6169	panels	10016948
6170	repeated	10015447
6171	assault	10011305
6172	connecting	10011002
6173	spare	10009522
6174	logistics	10008708
6175	deer	10007644
6176	kodak	10005470
6177	tongue	10002563
6178	bowling	9997649
6179	tri	9995307
6180	danish	9987098
6181	pal	9987022
6182	monkey	9983383
6183	proportion	9983303
6184	filename	9982265
6185	skirt	9981485
6186	florence	9981320
6187	invest	9979906
6188	honey	9978043
6189	um	9977356
6190	analyses	9976066
6191	drawings	9975478
6192	significance	9974078
6193	scenario	9972760
6194	ye	9972424
6195	fs	9968457
6196	lovers	9957546
6197	atomic	9957374
6198	approx	9954543
6199	symposium	9954499
6200	arabic	9954108
6201	gauge	9952466
6202	essentials	9949208
6203	junction	9946903
6204	protecting	9941975
6205	nn	9939978
6206	faced	9938155
6207	mat	9937738
6208	rachel	9937223
6209	solving	9935681
6210	transmitted	9934463
6211	weekends	9928005
6212	screenshots	9927402
6213	produces	9926309
6214	oven	9926264
6215	ted	9926083
6216	intensive	9923252
6217	chains	9922983
6218	kingston	9921225
6219	sixth	9920054
6220	engage	9919952
6221	deviant	9917990
6222	noon	9917780
6223	switching	9915827
6224	quoted	9915470
6225	adapters	9914081
6226	correspondence	9911984
6227	farms	9908537
6228	imports	9905359
6229	supervision	9904839
6230	cheat	9903572
6231	bronze	9903268
6232	expenditures	9900734
6233	sandy	9897487
6234	separation	9895531
6235	testimony	9893472
6236	suspect	9889728
6237	celebrities	9887793
6238	macro	9885853
6239	sender	9885826
6240	mandatory	9884397
6241	boundaries	9884011
6242	crucial	9880976
6243	syndication	9873537
6244	gym	9872500
6245	celebration	9872199
6246	kde	9872010
6247	adjacent	9869232
6248	filtering	9862849
6249	tuition	9860033
6250	spouse	9858936
6251	exotic	9858662
6252	viewer	9858416
6253	signup	9857927
6254	threats	9849639
6255	luxembourg	9848763
6256	puzzles	9847032
6257	reaching	9832263
6258	vb	9830530
6259	damaged	9826789
6260	cams	9824481
6261	receptor	9823615
6262	piss	9822831
6263	laugh	9822471
6264	joel	9814525
6265	surgical	9811901
6266	destroy	9811516
6267	citation	9810893
6268	pitch	9800556
6269	autos	9798008
6270	yo	9792810
6271	premises	9787665
6272	perry	9785838
6273	proved	9782793
6274	offensive	9781246
6275	imperial	9776810
6276	dozen	9776227
6277	benjamin	9775193
6278	deployment	9774331
6279	teeth	9769437
6280	cloth	9764137
6281	studying	9763653
6282	colleagues	9762059
6283	stamp	9760468
6284	lotus	9759485
6285	salmon	9757346
6286	olympus	9753199
6287	separated	9752054
6288	proc	9748737
6289	cargo	9748668
6290	tan	9747576
6291	directive	9746031
6292	fx	9737558
6293	salem	9735569
6294	mate	9732445
6295	dl	9731411
6296	starter	9730619
6297	upgrades	9728964
6298	likes	9727733
6299	butter	9727172
6300	pepper	9725001
6301	weapon	9724562
6302	luggage	9723336
6303	burden	9722173
6304	chef	9722004
6305	tapes	9719559
6306	zones	9719114
6307	races	9715279
6308	isle	9714155
6309	stylish	9708474
6310	slim	9707476
6311	maple	9704551
6312	luke	9699611
6313	grocery	9699375
6314	offshore	9689804
6315	governing	9689657
6316	retailers	9688459
6317	depot	9688338
6318	kenneth	9685446
6319	comp	9681817
6320	alt	9681244
6321	pie	9681219
6322	blend	9680982
6323	harrison	9680496
6324	ls	9678683
6325	julie	9674906
6326	occasionally	9674433
6327	cbs	9672500
6328	attending	9672057
6329	emission	9671794
6330	pete	9671293
6331	spec	9669417
6332	finest	9668295
6333	realty	9667732
6334	janet	9666108
6335	bow	9663748
6336	penn	9662639
6337	recruiting	9662362
6338	apparent	9650402
6339	instructional	9650006
6340	phpbb	9649545
6341	autumn	9649500
6342	traveling	9647591
6343	probe	9643801
6344	midi	9642188
6345	permissions	9632465
6346	biotechnology	9631572
6347	toilet	9622554
6348	ranked	9621386
6349	jackets	9619919
6350	routes	9615627
6351	packed	9614167
6352	excited	9611150
6353	outreach	9602202
6354	helen	9600641
6355	mounting	9600438
6356	recover	9597891
6357	tied	9593428
6358	lopez	9593132
6359	balanced	9592756
6360	prescribed	9590926
6361	catherine	9589100
6362	timely	9583522
6363	talked	9582713
6364	upskirts	9582217
6365	debug	9581095
6366	delayed	9579826
6367	chuck	9574825
6368	reproduced	9570000
6369	hon	9569133
6370	dale	9568925
6371	explicit	9568886
6372	calculation	9564034
6373	villas	9561315
6374	ebook	9558308
6375	consolidated	9557816
6376	boob	9557488
6377	exclude	9556992
6378	peeing	9555730
6379	occasions	9550945
6380	brooks	9546939
6381	equations	9545165
6382	newton	9540561
6383	oils	9540418
6384	sept	9540361
6385	exceptional	9539321
6386	anxiety	9539030
6387	bingo	9539002
6388	whilst	9537785
6389	spatial	9537716
6390	respondents	9534943
6391	unto	9533187
6392	lt	9532069
6393	ceramic	9531846
6394	prompt	9531069
6395	precious	9529904
6396	minds	9529696
6397	annually	9528962
6398	considerations	9523594
6399	scanners	9520219
6400	atm	9510909
6401	xanax	9510471
6402	eq	9506593
6403	pays	9505614
6404	cox	9503104
6405	fingers	9498899
6406	sunny	9497382
6407	ebooks	9496435
6408	delivers	9496295
6409	je	9494130
6410	queensland	9493358
6411	necklace	9492391
6412	musicians	9491482
6413	leeds	9491065
6414	composite	9490002
6415	unavailable	9486162
6416	cedar	9484993
6417	arranged	9483767
6418	lang	9483612
6419	theaters	9481745
6420	advocacy	9478772
6421	raleigh	9478304
6422	stud	9477498
6423	fold	9476623
6424	essentially	9474655
6425	designing	9473961
6426	threaded	9473827
6427	uv	9471902
6428	qualify	9469457
6429	fingering	9463805
6430	blair	9463587
6431	hopes	9462715
6432	assessments	9462624
6433	cms	9461942
6434	mason	9461838
6435	diagram	9460260
6436	burns	9460104
6437	pumps	9456489
6438	slut	9456308
6439	ejaculation	9454899
6440	footwear	9454184
6441	sg	9452974
6442	vic	9452560
6443	beijing	9452095
6444	peoples	9449074
6445	victor	9448878
6446	mario	9447559
6447	pos	9445257
6448	attach	9442716
6449	licenses	9442167
6450	utils	9440361
6451	removing	9439327
6452	advised	9436986
6453	brunswick	9436844
6454	spider	9436277
6455	phys	9433060
6456	ranges	9432991
6457	pairs	9432115
6458	sensitivity	9431504
6459	trails	9428983
6460	preservation	9427816
6461	hudson	9427258
6462	isolated	9421703
6463	calgary	9415992
6464	interim	9415083
6465	assisted	9413705
6466	divine	9413498
6467	streaming	9413174
6468	approve	9410993
6469	chose	9409845
6470	compound	9406648
6471	intensity	9405746
6472	technological	9404975
6473	syndicate	9403719
6474	abortion	9397315
6475	dialog	9396449
6476	venues	9389442
6477	blast	9387171
6478	wellness	9382967
6479	calcium	9382761
6480	newport	9381857
6481	antivirus	9381010
6482	addressing	9378374
6483	pole	9377429
6484	discounted	9376380
6485	indians	9375105
6486	shield	9374574
6487	harvest	9368863
6488	membrane	9368378
6489	prague	9367126
6490	previews	9367114
6491	bangladesh	9366062
6492	constitute	9358523
6493	locally	9356689
6494	concluded	9354983
6495	pickup	9354139
6496	desperate	9350873
6497	mothers	9349761
6498	nascar	9349675
6499	iceland	9348645
6500	demonstration	9347680
6501	governmental	9346318
6502	manufactured	9345751
6503	candles	9345477
6504	graduation	9345222
6505	mega	9345031
6506	bend	9342191
6507	sailing	9341445
6508	variations	9333993
6509	moms	9332513
6510	sacred	9331652
6511	addiction	9331004
6512	morocco	9330705
6513	chrome	9329259
6514	tommy	9327874
6515	springfield	9324045
6516	refused	9323160
6517	brake	9321885
6518	exterior	9319730
6519	greeting	9318491
6520	ecology	9315770
6521	oliver	9312468
6522	congo	9310976
6523	glen	9308838
6524	botswana	9305924
6525	nav	9305379
6526	delays	9301670
6527	synthesis	9299369
6528	olive	9298184
6529	undefined	9295355
6530	unemployment	9291396
6531	cyber	9289150
6532	verizon	9288236
6533	scored	9286364
6534	enhancement	9286231
6535	newcastle	9284584
6536	clone	9284578
6537	dicks	9280692
6538	velocity	9279532
6539	lambda	9279528
6540	relay	9275052
6541	composed	9274507
6542	tears	9274206
6543	performances	9272429
6544	oasis	9270498
6545	baseline	9270123
6546	cab	9268943
6547	angry	9267505
6548	fa	9265914
6549	societies	9260047
6550	silicon	9257759
6551	brazilian	9253959
6552	identical	9249252
6553	petroleum	9246183
6554	compete	9245630
6555	ist	9244227
6556	norwegian	9238765
6557	lover	9234545
6558	belong	9233597
6559	honolulu	9232306
6560	beatles	9231396
6561	lips	9228435
6562	escort	9226628
6563	retention	9226062
6564	exchanges	9223640
6565	pond	9223378
6566	rolls	9220414
6567	thomson	9218657
6568	barnes	9216649
6569	soundtrack	9215529
6570	wondering	9214753
6571	malta	9212218
6572	daddy	9211193
6573	lc	9209884
6574	ferry	9208954
6575	rabbit	9208689
6576	profession	9208483
6577	seating	9207831
6578	dam	9204248
6579	cnn	9199332
6580	separately	9199179
6581	physiology	9197243
6582	lil	9197038
6583	collecting	9196546
6584	das	9195872
6585	exports	9195244
6586	omaha	9193841
6587	tire	9192117
6588	participant	9190865
6589	scholarships	9190488
6590	recreational	9183129
6591	dominican	9182019
6592	chad	9176989
6593	electron	9176181
6594	loads	9175948
6595	friendship	9175451
6596	heather	9170875
6597	passport	9170570
6598	motel	9170238
6599	unions	9167657
6600	treasury	9167640
6601	warrant	9167246
6602	sys	9167125
6603	solaris	9166466
6604	frozen	9165551
6605	occupied	9165435
6606	josh	9163898
6607	royalty	9162860
6608	scales	9162147
6609	rally	9155530
6610	observer	9155080
6611	sunshine	9152357
6612	strain	9151339
6613	drag	9150581
6614	ceremony	9150049
6615	somehow	9149642
6616	arrested	9147670
6617	expanding	9147487
6618	provincial	9144703
6619	investigations	9139993
6620	icq	9138506
6621	ripe	9136158
6622	yamaha	9134279
6623	rely	9132658
6624	medications	9128659
6625	hebrew	9126538
6626	gained	9124289
6627	rochester	9124031
6628	dying	9123557
6629	laundry	9123546
6630	stuck	9120620
6631	solomon	9120064
6632	placing	9118766
6633	stops	9118589
6634	homework	9116821
6635	adjust	9115016
6636	assessed	9112773
6637	advertiser	9111848
6638	enabling	9108041
6639	encryption	9106010
6640	filling	9103402
6641	downloadable	9100404
6642	sophisticated	9100034
6643	imposed	9098534
6644	silence	9096561
6645	scsi	9096109
6646	focuses	9095206
6647	soviet	9095147
6648	possession	9088454
6649	cu	9087531
6650	laboratories	9087221
6651	treaty	9086189
6652	vocal	9082826
6653	trainer	9081168
6654	organ	9077449
6655	stronger	9076588
6656	volumes	9076451
6657	advances	9067771
6658	vegetables	9067552
6659	lemon	9066930
6660	toxic	9065369
6661	dns	9064219
6662	thumbnails	9064111
6663	darkness	9058089
6664	pty	9057527
6665	ws	9055509
6666	nuts	9053763
6667	nail	9051805
6668	bizrate	9051799
6669	vienna	9051157
6670	implied	9050427
6671	span	9047179
6672	stanford	9047134
6673	sox	9046134
6674	stockings	9044052
6675	joke	9043968
6676	respondent	9040827
6677	packing	9039257
6678	statute	9035618
6679	rejected	9035260
6680	satisfy	9029773
6681	destroyed	9026486
6682	shelter	9025308
6683	chapel	9025153
6684	gamespot	9021690
6685	manufacture	9020752
6686	layers	9018453
6687	wordpress	9018084
6688	guided	9015660
6689	vulnerability	9013560
6690	accountability	9011124
6691	celebrate	9010814
6692	accredited	9006302
6693	appliance	9005645
6694	compressed	9004826
6695	bahamas	9002602
6696	powell	9001251
6697	mixture	8996041
6698	zoophilia	8995090
6699	bench	8992211
6700	univ	8991617
6701	tub	8990811
6702	rider	8987802
6703	scheduling	8986610
6704	radius	8985161
6705	perspectives	8983024
6706	mortality	8978176
6707	logging	8976964
6708	hampton	8975507
6709	christians	8974444
6710	borders	8974127
6711	therapeutic	8971499
6712	pads	8971153
6713	butts	8968856
6714	inns	8968593
6715	bobby	8964342
6716	impressive	8963757
6717	sheep	8962638
6718	accordingly	8960086
6719	architect	8954294
6720	railroad	8948891
6721	lectures	8946545
6722	challenging	8944912
6723	wines	8939582
6724	nursery	8938613
6725	harder	8937729
6726	cups	8935485
6727	ash	8934811
6728	microwave	8934594
6729	cheapest	8933030
6730	accidents	8930846
6731	travesti	8929924
6732	relocation	8929354
6733	stuart	8927715
6734	contributors	8924784
6735	salvador	8924572
6736	ali	8924192
6737	salad	8923706
6738	np	8922179
6739	monroe	8922026
6740	tender	8921535
6741	violations	8918978
6742	foam	8915164
6743	temperatures	8913207
6744	paste	8913055
6745	clouds	8913052
6746	competitions	8912029
6747	discretion	8911298
6748	tft	8910613
6749	tanzania	8910566
6750	preserve	8910519
6751	jvc	8909854
6752	poem	8908949
6753	vibrator	8904602
6754	unsigned	8901333
6755	staying	8900981
6756	cosmetics	8900972
6757	easter	8899534
6758	theories	8895360
6759	repository	8892664
6760	praise	8892149
6761	jeremy	8892076
6762	venice	8890952
6763	jo	8889756
6764	concentrations	8887519
6765	vibrators	8887202
6766	estonia	8886653
6767	christianity	8886615
6768	veteran	8886185
6769	streams	8882706
6770	landing	8882585
6771	signing	8879976
6772	executed	8879901
6773	katie	8878399
6774	negotiations	8877079
6775	realistic	8874648
6776	dt	8871681
6777	cgi	8870927
6778	showcase	8869023
6779	integral	8867484
6780	asks	8865097
6781	relax	8856944
6782	namibia	8853770
6783	generating	8850249
6784	christina	8849356
6785	congressional	8848585
6786	synopsis	8848268
6787	hardly	8845763
6788	prairie	8843835
6789	reunion	8840817
6790	composer	8839743
6791	bean	8839308
6792	sword	8835685
6793	absent	8831540
6794	photographic	8830744
6795	sells	8827377
6796	ecuador	8826169
6797	hoping	8825881
6798	accessed	8825205
6799	spirits	8819959
6800	modifications	8819107
6801	coral	8818272
6802	pixel	8813200
6803	float	8808655
6804	colin	8807299
6805	bias	8807284
6806	imported	8806670
6807	paths	8806073
6808	bubble	8806043
6809	por	8804069
6810	acquire	8803690
6811	contrary	8799793
6812	millennium	8798222
6813	tribune	8797383
6814	vessel	8794883
6815	acids	8793940
6816	focusing	8787624
6817	viruses	8786573
6818	cheaper	8786062
6819	admitted	8784950
6820	dairy	8781961
6821	admit	8780656
6822	mem	8778831
6823	fancy	8777135
6824	equality	8776326
6825	samoa	8775146
6826	gc	8773965
6827	achieving	8773550
6828	tap	8770914
6829	stickers	8766678
6830	fisheries	8764667
6831	exceptions	8761002
6832	reactions	8756359
6833	leasing	8753305
6834	lauren	8749769
6835	beliefs	8748050
6836	ci	8747150
6837	macromedia	8745988
6838	companion	8745556
6839	squad	8744772
6840	analyze	8744719
6841	ashley	8743561
6842	scroll	8741548
6843	relate	8740432
6844	divisions	8740349
6845	swim	8739102
6846	wages	8737438
6847	additionally	8737401
6848	suffer	8733670
6849	forests	8729343
6850	fellowship	8728834
6851	nano	8724156
6852	invalid	8718056
6853	concerts	8711517
6854	martial	8710009
6855	males	8708016
6856	victorian	8705544
6857	retain	8703797
6858	colours	8701943
6859	execute	8698527
6860	tunnel	8697960
6861	genres	8694858
6862	cambodia	8694511
6863	patents	8694302
6864	copyrights	8691928
6865	yn	8691254
6866	chaos	8690268
6867	lithuania	8688361
6868	mastercard	8687804
6869	wheat	8685589
6870	chronicles	8685154
6871	obtaining	8683426
6872	beaver	8682215
6873	updating	8678834
6874	distribute	8678754
6875	readings	8678675
6876	decorative	8674671
6877	kijiji	8674351
6878	confused	8673715
6879	compiler	8666924
6880	enlargement	8665117
6881	eagles	8664871
6882	bases	8663363
6883	vii	8660788
6884	accused	8659913
6885	bee	8659734
6886	campaigns	8659113
6887	unity	8657709
6888	loud	8653692
6889	conjunction	8652516
6890	bride	8650665
6891	rats	8649718
6892	defines	8645360
6893	airports	8640814
6894	instances	8636454
6895	indigenous	8636449
6896	begun	8636352
6897	cfr	8635553
6898	brunette	8635091
6899	packets	8634757
6900	anchor	8633382
6901	socks	8632058
6902	validation	8630880
6903	parade	8629746
6904	corruption	8628385
6905	stat	8628104
6906	trigger	8626739
6907	incentives	8625429
6908	cholesterol	8620700
6909	gathered	8619411
6910	essex	8617835
6911	slovenia	8617537
6912	notified	8617516
6913	differential	8617224
6914	beaches	8617066
6915	folders	8612253
6916	dramatic	8612079
6917	surfaces	8610304
6918	terrible	8610277
6919	routers	8604416
6920	cruz	8604297
6921	pendant	8603520
6922	dresses	8602214
6923	baptist	8600706
6924	scientist	8600655
6925	starsmerchant	8600292
6926	hiring	8600151
6927	clocks	8598993
6928	arthritis	8597099
6929	bios	8597047
6930	females	8595390
6931	wallace	8591343
6932	nevertheless	8587591
6933	reflects	8586062
6934	taxation	8584169
6935	fever	8582665
6936	pmc	8581311
6937	cuisine	8575966
6938	surely	8574112
6939	practitioners	8572140
6940	transcript	8571931
6941	myspace	8571480
6942	theorem	8569908
6943	inflation	8567769
6944	thee	8564377
6945	nb	8563390
6946	ruth	8563167
6947	pray	8562732
6948	stylus	8562046
6949	compounds	8561772
6950	pope	8560878
6951	drums	8560748
6952	contracting	8560554
6953	topless	8553761
6954	arnold	8551232
6955	structured	8549448
6956	reasonably	8548385
6957	jeep	8547455
6958	chicks	8546991
6959	bare	8546200
6960	hung	8543618
6961	cattle	8542988
6962	mba	8542630
6963	radical	8540978
6964	graduates	8538966
6965	rover	8537021
6966	recommends	8536378
6967	controlling	8536013
6968	treasure	8534047
6969	reload	8533926
6970	distributors	8531840
6971	flame	8527495
6972	levitra	8526929
6973	tanks	8526525
6974	assuming	8525795
6975	monetary	8524903
6976	elderly	8524071
6977	pit	8523152
6978	arlington	8522010
6979	mono	8520822
6980	particles	8520598
6981	floating	8519508
6982	extraordinary	8513936
6983	tile	8509304
6984	indicating	8506888
6985	bolivia	8506635
6986	spell	8506049
6987	hottest	8505915
6988	stevens	8504380
6989	coordinate	8502942
6990	kuwait	8500528
6991	exclusively	8499379
6992	emily	8497262
6993	alleged	8495916
6994	limitation	8494162
6995	widescreen	8493676
6996	compile	8493391
6997	squirting	8492512
6998	webster	8490161
6999	struck	8489716
7000	rx	8486361
7001	illustration	8483700
7002	plymouth	8478857
7003	warnings	8477085
7004	construct	8471574
7005	apps	8468762
7006	inquiries	8466828
7007	bridal	8466303
7008	annex	8465905
7009	mag	8461577
7010	gsm	8460675
7011	inspiration	8460625
7012	tribal	8460247
7013	curious	8460088
7014	affecting	8458005
7015	freight	8453128
7016	rebate	8451915
7017	meetup	8449127
7018	eclipse	8448687
7019	sudan	8447525
7020	ddr	8445959
7021	downloading	8445219
7022	rec	8441122
7023	shuttle	8440760
7024	aggregate	8438852
7025	stunning	8436751
7026	cycles	8434209
7027	affects	8433483
7028	forecasts	8432832
7029	detect	8431562
7030	sluts	8430809
7031	actively	8430340
7032	ciao	8429222
7033	ampland	8429029
7034	knee	8426957
7035	prep	8426130
7036	pb	8424893
7037	complicated	8423441
7038	chem	8419917
7039	fastest	8417992
7040	butler	8416381
7041	shopzilla	8415359
7042	injured	8412484
7043	decorating	8411562
7044	payroll	8410507
7045	cookbook	8410461
7046	expressions	8407890
7047	ton	8405500
7048	courier	8404855
7049	uploaded	8400243
7050	shakespeare	8394310
7051	hints	8393784
7052	collapse	8393063
7053	americas	8389582
7054	connectors	8388769
7055	twinks	8388664
7056	unlikely	8387131
7057	oe	8386358
7058	gif	8384163
7059	pros	8379526
7060	conflicts	8376606
7061	techno	8376069
7062	beverage	8375242
7063	tribute	8374010
7064	wired	8371548
7065	elvis	8369987
7066	immune	8368663
7067	latvia	8364713
7068	travelers	8364541
7069	forestry	8363344
7070	barriers	8363320
7071	cant	8363193
7072	jd	8363023
7073	rarely	8361371
7074	gpl	8359813
7075	infected	8358326
7076	offerings	8357699
7077	martha	8355942
7078	genesis	8354765
7079	barrier	8353617
7080	argue	8353605
7081	incorrect	8353566
7082	trains	8347103
7083	metals	8345314
7084	bicycle	8344882
7085	furnishings	8344412
7086	letting	8339922
7087	arise	8337093
7088	guatemala	8336537
7089	celtic	8333967
7090	thereby	8333948
7091	irc	8332867
7092	jamie	8330541
7093	particle	8328892
7094	perception	8327495
7095	minerals	8326767
7096	advise	8325087
7097	humidity	8321426
7098	bottles	8320355
7099	boxing	8319372
7100	wy	8318770
7101	dm	8318724
7102	bangkok	8318647
7103	renaissance	8317577
7104	pathology	8314757
7105	sara	8314336
7106	bra	8310230
7107	ordinance	8306901
7108	hughes	8306299
7109	photographers	8306260
7110	bitch	8302447
7111	infections	8296662
7112	jeffrey	8295609
7113	chess	8293823
7114	operates	8291329
7115	brisbane	8291276
7116	configured	8289360
7117	survive	8286260
7118	oscar	8285553
7119	festivals	8283573
7120	menus	8283476
7121	joan	8280137
7122	possibilities	8279533
7123	duck	8279189
7124	reveal	8278392
7125	canal	8278196
7126	amino	8273641
7127	phi	8273448
7128	contributing	8273017
7129	herbs	8271850
7130	clinics	8270209
7131	mls	8268707
7132	cow	8267976
7133	manitoba	8266886
7134	analytical	8266048
7135	missions	8262839
7136	watson	8262252
7137	lying	8260845
7138	costumes	8259187
7139	strict	8256471
7140	dive	8254655
7141	saddam	8253650
7142	circulation	8252534
7143	drill	8248787
7144	offense	8248745
7145	threesome	8248425
7146	bryan	8247764
7147	cet	8243582
7148	protest	8243564
7149	handjob	8239763
7150	assumption	8239127
7151	jerusalem	8238637
7152	hobby	8237250
7153	tries	8236889
7154	transexuales	8234877
7155	invention	8227022
7156	nickname	8226050
7157	fiji	8219554
7158	technician	8218658
7159	inline	8218587
7160	executives	8215657
7161	enquiries	8215393
7162	washing	8213049
7163	audi	8212116
7164	staffing	8211954
7165	cognitive	8211944
7166	exploring	8210352
7167	trick	8208473
7168	enquiry	8208125
7169	closure	8207909
7170	raid	8207357
7171	ppc	8205779
7172	timber	8205739
7173	volt	8204673
7174	intense	8202396
7175	div	8200687
7176	playlist	8200358
7177	registrar	8198909
7178	showers	8198630
7179	supporters	8197749
7180	ruling	8196826
7181	steady	8194131
7182	dirt	8191960
7183	statutes	8191031
7184	withdrawal	8189026
7185	myers	8188797
7186	drops	8187657
7187	predicted	8187530
7188	wider	8186703
7189	saskatchewan	8186212
7190	jc	8184332
7191	cancellation	8183513
7192	plugins	8183425
7193	enrolled	8182105
7194	sensors	8181414
7195	screw	8177263
7196	ministers	8175323
7197	publicly	8174368
7198	hourly	8170909
7199	blame	8170544
7200	geneva	8169165
7201	freebsd	8161945
7202	veterinary	8160775
7203	acer	8160550
7204	prostores	8159596
7205	reseller	8159450
7206	dist	8157317
7207	handed	8150012
7208	suffered	8148331
7209	intake	8145321
7210	informal	8143403
7211	relevance	8143379
7212	incentive	8142630
7213	butterfly	8141617
7214	tucson	8141001
7215	mechanics	8138930
7216	heavily	8136563
7217	swingers	8133475
7218	fifty	8133138
7219	headers	8132869
7220	mistakes	8132757
7221	numerical	8132289
7222	ons	8129510
7223	geek	8129025
7224	uncle	8127694
7225	defining	8126054
7226	xnxx	8124818
7227	counting	8122357
7228	reflection	8121245
7229	sink	8120590
7230	accompanied	8119884
7231	assure	8118473
7232	invitation	8116098
7233	devoted	8115627
7234	princeton	8114227
7235	jacob	8114034
7236	sodium	8112246
7237	randy	8110369
7238	spirituality	8110292
7239	hormone	8108338
7240	meanwhile	8105294
7241	proprietary	8104058
7242	timothy	8103385
7243	childrens	8100069
7244	brick	8094369
7245	grip	8094164
7246	naval	8091649
7247	thumbzilla	8088964
7248	medieval	8087116
7249	porcelain	8086207
7250	avi	8084386
7251	bridges	8083681
7252	pichunter	8082691
7253	captured	8081642
7254	watt	8078455
7255	thehun	8076660
7256	decent	8075752
7257	casting	8071983
7258	dayton	8068842
7259	translated	8068739
7260	shortly	8068497
7261	cameron	8064574
7262	columnists	8064506
7263	pins	8062888
7264	carlos	8062714
7265	reno	8059568
7266	donna	8058734
7267	andreas	8058390
7268	warrior	8058069
7269	diploma	8052765
7270	cabin	8052267
7271	innocent	8051344
7272	bdsm	8050305
7273	scanning	8049759
7274	ide	8047346
7275	consensus	8045198
7276	polo	8044299
7277	valium	8043979
7278	copying	8043300
7279	rpg	8042611
7280	delivering	8042490
7281	cordless	8042360
7282	patricia	8042229
7283	horn	8041908
7284	eddie	8038567
7285	uganda	8036029
7286	fired	8031937
7287	journalism	8029164
7288	pd	8027301
7289	prot	8027025
7290	trivia	8022961
7291	adidas	8021560
7292	perth	8020600
7293	frog	8019592
7294	grammar	8019137
7295	intention	8018304
7296	syria	8013914
7297	disagree	8010102
7298	klein	8009252
7299	harvey	8007194
7300	tires	8007166
7301	logs	8004052
7302	undertaken	8002746
7303	tgp	8001985
7304	hazard	8001020
7305	retro	8000179
7306	leo	7999564
7307	livesex	7998363
7308	statewide	7997430
7309	semiconductor	7994769
7310	gregory	7994610
7311	episodes	7992878
7312	boolean	7991813
7313	circular	7991428
7314	anger	7991036
7315	diy	7990525
7316	mainland	7987678
7317	illustrations	7987303
7318	suits	7986526
7319	chances	7980733
7320	interact	7979075
7321	snap	7978122
7322	happiness	7976747
7323	arg	7976318
7324	substantially	7973137
7325	bizarre	7965108
7326	glenn	7963817
7327	ur	7963413
7328	auckland	7960929
7329	olympics	7957969
7330	fruits	7957429
7331	identifier	7956303
7332	geo	7952815
7333	worldsex	7950176
7334	ribbon	7949592
7335	calculations	7949423
7336	doe	7946613
7337	jpeg	7946228
7338	conducting	7945868
7339	startup	7945485
7340	suzuki	7943973
7341	trinidad	7941269
7342	ati	7939891
7343	kissing	7939523
7344	wal	7937298
7345	handy	7936655
7346	swap	7936113
7347	exempt	7935194
7348	crops	7931319
7349	reduces	7930754
7350	accomplished	7928651
7351	calculators	7928172
7352	geometry	7926717
7353	impression	7926329
7354	abs	7925063
7355	slovakia	7924180
7356	flip	7923655
7357	guild	7923630
7358	correlation	7923081
7359	gorgeous	7921525
7360	capitol	7917607
7361	sim	7917540
7362	dishes	7917224
7363	rna	7916693
7364	barbados	7914154
7365	chrysler	7909680
7366	nervous	7908601
7367	refuse	7906739
7368	extends	7905326
7369	fragrance	7904906
7370	mcdonald	7904746
7371	replica	7904448
7372	plumbing	7903090
7373	brussels	7894782
7374	tribe	7890695
7375	neighbors	7890643
7376	trades	7889114
7377	superb	7886083
7378	buzz	7885592
7379	transparent	7885356
7380	nuke	7883128
7381	rid	7877480
7382	trinity	7877415
7383	charleston	7875155
7384	handled	7871280
7385	legends	7869529
7386	boom	7869145
7387	calm	7867353
7388	champions	7866751
7389	floors	7863646
7390	selections	7863046
7391	projectors	7859378
7392	inappropriate	7854984
7393	exhaust	7853076
7394	comparing	7852873
7395	shanghai	7850915
7396	speaks	7849940
7397	burton	7849087
7398	vocational	7847368
7399	davidson	7847044
7400	copied	7846786
7401	scotia	7846014
7402	farming	7844515
7403	gibson	7843641
7404	pharmacies	7840420
7405	fork	7839872
7406	troy	7839453
7407	ln	7838721
7408	roller	7835563
7409	introducing	7835494
7410	batch	7835050
7411	organize	7833420
7412	appreciated	7831655
7413	alter	7831337
7414	nicole	7827726
7415	latino	7827064
7416	ghana	7826979
7417	edges	7826115
7418	uc	7825094
7419	mixing	7825076
7420	handles	7823946
7421	skilled	7822819
7422	fitted	7821703
7423	albuquerque	7820786
7424	harmony	7820250
7425	distinguished	7819407
7426	asthma	7819180
7427	projected	7817947
7428	assumptions	7816824
7429	shareholders	7816480
7430	twins	7815027
7431	developmental	7812620
7432	rip	7811993
7433	zope	7811673
7434	regulated	7811167
7435	triangle	7808241
7436	amend	7806844
7437	anticipated	7805107
7438	oriental	7801287
7439	reward	7796577
7440	windsor	7796269
7441	zambia	7793214
7442	completing	7792221
7443	gmbh	7792191
7444	buf	7790383
7445	ld	7788065
7446	hydrogen	7782756
7447	webshots	7782169
7448	sprint	7777576
7449	comparable	7771705
7450	chick	7771502
7451	advocate	7767184
7452	sims	7766711
7453	confusion	7753690
7454	copyrighted	7753345
7455	tray	7752079
7456	inputs	7750633
7457	warranties	7750411
7458	genome	7750168
7459	escorts	7748900
7460	documented	7748021
7461	thong	7747699
7462	medal	7747036
7463	paperbacks	7745861
7464	coaches	7744876
7465	vessels	7744606
7466	harbour	7744494
7467	walks	7744070
7468	sucks	7743126
7469	sol	7742935
7470	keyboards	7742684
7471	sage	7739556
7472	knives	7736647
7473	eco	7736515
7474	vulnerable	7731173
7475	arrange	7727860
7476	artistic	7725365
7477	bat	7725300
7478	honors	7724703
7479	booth	7723310
7480	indie	7722085
7481	reflected	7721386
7482	unified	7718780
7483	bones	7717501
7484	breed	7716901
7485	detector	7716106
7486	ignored	7715815
7487	polar	7715471
7488	fallen	7714660
7489	precise	7713353
7490	sussex	7713059
7491	respiratory	7712801
7492	notifications	7712209
7493	msgid	7711057
7494	transexual	7710514
7495	mainstream	7707583
7496	invoice	7705574
7497	evaluating	7703288
7498	lip	7697283
7499	subcommittee	7695207
7500	sap	7694814
7501	gather	7692892
7502	suse	7691084
7503	maternity	7689807
7504	backed	7688105
7505	alfred	7683998
7506	colonial	7681403
7507	mf	7681143
7508	carey	7679924
7509	motels	7671328
7510	forming	7671030
7511	embassy	7669494
7512	cave	7668883
7513	journalists	7666080
7514	danny	7664864
7515	rebecca	7664761
7516	slight	7664301
7517	proceeds	7662697
7518	indirect	7660350
7519	amongst	7657732
7520	wool	7657081
7521	foundations	7656208
7522	msgstr	7655514
7523	arrest	7653819
7524	volleyball	7652654
7525	mw	7651741
7526	adipex	7650082
7527	horizon	7648930
7528	nu	7641650
7529	deeply	7641115
7530	toolbox	7639504
7531	ict	7635837
7532	marina	7635596
7533	liabilities	7633976
7534	prizes	7632888
7535	bosnia	7630931
7536	browsers	7628576
7537	decreased	7628272
7538	patio	7627536
7539	dp	7627436
7540	tolerance	7626816
7541	surfing	7626574
7542	creativity	7625520
7543	lloyd	7624316
7544	describing	7620342
7545	optics	7616886
7546	pursue	7615784
7547	lightning	7615712
7548	overcome	7615672
7549	eyed	7613901
7550	ou	7613704
7551	quotations	7612612
7552	grab	7610506
7553	inspector	7610238
7554	attract	7608984
7555	brighton	7608900
7556	beans	7607524
7557	bookmarks	7607172
7558	ellis	7607078
7559	disable	7606571
7560	snake	7606395
7561	succeed	7605605
7562	leonard	7602783
7563	lending	7600212
7564	oops	7597549
7565	reminder	7595207
7566	nipple	7595055
7567	xi	7589570
7568	searched	7588455
7569	behavioral	7585493
7570	riverside	7585114
7571	bathrooms	7584755
7572	plains	7584638
7573	sku	7583324
7574	ht	7582554
7575	raymond	7580925
7576	insights	7579690
7577	abilities	7578665
7578	initiated	7577787
7579	sullivan	7574988
7580	za	7573829
7581	midwest	7572172
7582	karaoke	7568648
7583	trap	7568482
7584	lonely	7567701
7585	fool	7567218
7586	ve	7563495
7587	nonprofit	7563000
7588	lancaster	7560021
7589	suspended	7558542
7590	hereby	7556876
7591	observe	7556517
7592	julia	7556335
7593	containers	7553719
7594	attitudes	7553476
7595	karl	7553289
7596	berry	7551906
7597	collar	7551477
7598	simultaneously	7550101
7599	racial	7549723
7600	integrate	7547193
7601	bermuda	7545339
7602	amanda	7541237
7603	sociology	7541153
7604	mobiles	7540824
7605	screenshot	7538659
7606	exhibitions	7538148
7607	kelkoo	7537738
7608	confident	7537438
7609	retrieved	7534050
7610	exhibits	7533895
7611	officially	7533785
7612	consortium	7532771
7613	dies	7532282
7614	terrace	7531575
7615	bacteria	7530969
7616	pts	7529949
7617	replied	7528347
7618	seafood	7525177
7619	novels	7525142
7620	rh	7524738
7621	rrp	7524132
7622	recipients	7523934
7623	playboy	7523693
7624	ought	7523238
7625	delicious	7521332
7626	traditions	7520675
7627	fg	7519837
7628	jail	7515955
7629	safely	7515572
7630	finite	7514740
7631	kidney	7514651
7632	periodically	7513935
7633	fixes	7513516
7634	sends	7512707
7635	durable	7510780
7636	mazda	7509120
7637	allied	7508812
7638	throws	7506714
7639	moisture	7505832
7640	hungarian	7504915
7641	roster	7503686
7642	referring	7496798
7643	symantec	7496195
7644	spencer	7495460
7645	wichita	7494430
7646	nasdaq	7492824
7647	uruguay	7491625
7648	ooo	7491386
7649	hz	7489876
7650	transform	7488924
7651	timer	7488669
7652	tablets	7485928
7653	tuning	7480638
7654	gotten	7480306
7655	educators	7476133
7656	tyler	7474964
7657	futures	7472575
7658	vegetable	7470219
7659	verse	7469512
7660	highs	7468394
7661	humanities	7465314
7662	independently	7464079
7663	wanting	7463610
7664	custody	7459454
7665	scratch	7457515
7666	launches	7455848
7667	ipaq	7454622
7668	alignment	7454436
7669	masturbating	7453955
7670	henderson	7453879
7671	bk	7453778
7672	britannica	7452694
7673	comm	7452092
7674	ellen	7450956
7675	competitors	7449364
7676	nhs	7447103
7677	rocket	7447070
7678	aye	7441890
7679	bullet	7440918
7680	towers	7438264
7681	racks	7436380
7682	lace	7436281
7683	nasty	7434847
7684	visibility	7434248
7685	latitude	7432948
7686	consciousness	7431877
7687	ste	7430971
7688	tumor	7430480
7689	ugly	7430462
7690	deposits	7430333
7691	beverly	7429063
7692	mistress	7426613
7693	encounter	7426608
7694	trustees	7426417
7695	watts	7423674
7696	duncan	7423378
7697	reprints	7418973
7698	hart	7416862
7699	bernard	7416113
7700	resolutions	7415763
7701	ment	7415216
7702	accessing	7415131
7703	forty	7415064
7704	tubes	7413309
7705	attempted	7412242
7706	col	7402414
7707	midlands	7402328
7708	priest	7401793
7709	floyd	7401451
7710	ronald	7400733
7711	analysts	7400631
7712	queue	7398569
7713	dx	7396278
7714	sk	7392775
7715	trance	7392026
7716	locale	7391821
7717	nicholas	7390870
7718	biol	7390183
7719	yu	7383148
7720	bundle	7382454
7721	hammer	7382393
7722	invasion	7381794
7723	witnesses	7381231
7724	runner	7381022
7725	rows	7379744
7726	administered	7379068
7727	notion	7378935
7728	sq	7371207
7729	skins	7370612
7730	mailed	7370075
7731	oc	7369574
7732	fujitsu	7368844
7733	spelling	7368045
7734	arctic	7366509
7735	exams	7364984
7736	rewards	7362798
7737	beneath	7362453
7738	strengthen	7362426
7739	defend	7362127
7740	aj	7362042
7741	frederick	7360731
7742	medicaid	7356955
7743	treo	7353633
7744	infrared	7353180
7745	seventh	7351731
7746	gods	7349181
7747	une	7347765
7748	welsh	7346867
7749	belly	7346354
7750	aggressive	7345918
7751	tex	7342192
7752	advertisements	7341945
7753	quarters	7341914
7754	stolen	7341424
7755	cia	7338564
7756	sublimedirectory	7337696
7757	soonest	7335443
7758	haiti	7332685
7759	disturbed	7332357
7760	determines	7331574
7761	sculpture	7328010
7762	poly	7326088
7763	ears	7324193
7764	dod	7322498
7765	wp	7319881
7766	fist	7319405
7767	naturals	7318729
7768	neo	7316103
7769	motivation	7315438
7770	lenders	7315239
7771	pharmacology	7313571
7772	fitting	7313197
7773	fixtures	7313034
7774	bloggers	7312692
7775	mere	7312247
7776	agrees	7311475
7777	passengers	7309716
7778	quantities	7308855
7779	petersburg	7306746
7780	consistently	7304456
7781	powerpoint	7303201
7782	cons	7299642
7783	surplus	7299526
7784	elder	7299470
7785	sonic	7298920
7786	obituaries	7294410
7787	cheers	7293284
7788	dig	7292787
7789	taxi	7292568
7790	punishment	7292386
7791	appreciation	7290884
7792	subsequently	7290235
7793	om	7287650
7794	belarus	7286372
7795	nat	7285471
7796	zoning	7285410
7797	gravity	7285163
7798	providence	7284693
7799	thumb	7284386
7800	restriction	7282015
7801	incorporate	7280657
7802	backgrounds	7280105
7803	treasurer	7279010
7804	guitars	7278585
7805	essence	7275414
7806	flooring	7275214
7807	lightweight	7274935
7808	ethiopia	7273849
7809	tp	7269514
7810	mighty	7268735
7811	athletes	7268360
7812	humanity	7267430
7813	transcription	7265470
7814	jm	7262550
7815	holmes	7262057
7816	complications	7261846
7817	scholars	7260315
7818	dpi	7260183
7819	scripting	7259780
7820	gis	7259718
7821	remembered	7259499
7822	galaxy	7256361
7823	chester	7255961
7824	snapshot	7254276
7825	caring	7253663
7826	loc	7253484
7827	worn	7252925
7828	synthetic	7252923
7829	shaw	7250288
7830	vp	7249918
7831	segments	7249885
7832	testament	7246471
7833	expo	7246083
7834	dominant	7245256
7835	twist	7240854
7836	specifics	7239904
7837	itunes	7239599
7838	stomach	7234044
7839	partially	7231835
7840	buried	7228389
7841	cn	7226864
7842	newbie	7225056
7843	minimize	7223673
7844	darwin	7222807
7845	ranks	7222499
7846	wilderness	7222440
7847	debut	7220643
7848	generations	7219639
7849	tournaments	7217017
7850	bradley	7214373
7851	deny	7211272
7852	anatomy	7210406
7853	bali	7209040
7854	judy	7208668
7855	sponsorship	7207314
7856	headphones	7203965
7857	fraction	7201835
7858	trio	7201758
7859	proceeding	7201235
7860	cube	7200844
7861	defects	7197744
7862	volkswagen	7193665
7863	uncertainty	7193641
7864	breakdown	7193446
7865	milton	7192953
7866	marker	7192496
7867	reconstruction	7192366
7868	subsidiary	7192144
7869	strengths	7191478
7870	clarity	7190446
7871	rugs	7190103
7872	sandra	7188116
7873	adelaide	7187486
7874	encouraging	7187031
7875	furnished	7186113
7876	monaco	7185303
7877	settled	7183409
7878	folding	7182520
7879	emirates	7182004
7880	terrorists	7179253
7881	airfare	7179198
7882	comparisons	7177121
7883	beneficial	7174133
7884	distributions	7172968
7885	vaccine	7172504
7886	belize	7170798
7887	crap	7169097
7888	fate	7163528
7889	viewpicture	7163233
7890	promised	7162874
7891	volvo	7162635
7892	penny	7162062
7893	robust	7162001
7894	bookings	7160959
7895	threatened	7160212
7896	minolta	7160032
7897	republicans	7158782
7898	discusses	7157257
7899	gui	7157010
7900	porter	7153875
7901	gras	7152151
7902	jungle	7151430
7903	ver	7150746
7904	rn	7150230
7905	responded	7149431
7906	rim	7148785
7907	abstracts	7148233
7908	zen	7146814
7909	ivory	7146685
7910	alpine	7144035
7911	dis	7141885
7912	prediction	7141450
7913	pharmaceuticals	7139704
7914	andale	7136201
7915	fabulous	7135769
7916	remix	7132676
7917	alias	7132147
7918	thesaurus	7130215
7919	individually	7129413
7920	battlefield	7124495
7921	literally	7123178
7922	newer	7122879
7923	kay	7122340
7924	ecological	7120322
7925	spice	7120274
7926	oval	7119163
7927	implies	7118895
7928	cg	7118113
7929	soma	7116175
7930	ser	7114069
7931	cooler	7113822
7932	appraisal	7113257
7933	consisting	7112172
7934	maritime	7110338
7935	periodic	7109279
7936	submitting	7109263
7937	overhead	7109005
7938	ascii	7108409
7939	prospect	7104679
7940	shipment	7101837
7941	breeding	7099543
7942	citations	7098366
7943	geographical	7097027
7944	donor	7096675
7945	mozambique	7096287
7946	tension	7095608
7947	href	7095087
7948	benz	7094855
7949	trash	7092806
7950	shapes	7092073
7951	wifi	7092027
7952	tier	7089353
7953	fwd	7086252
7954	earl	7084976
7955	manor	7084688
7956	envelope	7082265
7957	diane	7081367
7958	homeland	7078337
7959	disclaimers	7074734
7960	championships	7072912
7961	excluded	7071343
7962	andrea	7068627
7963	breeds	7068459
7964	rapids	7068412
7965	disco	7067687
7966	sheffield	7065072
7967	bailey	7064210
7968	aus	7063525
7969	endif	7063258
7970	finishing	7061480
7971	emotions	7060789
7972	wellington	7059665
7973	incoming	7058840
7974	prospects	7058609
7975	lexmark	7057573
7976	cleaners	7057391
7977	bulgarian	7056806
7978	hwy	7052767
7979	eternal	7051757
7980	cashiers	7050805
7981	guam	7048764
7982	cite	7045823
7983	aboriginal	7042822
7984	remarkable	7042042
7985	rotation	7041716
7986	nam	7037733
7987	preventing	7037005
7988	productive	7036132
7989	boulevard	7036096
7990	eugene	7035647
7991	ix	7031195
7992	gdp	7029981
7993	pig	7028841
7994	metric	7027911
7995	compliant	7025769
7996	minus	7025364
7997	penalties	7023725
7998	bennett	7021418
7999	imagination	7019006
8000	hotmail	7018682
8001	refurbished	7018259
8002	joshua	7018211
8003	armenia	7014638
8004	varied	7013799
8005	grande	7012300
8006	closest	7011109
8007	activated	7010205
8008	actress	7010056
8009	mess	7008727
8010	conferencing	7008203
8011	assign	7007787
8012	armstrong	7006855
8013	politicians	7005074
8014	trackbacks	7004496
8015	lit	7003064
8016	accommodate	7002915
8017	tigers	7001213
8018	aurora	7000546
8019	una	6999910
8020	slides	6999875
8021	milan	6999311
8022	premiere	6998633
8023	lender	6998474
8024	villages	6997181
8025	shade	6996835
8026	chorus	6994116
8027	christine	6993943
8028	rhythm	6993833
8029	digit	6991045
8030	argued	6989831
8031	dietary	6988904
8032	symphony	6988846
8033	clarke	6987535
8034	sudden	6982423
8035	accepting	6981678
8036	precipitation	6980701
8037	marilyn	6980500
8038	lions	6980244
8039	findlaw	6978485
8040	ada	6977809
8041	pools	6977605
8042	tb	6972398
8043	lyric	6970278
8044	claire	6965584
8045	isolation	6964319
8046	speeds	6959553
8047	sustained	6959107
8048	matched	6956828
8049	approximate	6952889
8050	rope	6947989
8051	carroll	6946701
8052	rational	6946029
8053	programmer	6945578
8054	fighters	6943528
8055	chambers	6943275
8056	dump	6942258
8057	greetings	6940235
8058	inherited	6938093
8059	warming	6936723
8060	incomplete	6935973
8061	vocals	6935028
8062	chronicle	6933665
8063	fountain	6932099
8064	chubby	6930695
8065	grave	6929008
8066	legitimate	6928802
8067	biographies	6927628
8068	burner	6925111
8069	yrs	6924463
8070	foo	6923081
8071	investigator	6922557
8072	gba	6921458
8073	plaintiff	6921228
8074	finnish	6916250
8075	gentle	6913935
8076	bm	6912845
8077	prisoners	6912118
8078	deeper	6910132
8079	muslims	6910095
8080	hose	6909109
8081	mediterranean	6908392
8082	nightlife	6907863
8083	footage	6907471
8084	howto	6907401
8085	worthy	6907063
8086	reveals	6905372
8087	architects	6905009
8088	saints	6904519
8089	entrepreneur	6902698
8090	carries	6902565
8091	sig	6901508
8092	freelance	6900216
8093	duo	6898480
8094	excessive	6897882
8095	devon	6896016
8096	screensaver	6895910
8097	helena	6893327
8098	saves	6892635
8099	regarded	6892622
8100	valuation	6892298
8101	unexpected	6891123
8102	cigarette	6890707
8103	fog	6889832
8104	characteristic	6889575
8105	marion	6889564
8106	lobby	6887477
8107	egyptian	6886505
8108	tunisia	6884276
8109	metallica	6880755
8110	outlined	6879767
8111	consequently	6878129
8112	headline	6877614
8113	treating	6876896
8114	punch	6872844
8115	appointments	6872540
8116	str	6871657
8117	gotta	6870320
8118	cowboy	6868615
8119	narrative	6865202
8120	bahrain	6863973
8121	enormous	6863738
8122	karma	6862407
8123	consist	6861709
8124	betty	6858121
8125	queens	6857915
8126	academics	6857856
8127	pubs	6856583
8128	quantitative	6856307
8129	shemales	6856195
8130	lucas	6855976
8131	screensavers	6854686
8132	subdivision	6853615
8133	tribes	6852777
8134	vip	6851845
8135	defeat	6851628
8136	clicks	6850538
8137	distinction	6847512
8138	honduras	6846795
8139	naughty	6845743
8140	hazards	6844737
8141	insured	6844376
8142	harper	6843424
8143	livestock	6843285
8144	mardi	6842238
8145	exemption	6842211
8146	tenant	6841635
8147	sustainability	6841235
8148	cabinets	6839944
8149	tattoo	6839828
8150	shake	6839319
8151	algebra	6837784
8152	shadows	6834963
8153	holly	6834032
8154	formatting	6833739
8155	silly	6833654
8156	nutritional	6832614
8157	yea	6831773
8158	mercy	6831149
8159	hartford	6827422
8160	freely	6826769
8161	marcus	6825770
8162	sunrise	6825721
8163	wrapping	6825675
8164	mild	6825099
8165	fur	6824491
8166	nicaragua	6823056
8167	weblogs	6821124
8168	timeline	6819400
8169	tar	6815687
8170	belongs	6811798
8171	rj	6809450
8172	readily	6800893
8173	affiliation	6800211
8174	soc	6796618
8175	fence	6796605
8176	nudist	6796558
8177	infinite	6795427
8178	diana	6795021
8179	ensures	6794220
8180	relatives	6790916
8181	lindsay	6788857
8182	clan	6788642
8183	legally	6786936
8184	shame	6785296
8185	satisfactory	6785226
8186	revolutionary	6784780
8187	bracelets	6784037
8188	sync	6783321
8189	civilian	6782491
8190	telephony	6781709
8191	mesa	6780960
8192	fatal	6779744
8193	remedy	6779161
8194	realtors	6779056
8195	breathing	6778253
8196	briefly	6777662
8197	thickness	6777013
8198	adjustments	6774522
8199	graphical	6772818
8200	genius	6770764
8201	discussing	6770039
8202	aerospace	6769942
8203	fighter	6769666
8204	meaningful	6768984
8205	flesh	6768724
8206	retreat	6768275
8207	adapted	6767295
8208	barely	6764292
8209	wherever	6763200
8210	estates	6762781
8211	rug	6759009
8212	democrat	6758314
8213	borough	6757768
8214	maintains	6757738
8215	failing	6757353
8216	shortcuts	6755251
8217	ka	6754270
8218	retained	6752745
8219	voyeurweb	6751740
8220	pamela	6751640
8221	andrews	6748385
8222	marble	6745255
8223	extending	6744759
8224	jesse	6744751
8225	specifies	6744015
8226	hull	6744002
8227	logitech	6743685
8228	surrey	6743263
8229	briefing	6737775
8230	belkin	6736236
8231	dem	6736082
8232	accreditation	6733072
8233	wav	6732310
8234	blackberry	6731784
8235	highland	6731053
8236	meditation	6729371
8237	modular	6729139
8238	microphone	6728403
8239	macedonia	6727127
8240	combining	6724712
8241	brandon	6724445
8242	instrumental	6724375
8243	giants	6724177
8244	organizing	6723300
8245	shed	6720397
8246	balloon	6719614
8247	moderators	6714560
8248	winston	6712262
8249	memo	6710272
8250	ham	6710254
8251	solved	6710172
8252	tide	6705696
8253	kazakhstan	6705621
8254	hawaiian	6701194
8255	standings	6701017
8256	partition	6700658
8257	invisible	6699963
8258	gratuit	6699832
8259	consoles	6699804
8260	funk	6697219
8261	fbi	6697183
8262	qatar	6695603
8263	magnet	6694571
8264	translations	6694010
8265	porsche	6691885
8266	cayman	6691441
8267	jaguar	6687890
8268	reel	6687134
8269	sheer	6684477
8270	commodity	6684471
8271	posing	6683144
8272	wang	6682155
8273	kilometers	6677539
8274	rp	6677416
8275	bind	6677053
8276	thanksgiving	6676568
8277	rand	6676222
8278	hopkins	6674368
8279	urgent	6674221
8280	guarantees	6674117
8281	infants	6673177
8282	gothic	6673024
8283	cylinder	6672412
8284	witch	6671560
8285	buck	6669472
8286	indication	6667902
8287	eh	6667066
8288	congratulations	6666777
8289	tba	6666724
8290	cohen	6665722
8291	sie	6665401
8292	usgs	6663806
8293	puppy	6662287
8294	kathy	6661457
8295	acre	6660361
8296	graphs	6660200
8297	surround	6660071
8298	cigarettes	6658273
8299	revenge	6655322
8300	expires	6654690
8301	enemies	6654467
8302	lows	6654240
8303	controllers	6652762
8304	aqua	6650975
8305	chen	6650939
8306	emma	6649709
8307	consultancy	6648252
8308	finances	6647959
8309	accepts	6647640
8310	enjoying	6647058
8311	conventions	6647013
8312	eva	6646235
8313	patrol	6645446
8314	smell	6642666
8315	pest	6638255
8316	hc	6636932
8317	italiano	6635888
8318	coordinates	6635126
8319	rca	6634774
8320	fp	6634623
8321	carnival	6633835
8322	roughly	6633076
8323	sticker	6632250
8324	promises	6632069
8325	responding	6629299
8326	reef	6627185
8327	physically	6626169
8328	divide	6625143
8329	stakeholders	6624570
8330	hydrocodone	6623055
8331	gst	6621639
8332	consecutive	6620830
8333	cornell	6620754
8334	satin	6620674
8335	bon	6619974
8336	deserve	6619274
8337	attempting	6618228
8338	mailto	6617507
8339	promo	6616863
8340	jj	6616163
8341	representations	6615452
8342	chan	6612938
8343	worried	6610456
8344	tunes	6610108
8345	garbage	6609450
8346	competing	6608747
8347	combines	6606328
8348	mas	6602100
8349	beth	6597110
8350	bradford	6596963
8351	len	6596651
8352	phrases	6596622
8353	kai	6593897
8354	peninsula	6592516
8355	chelsea	6592362
8356	boring	6590871
8357	reynolds	6590765
8358	dom	6590045
8359	jill	6589607
8360	accurately	6587832
8361	speeches	6587170
8362	reaches	6584676
8363	schema	6584321
8364	considers	6583467
8365	sofa	6581358
8366	catalogs	6580887
8367	ministries	6578188
8368	vacancies	6574616
8369	quizzes	6574487
8370	parliamentary	6572284
8371	obj	6572150
8372	prefix	6571204
8373	lucia	6571033
8374	savannah	6569355
8375	barrel	6568339
8376	typing	6567944
8377	nerve	6567418
8378	dans	6566589
8379	planets	6565548
8380	deficit	6564569
8381	boulder	6562262
8382	pointing	6562181
8383	renew	6561081
8384	coupled	6560131
8385	viii	6557928
8386	myanmar	6557198
8387	metadata	6557081
8388	harold	6554087
8389	circuits	6553324
8390	floppy	6552141
8391	texture	6551718
8392	handbags	6550555
8393	jar	6549211
8394	ev	6548438
8395	somerset	6547979
8396	incurred	6547035
8397	acknowledge	6546612
8398	thoroughly	6545165
8399	antigua	6542883
8400	nottingham	6542853
8401	thunder	6542703
8402	tent	6542394
8403	caution	6542160
8404	identifies	6540017
8405	questionnaire	6539764
8406	qualification	6537637
8407	locks	6536771
8408	modelling	6535752
8409	namely	6534503
8410	miniature	6534321
8411	dept	6534300
8412	hack	6533909
8413	dare	6533855
8414	euros	6533754
8415	interstate	6531883
8416	pirates	6531487
8417	aerial	6531386
8418	hawk	6529086
8419	consequence	6528999
8420	rebel	6527810
8421	systematic	6527542
8422	perceived	6527194
8423	origins	6526476
8424	hired	6526426
8425	makeup	6525396
8426	textile	6524569
8427	lamb	6524456
8428	madagascar	6524173
8429	nathan	6523975
8430	tobago	6521836
8431	presenting	6521475
8432	cos	6519725
8433	troubleshooting	6519650
8434	uzbekistan	6517603
8435	indexes	6516296
8436	pac	6515935
8437	rl	6515779
8438	erp	6511150
8439	centuries	6510767
8440	gl	6510137
8441	magnitude	6507232
8442	ui	6506925
8443	richardson	6506250
8444	hindu	6505867
8445	dh	6501864
8446	fragrances	6501326
8447	vocabulary	6500785
8448	licking	6499813
8449	earthquake	6498726
8450	vpn	6498481
8451	fundraising	6497328
8452	fcc	6495119
8453	markers	6494071
8454	weights	6493767
8455	albania	6491835
8456	geological	6489369
8457	assessing	6488267
8458	lasting	6487026
8459	wicked	6486222
8460	eds	6486176
8461	introduces	6484370
8462	kills	6484339
8463	roommate	6484327
8464	webcams	6484304
8465	pushed	6482839
8466	webmasters	6482110
8467	ro	6478647
8468	df	6477096
8469	computational	6475374
8470	acdbentity	6475222
8471	participated	6474500
8472	junk	6474279
8473	handhelds	6473739
8474	wax	6472822
8475	lucy	6472814
8476	answering	6472783
8477	hans	6471170
8478	impressed	6470043
8479	slope	6469975
8480	reggae	6467917
8481	failures	6467553
8482	poet	6466394
8483	conspiracy	6464990
8484	surname	6464687
8485	theology	6464165
8486	nails	6463889
8487	evident	6462719
8488	whats	6462263
8489	rides	6461201
8490	rehab	6460331
8491	epic	6457720
8492	saturn	6456206
8493	organizer	6455968
8494	nut	6455927
8495	allergy	6453834
8496	sake	6452394
8497	twisted	6451973
8498	combinations	6451955
8499	preceding	6451360
8500	merit	6450895
8501	enzyme	6450842
8502	cumulative	6449838
8503	zshops	6447499
8504	planes	6446290
8505	edmonton	6446043
8506	tackle	6445389
8507	disks	6445126
8508	condo	6444848
8509	pokemon	6444774
8510	amplifier	6444590
8511	ambien	6442311
8512	arbitrary	6442074
8513	prominent	6441825
8514	retrieve	6441254
8515	lexington	6440847
8516	vernon	6439809
8517	sans	6439653
8518	worldcat	6437269
8519	titanium	6437241
8520	irs	6436696
8521	fairy	6435300
8522	builds	6432334
8523	contacted	6431982
8524	shaft	6431372
8525	lean	6431362
8526	bye	6427151
8527	cdt	6426948
8528	recorders	6424565
8529	occasional	6424555
8530	leslie	6423961
8531	casio	6423721
8532	deutsche	6422601
8533	ana	6422027
8534	postings	6417777
8535	innovations	6416376
8536	kitty	6414935
8537	postcards	6413643
8538	dude	6412649
8539	drain	6411642
8540	monte	6411384
8541	fires	6407259
8542	algeria	6407167
8543	blessed	6405474
8544	luis	6405197
8545	reviewing	6403305
8546	cardiff	6403258
8547	cornwall	6402077
8548	favors	6399252
8549	potato	6397517
8550	panic	6396440
8551	explicitly	6393990
8552	sticks	6393950
8553	leone	6393163
8554	transsexual	6392288
8555	ez	6391263
8556	citizenship	6390878
8557	excuse	6390272
8558	reforms	6389308
8559	basement	6386071
8560	onion	6384730
8561	strand	6383185
8562	pf	6382635
8563	sandwich	6382356
8564	uw	6381768
8565	lawsuit	6381221
8566	alto	6380149
8567	informative	6379114
8568	girlfriend	6379028
8569	bloomberg	6378688
8570	cheque	6377286
8571	hierarchy	6376694
8572	influenced	6376458
8573	banners	6376393
8574	reject	6375348
8575	eau	6374072
8576	abandoned	6371760
8577	bd	6371664
8578	circles	6369809
8579	italic	6368489
8580	beats	6367861
8581	merry	6367037
8582	mil	6366921
8583	scuba	6366349
8584	gore	6361800
8585	complement	6360526
8586	cult	6358930
8587	dash	6357959
8588	passive	6357851
8589	mauritius	6357477
8590	valued	6356728
8591	cage	6355861
8592	checklist	6354694
8593	bangbus	6353279
8594	requesting	6353012
8595	courage	6352530
8596	verde	6352373
8597	lauderdale	6351956
8598	scenarios	6349970
8599	gazette	6349968
8600	hitachi	6349691
8601	divx	6349677
8602	extraction	6349194
8603	batman	6348582
8604	elevation	6344864
8605	hearings	6342388
8606	coleman	6342263
8607	hugh	6339596
8608	lap	6338010
8609	utilization	6337608
8610	beverages	6337228
8611	calibration	6336910
8612	jake	6335873
8613	eval	6334960
8614	efficiently	6334769
8615	anaheim	6334553
8616	ping	6333297
8617	textbook	6332509
8618	dried	6331606
8619	entertaining	6330073
8620	prerequisite	6329988
8621	luther	6328857
8622	frontier	6327201
8623	settle	6326394
8624	stopping	6325995
8625	refugees	6325438
8626	knights	6324315
8627	hypothesis	6323872
8628	palmer	6323593
8629	medicines	6321964
8630	flux	6321668
8631	derby	6319608
8632	sao	6318816
8633	peaceful	6318477
8634	altered	6316108
8635	pontiac	6314853
8636	regression	6314300
8637	doctrine	6312134
8638	scenic	6312130
8639	trainers	6312095
8640	muze	6311141
8641	enhancements	6307063
8642	renewable	6305969
8643	intersection	6304801
8644	passwords	6302572
8645	sewing	6301885
8646	consistency	6300897
8647	collectors	6300613
8648	conclude	6300601
8649	recognised	6297911
8650	munich	6297531
8651	oman	6297262
8652	celebs	6293895
8653	gmc	6293509
8654	propose	6292372
8655	hh	6292300
8656	azerbaijan	6289278
8657	lighter	6287712
8658	rage	6286645
8659	adsl	6286188
8660	uh	6281943
8661	prix	6281426
8662	astrology	6279280
8663	advisors	6279269
8664	pavilion	6278119
8665	tactics	6277023
8666	trusts	6275089
8667	occurring	6273414
8668	supplemental	6271983
8669	travelling	6271787
8670	talented	6268788
8671	annie	6267924
8672	pillow	6267773
8673	induction	6267061
8674	derek	6266654
8675	precisely	6265488
8676	shorter	6265445
8677	harley	6264719
8678	spreading	6264419
8679	provinces	6263860
8680	relying	6262733
8681	finals	6260305
8682	paraguay	6257916
8683	steal	6257493
8684	parcel	6256814
8685	refined	6256800
8686	fd	6256011
8687	bo	6255729
8688	fifteen	6252259
8689	widespread	6250188
8690	incidence	6249289
8691	fears	6244239
8692	predict	6242784
8693	boutique	6242143
8694	acrylic	6241613
8695	rolled	6241330
8696	tuner	6238319
8697	avon	6237273
8698	incidents	6230779
8699	peterson	6226705
8700	rays	6225964
8701	asn	6225925
8702	shannon	6225567
8703	toddler	6223093
8704	enhancing	6222606
8705	flavor	6222543
8706	alike	6220739
8707	walt	6219614
8708	homeless	6218611
8709	horrible	6218089
8710	hungry	6217455
8711	metallic	6216751
8712	acne	6215449
8713	blocked	6214606
8714	interference	6209872
8715	warriors	6208650
8716	palestine	6208235
8717	listprice	6204865
8718	libs	6202263
8719	undo	6201919
8720	cadillac	6200446
8721	atmospheric	6200192
8722	malawi	6199471
8723	wm	6199142
8724	pk	6197942
8725	sagem	6195840
8726	knowledgestorm	6195388
8727	dana	6195188
8728	halo	6194202
8729	ppm	6193757
8730	curtis	6192140
8731	parental	6191119
8732	referenced	6189204
8733	strikes	6186772
8734	lesser	6186413
8735	publicity	6185967
8736	marathon	6184918
8737	ant	6182704
8738	proposition	6182044
8739	gays	6180881
8740	pressing	6180129
8741	gasoline	6179239
8742	apt	6178351
8743	dressed	6178034
8744	scout	6176157
8745	belfast	6176071
8746	exec	6175969
8747	dealt	6174968
8748	niagara	6173308
8749	inf	6171461
8750	eos	6169309
8751	warcraft	6168116
8752	charms	6168055
8753	catalyst	6166925
8754	trader	6166016
8755	bucks	6165133
8756	allowance	6163760
8757	vcr	6160813
8758	denial	6157847
8759	uri	6157239
8760	designation	6156865
8761	thrown	6153088
8762	prepaid	6151760
8763	raises	6150727
8764	gem	6147908
8765	duplicate	6146837
8766	electro	6146299
8767	criterion	6145788
8768	badge	6145138
8769	wrist	6143580
8770	civilization	6143054
8771	analyzed	6139654
8772	vietnamese	6139248
8773	heath	6139151
8774	tremendous	6136813
8775	ballot	6136404
8776	lexus	6134590
8777	varying	6133265
8778	remedies	6133085
8779	validity	6132692
8780	trustee	6132688
8781	maui	6131805
8782	handjobs	6128373
8783	weighted	6127410
8784	angola	6127254
8785	squirt	6126880
8786	performs	6125810
8787	plastics	6124848
8788	realm	6122762
8789	corrected	6122004
8790	jenny	6118544
8791	helmet	6117300
8792	salaries	6117284
8793	postcard	6117094
8794	elephant	6116985
8795	yemen	6111610
8796	encountered	6108842
8797	tsunami	6108023
8798	scholar	6106465
8799	nickel	6105089
8800	internationally	6101687
8801	surrounded	6101488
8802	psi	6101411
8803	buses	6101027
8804	expedia	6100602
8805	geology	6099879
8806	pct	6099347
8807	wb	6099072
8808	creatures	6098952
8809	coating	6098897
8810	commented	6098391
8811	wallet	6097891
8812	cleared	6097495
8813	smilies	6093367
8814	vids	6092312
8815	accomplish	6091676
8816	boating	6091365
8817	drainage	6091287
8818	shakira	6087653
8819	corners	6087498
8820	broader	6086711
8821	vegetarian	6084997
8822	rouge	6084449
8823	yeast	6083904
8824	yale	6083140
8825	newfoundland	6082223
8826	sn	6080096
8827	qld	6079639
8828	pas	6077603
8829	clearing	6077447
8830	investigated	6077280
8831	dk	6076460
8832	ambassador	6071252
8833	coated	6071039
8834	intend	6069497
8835	stephanie	6069137
8836	contacting	6067411
8837	vegetation	6067206
8838	doom	6066610
8839	findarticles	6066519
8840	louise	6065742
8841	kenny	6065528
8842	specially	6065220
8843	owen	6063384
8844	routines	6062898
8845	hitting	6061673
8846	yukon	6061476
8847	beings	6059538
8848	bite	6058201
8849	issn	6057792
8850	aquatic	6056753
8851	reliance	6056226
8852	habits	6054045
8853	striking	6053333
8854	myth	6053018
8855	infectious	6051038
8856	podcasts	6050218
8857	singh	6049797
8858	gig	6049004
8859	gilbert	6048799
8860	sas	6048241
8861	ferrari	6048131
8862	continuity	6045562
8863	brook	6044943
8864	fu	6044169
8865	outputs	6043129
8866	phenomenon	6041881
8867	ensemble	6041105
8868	insulin	6039475
8869	assured	6038675
8870	biblical	6038616
8871	weed	6037596
8872	conscious	6037028
8873	accent	6036395
8874	mysimon	6034163
8875	eleven	6033802
8876	wives	6031432
8877	ambient	6031360
8878	utilize	6030953
8879	mileage	6029552
8880	oecd	6028689
8881	prostate	6027360
8882	adaptor	6027066
8883	auburn	6026025
8884	unlock	6026007
8885	hyundai	6025312
8886	pledge	6025016
8887	vampire	6024192
8888	angela	6024003
8889	relates	6023862
8890	nitrogen	6022130
8891	xerox	6022102
8892	dice	6021831
8893	merger	6021111
8894	softball	6020491
8895	referrals	6020422
8896	quad	6017819
8897	dock	6017754
8898	differently	6017583
8899	firewire	6017468
8900	mods	6017018
8901	nextel	6016435
8902	framing	6016034
8903	organised	6011975
8904	musician	6011315
8905	blocking	6008690
8906	rwanda	6007209
8907	sorts	6005834
8908	integrating	6005665
8909	vsnet	6005064
8910	limiting	6004972
8911	dispatch	6004425
8912	revisions	6004256
8913	papua	6002552
8914	restored	6002392
8915	hint	6001895
8916	armor	6001844
8917	riders	6001273
8918	chargers	6000301
8919	remark	5999841
8920	dozens	5999337
8921	varies	5999198
8922	msie	5996948
8923	reasoning	5996840
8924	wn	5993769
8925	liz	5991073
8926	rendered	5990550
8927	picking	5990492
8928	charitable	5989558
8929	guards	5989547
8930	annotated	5988571
8931	ccd	5988412
8932	sv	5987934
8933	convinced	5987616
8934	openings	5987589
8935	buys	5986960
8936	burlington	5985020
8937	replacing	5983876
8938	researcher	5982544
8939	watershed	5982111
8940	councils	5981809
8941	occupations	5980975
8942	acknowledged	5979804
8943	nudity	5978413
8944	kruger	5975805
8945	pockets	5975452
8946	granny	5975081
8947	pork	5973507
8948	zu	5972390
8949	equilibrium	5971011
8950	viral	5969493
8951	inquire	5968138
8952	pipes	5966191
8953	characterized	5965898
8954	laden	5964620
8955	aruba	5964318
8956	cottages	5964290
8957	realtor	5962026
8958	merge	5961585
8959	privilege	5960038
8960	edgar	5959034
8961	develops	5958900
8962	qualifying	5958210
8963	chassis	5955012
8964	dubai	5952494
8965	estimation	5952184
8966	barn	5952183
8967	pushing	5952141
8968	llp	5951744
8969	fleece	5950232
8970	pediatric	5949762
8971	boc	5949738
8972	fare	5949355
8973	dg	5949307
8974	asus	5947920
8975	pierce	5946907
8976	allan	5945293
8977	dressing	5944875
8978	techrepublic	5944800
8979	sperm	5944531
8980	vg	5944084
8981	bald	5944017
8982	filme	5943984
8983	craps	5943974
8984	fuji	5943699
8985	frost	5940685
8986	leon	5939361
8987	institutes	5938374
8988	mold	5937161
8989	dame	5935872
8990	fo	5935254
8991	sally	5933047
8992	yacht	5932756
8993	tracy	5931717
8994	prefers	5931628
8995	drilling	5931255
8996	brochures	5931237
8997	herb	5930548
8998	tmp	5929750
8999	alot	5929674
9000	ate	5929336
9001	breach	5928795
9002	whale	5928569
9003	traveller	5928308
9004	appropriations	5926818
9005	suspected	5926215
9006	tomatoes	5924980
9007	benchmark	5924880
9008	beginners	5924643
9009	instructors	5924562
9010	highlighted	5924450
9011	bedford	5924396
9012	stationery	5923389
9013	idle	5921579
9014	mustang	5920696
9015	unauthorized	5918928
9016	clusters	5918151
9017	antibody	5917782
9018	competent	5917697
9019	momentum	5916698
9020	fin	5916557
9021	wiring	5915941
9022	io	5915106
9023	pastor	5915067
9024	mud	5915017
9025	calvin	5911132
9026	uni	5909498
9027	shark	5904454
9028	contributor	5902799
9029	demonstrates	5902304
9030	phases	5901947
9031	grateful	5901215
9032	emerald	5900723
9033	gradually	5900673
9034	laughing	5900004
9035	grows	5899321
9036	cliff	5898886
9037	desirable	5898611
9038	tract	5897046
9039	ul	5896313
9040	ballet	5896294
9041	ol	5896093
9042	journalist	5895302
9043	abraham	5894747
9044	js	5891426
9045	bumper	5888291
9046	afterwards	5887924
9047	webpage	5887682
9048	religions	5885745
9049	garlic	5884664
9050	hostels	5882823
9051	shine	5881862
9052	senegal	5881287
9053	explosion	5877201
9054	pn	5874042
9055	banned	5873696
9056	wendy	5873301
9057	briefs	5872333
9058	signatures	5871903
9059	diffs	5870429
9060	cove	5868737
9061	mumbai	5865695
9062	ozone	5865280
9063	disciplines	5863597
9064	casa	5862928
9065	mu	5862273
9066	daughters	5859931
9067	conversations	5859623
9068	radios	5858974
9069	tariff	5858045
9070	nvidia	5857620
9071	opponent	5857157
9072	pasta	5855460
9073	simplified	5855338
9074	muscles	5855328
9075	serum	5854942
9076	wrapped	5852802
9077	swift	5850031
9078	motherboard	5848082
9079	runtime	5846114
9080	inbox	5845223
9081	focal	5844761
9082	bibliographic	5844300
9083	vagina	5844003
9084	eden	5843083
9085	distant	5843044
9086	incl	5842780
9087	champagne	5842565
9088	ala	5842094
9089	decimal	5842077
9090	hq	5840680
9091	deviation	5840675
9092	superintendent	5840171
9093	propecia	5839805
9094	dip	5839794
9095	nbc	5838491
9096	samba	5838327
9097	hostel	5837147
9098	housewives	5836649
9099	employ	5836385
9100	mongolia	5835847
9101	penguin	5835109
9102	magical	5834922
9103	influences	5834542
9104	inspections	5833062
9105	irrigation	5830874
9106	miracle	5829725
9107	manually	5828485
9108	reprint	5827192
9109	reid	5827023
9110	wt	5825769
9111	hydraulic	5825729
9112	centered	5823521
9113	robertson	5823015
9114	flex	5822075
9115	yearly	5822036
9116	penetration	5821758
9117	wound	5820050
9118	belle	5820002
9119	rosa	5819587
9120	conviction	5818769
9121	hash	5816883
9122	omissions	5816366
9123	writings	5816200
9124	hamburg	5815407
9125	lazy	5813872
9126	mv	5813191
9127	mpg	5811089
9128	retrieval	5809664
9129	qualities	5809457
9130	cindy	5809307
9131	lolita	5809263
9132	fathers	5808095
9133	carb	5806756
9134	charging	5805957
9135	cas	5805006
9136	marvel	5803188
9137	lined	5802278
9138	cio	5798955
9139	dow	5798818
9140	prototype	5797559
9141	importantly	5797467
9142	rb	5796462
9143	petite	5796298
9144	apparatus	5795626
9145	upc	5794572
9146	terrain	5793822
9147	dui	5793574
9148	pens	5793328
9149	explaining	5793125
9150	yen	5792863
9151	strips	5791691
9152	gossip	5789586
9153	rangers	5785364
9154	nomination	5784301
9155	empirical	5783958
9156	mh	5783831
9157	rotary	5782181
9158	worm	5782079
9159	dependence	5780801
9160	discrete	5780056
9161	beginner	5779949
9162	boxed	5778226
9163	lid	5776418
9164	sexuality	5775359
9165	polyester	5775223
9166	cubic	5774261
9167	deaf	5774245
9168	commitments	5773468
9169	suggesting	5773290
9170	sapphire	5772561
9171	kinase	5772539
9172	skirts	5771336
9173	mats	5769854
9174	remainder	5767514
9175	crawford	5766156
9176	labeled	5765620
9177	privileges	5765198
9178	televisions	5763445
9179	specializing	5763389
9180	marking	5763345
9181	commodities	5761180
9182	pvc	5760922
9183	serbia	5759300
9184	sheriff	5758797
9185	griffin	5758614
9186	declined	5758614
9187	guyana	5758483
9188	spies	5756937
9189	blah	5755885
9190	mime	5755769
9191	neighbor	5753134
9192	motorcycles	5749435
9193	elect	5748899
9194	highways	5745573
9195	thinkpad	5745506
9196	concentrate	5744544
9197	intimate	5744011
9198	reproductive	5743545
9199	preston	5742424
9200	deadly	5740299
9201	cunt	5737830
9202	feof	5735511
9203	bunny	5730050
9204	chevy	5729809
9205	molecules	5729526
9206	rounds	5728310
9207	longest	5727593
9208	refrigerator	5726901
9209	tions	5726510
9210	intervals	5726477
9211	sentences	5723424
9212	dentists	5722434
9213	usda	5722074
9214	exclusion	5721930
9215	workstation	5720085
9216	holocaust	5719888
9217	keen	5719759
9218	flyer	5718564
9219	peas	5718446
9220	dosage	5718176
9221	receivers	5718103
9222	urls	5718070
9223	customise	5717426
9224	disposition	5717084
9225	variance	5713415
9226	navigator	5712459
9227	investigators	5712386
9228	cameroon	5712068
9229	baking	5711682
9230	marijuana	5711213
9231	adaptive	5711114
9232	computed	5709026
9233	needle	5708007
9234	baths	5707960
9235	enb	5707514
9236	gg	5707323
9237	cathedral	5707027
9238	brakes	5706374
9239	og	5704248
9240	nirvana	5702748
9241	ko	5702467
9242	fairfield	5702369
9243	owns	5702245
9244	til	5700373
9245	invision	5699758
9246	sticky	5698936
9247	destiny	5698721
9248	generous	5698368
9249	madness	5698238
9250	emacs	5697594
9251	climb	5697476
9252	blowing	5695084
9253	fascinating	5694739
9254	landscapes	5694671
9255	heated	5694239
9256	lafayette	5693356
9257	jackie	5693142
9258	wto	5692621
9259	computation	5690959
9260	hay	5688403
9261	cardiovascular	5688372
9262	ww	5686454
9263	sparc	5686425
9264	cardiac	5684878
9265	salvation	5684577
9266	dover	5683356
9267	adrian	5683331
9268	predictions	5682037
9269	accompanying	5681015
9270	vatican	5678469
9271	brutal	5675803
9272	learners	5675657
9273	gd	5675522
9274	selective	5674677
9275	arbitration	5674307
9276	configuring	5673670
9277	token	5672353
9278	editorials	5671680
9279	zinc	5671140
9280	sacrifice	5670665
9281	seekers	5668954
9282	guru	5668074
9283	isa	5666214
9284	removable	5664689
9285	convergence	5663627
9286	yields	5663314
9287	gibraltar	5663131
9288	levy	5663032
9289	suited	5662955
9290	numeric	5662908
9291	anthropology	5661140
9292	skating	5660985
9293	kinda	5660928
9294	aberdeen	5660658
9295	emperor	5660656
9296	grad	5658668
9297	malpractice	5656959
9298	dylan	5656291
9299	bras	5656032
9300	belts	5651790
9301	blacks	5650814
9302	educated	5649174
9303	rebates	5648615
9304	reporters	5648250
9305	burke	5646090
9306	proudly	5645732
9307	pix	5645638
9308	necessity	5645294
9309	rendering	5644923
9310	mic	5643454
9311	inserted	5642430
9312	pulling	5640701
9313	basename	5640149
9314	kyle	5640039
9315	obesity	5640025
9316	curves	5638455
9317	suburban	5637047
9318	touring	5635653
9319	clara	5633877
9320	vertex	5633609
9321	bw	5633038
9322	hepatitis	5632394
9323	nationally	5630976
9324	tomato	5630352
9325	andorra	5629631
9326	waterproof	5628399
9327	expired	5626476
9328	mj	5625608
9329	travels	5625413
9330	flush	5625285
9331	waiver	5625238
9332	pale	5622699
9333	specialties	5622296
9334	hayes	5621719
9335	humanitarian	5621464
9336	invitations	5621134
9337	functioning	5619525
9338	delight	5619474
9339	survivor	5618749
9340	garcia	5618525
9341	cingular	5617266
9342	economies	5616670
9343	alexandria	5616299
9344	bacterial	5616140
9345	moses	5615802
9346	counted	5615635
9347	undertake	5613443
9348	declare	5612067
9349	continuously	5610397
9350	johns	5610302
9351	valves	5609119
9352	gaps	5608655
9353	impaired	5607542
9354	achievements	5607204
9355	donors	5607009
9356	tear	5605530
9357	jewel	5603871
9358	teddy	5602073
9359	lf	5601187
9360	convertible	5600483
9361	ata	5599667
9362	teaches	5599377
9363	ventures	5598213
9364	nil	5598171
9365	bufing	5595758
9366	stranger	5595615
9367	tragedy	5594610
9368	julian	5593951
9369	nest	5593866
9370	pam	5592553
9371	dryer	5592001
9372	painful	5591729
9373	velvet	5591498
9374	tribunal	5589955
9375	ruled	5589851
9376	nato	5588698
9377	pensions	5587823
9378	prayers	5587372
9379	funky	5587279
9380	secretariat	5585386
9381	nowhere	5582367
9382	cop	5581961
9383	paragraphs	5579470
9384	gale	5578617
9385	joins	5578553
9386	adolescent	5577666
9387	nominations	5577144
9388	wesley	5576970
9389	dim	5575497
9390	lately	5574422
9391	cancelled	5573318
9392	scary	5571680
9393	mattress	5570672
9394	mpegs	5569576
9395	brunei	5568297
9396	likewise	5568135
9397	banana	5567941
9398	introductory	5567853
9399	slovak	5565805
9400	cakes	5565500
9401	stan	5563253
9402	reservoir	5562138
9403	occurrence	5561539
9404	idol	5560487
9405	bloody	5559606
9406	mixer	5558245
9407	remind	5558174
9408	wc	5557972
9409	worcester	5554789
9410	sbjct	5554566
9411	demographic	5553274
9412	charming	5553134
9413	mai	5551647
9414	tooth	5551049
9415	disciplinary	5549568
9416	annoying	5548132
9417	respected	5548130
9418	stays	5547528
9419	disclose	5547253
9420	affair	5545856
9421	drove	5545848
9422	washer	5545568
9423	upset	5544484
9424	restrict	5544351
9425	springer	5544157
9426	beside	5543255
9427	mines	5542234
9428	portraits	5541504
9429	rebound	5540042
9430	logan	5539308
9431	mentor	5537836
9432	interpreted	5535882
9433	evaluations	5535717
9434	fought	5535215
9435	baghdad	5533851
9436	elimination	5533839
9437	metres	5533820
9438	hypothetical	5532893
9439	immigrants	5531013
9440	complimentary	5530978
9441	helicopter	5528827
9442	pencil	5527529
9443	freeze	5526731
9444	hk	5526261
9445	performer	5525369
9446	abu	5524021
9447	titled	5523710
9448	commissions	5523311
9449	sphere	5522351
9450	powerseller	5521461
9451	moss	5518013
9452	ratios	5517678
9453	concord	5516199
9454	graduated	5515808
9455	endorsed	5515213
9456	ty	5512992
9457	surprising	5510793
9458	walnut	5509894
9459	lance	5509634
9460	ladder	5508719
9461	italia	5507530
9462	unnecessary	5507431
9463	dramatically	5507401
9464	liberia	5507258
9465	sherman	5503313
9466	cork	5502436
9467	maximize	5500366
9468	cj	5499546
9469	hansen	5499219
9470	senators	5497805
9471	workout	5497220
9472	mali	5496693
9473	yugoslavia	5496687
9474	bleeding	5496166
9475	characterization	5495259
9476	colon	5494297
9477	likelihood	5493171
9478	lanes	5489762
9479	purse	5488891
9480	fundamentals	5488781
9481	contamination	5488731
9482	mtv	5486201
9483	endangered	5486113
9484	compromise	5485442
9485	masturbation	5484672
9486	optimize	5483874
9487	stating	5483075
9488	dome	5482989
9489	caroline	5482412
9490	leu	5480452
9491	expiration	5479431
9492	namespace	5478669
9493	align	5478643
9494	peripheral	5477849
9495	bless	5477461
9496	engaging	5477196
9497	negotiation	5477161
9498	crest	5477034
9499	opponents	5474963
9500	triumph	5473738
9501	nominated	5473700
9502	confidentiality	5473407
9503	electoral	5472569
9504	changelog	5472164
9505	welding	5471850
9506	orgasm	5470251
9507	deferred	5470097
9508	alternatively	5469870
9509	heel	5468921
9510	alloy	5468839
9511	condos	5466903
9512	plots	5466589
9513	polished	5465964
9514	yang	5465949
9515	gently	5465493
9516	greensboro	5464736
9517	tulsa	5463904
9518	locking	5463134
9519	casey	5462971
9520	controversial	5460493
9521	draws	5458448
9522	fridge	5458180
9523	blanket	5457762
9524	bloom	5456938
9525	qc	5455396
9526	simpsons	5453155
9527	lou	5451701
9528	elliott	5449356
9529	recovered	5448893
9530	fraser	5448707
9531	justify	5448520
9532	upgrading	5448063
9533	blades	5446861
9534	pgp	5444276
9535	loops	5439483
9536	surge	5436623
9537	frontpage	5435430
9538	trauma	5434737
9539	aw	5433668
9540	tahoe	5433564
9541	advert	5431594
9542	possess	5431346
9543	demanding	5431042
9544	defensive	5430651
9545	sip	5430090
9546	flashers	5426891
9547	subaru	5426522
9548	forbidden	5424002
9549	tf	5423440
9550	vanilla	5422197
9551	programmers	5421887
9552	pj	5421844
9553	monitored	5418966
9554	installations	5417492
9555	deutschland	5417351
9556	picnic	5417141
9557	souls	5416970
9558	arrivals	5416415
9559	spank	5416004
9560	cw	5415800
9561	practitioner	5411869
9562	motivated	5411329
9563	wr	5411045
9564	dumb	5409969
9565	smithsonian	5409581
9566	hollow	5408962
9567	vault	5408483
9568	securely	5408425
9569	examining	5407874
9570	fioricet	5407560
9571	groove	5407261
9572	revelation	5406421
9573	rg	5404822
9574	pursuit	5404544
9575	delegation	5401948
9576	wires	5401677
9577	bl	5401472
9578	dictionaries	5399149
9579	mails	5397230
9580	backing	5397022
9581	greenhouse	5396539
9582	sleeps	5396170
9583	vc	5393889
9584	blake	5393654
9585	transparency	5393362
9586	dee	5393038
9587	travis	5392450
9588	wx	5392304
9589	endless	5392222
9590	figured	5390310
9591	orbit	5389062
9592	currencies	5388923
9593	niger	5388602
9594	bacon	5385205
9595	survivors	5383052
9596	positioning	5382900
9597	heater	5380658
9598	colony	5378572
9599	cannon	5377826
9600	circus	5377139
9601	promoted	5377031
9602	forbes	5376123
9603	mae	5375608
9604	moldova	5374011
9605	mel	5372436
9606	descending	5372249
9607	paxil	5372013
9608	spine	5370074
9609	trout	5369048
9610	enclosed	5368884
9611	feat	5368462
9612	temporarily	5368112
9613	ntsc	5367825
9614	cooked	5367778
9615	thriller	5364843
9616	transmit	5364052
9617	apnic	5363789
9618	fatty	5363547
9619	gerald	5363542
9620	pressed	5362732
9621	frequencies	5362618
9622	scanned	5360194
9623	reflections	5359538
9624	hunger	5358049
9625	mariah	5357367
9626	sic	5357059
9627	municipality	5355008
9628	usps	5355003
9629	joyce	5353720
9630	detective	5353706
9631	surgeon	5350136
9632	cement	5349862
9633	experiencing	5347507
9634	fireplace	5345450
9635	endorsement	5343221
9636	bg	5342285
9637	planners	5342167
9638	disputes	5340854
9639	textiles	5340566
9640	missile	5339587
9641	intranet	5335388
9642	closes	5334414
9643	seq	5333625
9644	psychiatry	5333073
9645	persistent	5332514
9646	deborah	5332019
9647	conf	5331767
9648	marco	5331228
9649	assists	5331190
9650	summaries	5330797
9651	glow	5329899
9652	gabriel	5329596
9653	auditor	5328551
9654	wma	5328087
9655	aquarium	5327865
9656	violin	5327802
9657	prophet	5326547
9658	cir	5324062
9659	bracket	5321561
9660	looksmart	5321558
9661	isaac	5321504
9662	oxide	5321340
9663	oaks	5320404
9664	magnificent	5319310
9665	erik	5319084
9666	colleague	5317221
9667	naples	5315957
9668	promptly	5315422
9669	modems	5315313
9670	adaptation	5314230
9671	hu	5314172
9672	harmful	5313786
9673	paintball	5311691
9674	prozac	5310970
9675	sexually	5310148
9676	enclosure	5309730
9677	acm	5307185
9678	dividend	5305595
9679	newark	5302938
9680	kw	5302888
9681	paso	5302203
9682	glucose	5301959
9683	phantom	5301147
9684	norm	5299839
9685	playback	5299771
9686	supervisors	5299044
9687	westminster	5298822
9688	turtle	5297998
9689	ips	5296775
9690	distances	5296572
9691	absorption	5294724
9692	treasures	5293991
9693	dsc	5293523
9694	warned	5292851
9695	neural	5292673
9696	ware	5292386
9697	fossil	5291925
9698	mia	5291817
9699	hometown	5290705
9700	badly	5290145
9701	transcripts	5288182
9702	apollo	5286526
9703	wan	5285316
9704	disappointed	5284061
9705	persian	5280749
9706	continually	5278721
9707	communist	5278277
9708	collectible	5277927
9709	handmade	5276538
9710	greene	5275449
9711	entrepreneurs	5275312
9712	robots	5274525
9713	grenada	5274347
9714	creations	5273628
9715	jade	5272655
9716	scoop	5272369
9717	acquisitions	5270178
9718	foul	5268620
9719	keno	5268379
9720	gtk	5267304
9721	earning	5266443
9722	mailman	5266389
9723	sanyo	5265648
9724	nested	5265588
9725	biodiversity	5265501
9726	excitement	5262975
9727	somalia	5261978
9728	movers	5261231
9729	verbal	5259521
9730	blink	5257629
9731	presently	5254807
9732	seas	5254799
9733	carlo	5253391
9734	workflow	5252900
9735	mysterious	5252752
9736	novelty	5252481
9737	bryant	5252244
9738	tiles	5251527
9739	voyuer	5250477
9740	librarian	5250166
9741	subsidiaries	5250152
9742	switched	5245466
9743	stockholm	5245453
9744	tamil	5245277
9745	garmin	5242649
9746	ru	5242415
9747	pose	5242405
9748	fuzzy	5241931
9749	indonesian	5241698
9750	grams	5240826
9751	therapist	5238169
9752	richards	5238109
9753	mrna	5238052
9754	budgets	5237019
9755	toolkit	5233016
9756	promising	5232846
9757	relaxation	5231884
9758	goat	5231735
9759	render	5231571
9760	carmen	5230762
9761	ira	5230695
9762	sen	5230325
9763	thereafter	5229938
9764	hardwood	5228441
9765	erotica	5228241
9766	temporal	5228038
9767	sail	5227908
9768	forge	5226805
9769	commissioners	5225913
9770	dense	5225392
9771	dts	5222474
9772	brave	5221356
9773	forwarding	5220845
9774	qt	5218227
9775	awful	5217370
9776	nightmare	5217283
9777	airplane	5216750
9778	reductions	5216648
9779	southampton	5216647
9780	istanbul	5215822
9781	impose	5214173
9782	organisms	5212542
9783	sega	5212241
9784	telescope	5211922
9785	viewers	5210800
9786	asbestos	5208835
9787	portsmouth	5208625
9788	cdna	5208484
9789	meyer	5207400
9790	enters	5207370
9791	pod	5206411
9792	savage	5205858
9793	advancement	5205341
9794	wu	5204842
9795	harassment	5204597
9796	willow	5203465
9797	resumes	5202233
9798	bolt	5202005
9799	gage	5201723
9800	throwing	5200541
9801	existed	5200469
9802	whore	5199489
9803	generators	5198637
9804	lu	5198559
9805	wagon	5198530
9806	barbie	5198277
9807	dat	5197825
9808	favour	5196953
9809	soa	5196328
9810	knock	5196013
9811	urge	5195810
9812	smtp	5194396
9813	generates	5193442
9814	potatoes	5192334
9815	thorough	5191306
9816	replication	5191008
9817	inexpensive	5190532
9818	kurt	5190087
9819	receptors	5189813
9820	peers	5188853
9821	roland	5188341
9822	optimum	5188219
9823	neon	5187838
9824	interventions	5187635
9825	quilt	5187075
9826	huntington	5186027
9827	creature	5182781
9828	ours	5182681
9829	mounts	5182090
9830	syracuse	5181674
9831	internship	5181182
9832	lone	5180561
9833	refresh	5180203
9834	aluminium	5178887
9835	snowboard	5178854
9836	beastality	5178103
9837	webcast	5177898
9838	michel	5177497
9839	evanescence	5176436
9840	subtle	5175269
9841	coordinated	5174649
9842	notre	5174371
9843	shipments	5172896
9844	maldives	5172859
9845	stripes	5172728
9846	firmware	5172546
9847	antarctica	5170796
9848	cope	5168827
9849	shepherd	5167633
9850	lm	5167463
9851	canberra	5167228
9852	cradle	5166543
9853	chancellor	5165551
9854	mambo	5164902
9855	lime	5164527
9856	kirk	5164081
9857	flour	5162842
9858	controversy	5161175
9859	legendary	5158604
9860	bool	5158145
9861	sympathy	5157330
9862	choir	5156247
9863	avoiding	5155816
9864	beautifully	5155531
9865	blond	5155053
9866	expects	5154931
9867	cho	5154704
9868	jumping	5154366
9869	fabrics	5152660
9870	antibodies	5152454
9871	polymer	5151969
9872	hygiene	5151461
9873	wit	5149169
9874	poultry	5148028
9875	virtue	5147800
9876	burst	5147573
9877	examinations	5146222
9878	surgeons	5145893
9879	bouquet	5143984
9880	immunology	5143456
9881	promotes	5142806
9882	mandate	5142448
9883	wiley	5141610
9884	departmental	5141504
9885	bbs	5141277
9886	spas	5141268
9887	ind	5137910
9888	corpus	5137372
9889	johnston	5136263
9890	terminology	5134603
9891	gentleman	5134582
9892	fibre	5134463
9893	reproduce	5134246
9894	convicted	5133903
9895	shades	5133522
9896	jets	5131839
9897	indices	5131700
9898	roommates	5131231
9899	adware	5130713
9900	qui	5128650
9901	intl	5128401
9902	threatening	5126983
9903	spokesman	5126711
9904	zoloft	5126382
9905	activists	5125937
9906	frankfurt	5125601
9907	prisoner	5124810
9908	daisy	5124326
9909	halifax	5123030
9910	encourages	5122734
9911	ultram	5122252
9912	cursor	5122085
9913	assembled	5120841
9914	earliest	5120593
9915	donated	5120422
9916	stuffed	5120285
9917	restructuring	5119935
9918	insects	5119814
9919	terminals	5119178
9920	crude	5119129
9921	morrison	5118866
9922	maiden	5118578
9923	simulations	5118428
9924	cz	5117159
9925	sufficiently	5116122
9926	examines	5115817
9927	viking	5115013
9928	myrtle	5114989
9929	bored	5114852
9930	cleanup	5113575
9931	yarn	5113505
9932	knit	5113070
9933	conditional	5112750
9934	mug	5112219
9935	crossword	5111954
9936	bother	5111764
9937	budapest	5111076
9938	conceptual	5110735
9939	knitting	5107350
9940	attacked	5106909
9941	hl	5104847
9942	bhutan	5104102
9943	liechtenstein	5103569
9944	mating	5102029
9945	compute	5101135
9946	redhead	5100843
9947	arrives	5100329
9948	translator	5099564
9949	automobiles	5099074
9950	tractor	5098075
9951	allah	5096394
9952	continent	5095575
9953	ob	5095292
9954	unwrap	5094329
9955	fares	5093799
9956	longitude	5091778
9957	resist	5090633
9958	challenged	5087540
9959	telecharger	5086707
9960	hoped	5086531
9961	pike	5085622
9962	safer	5085040
9963	insertion	5084850
9964	instrumentation	5083861
9965	ids	5082346
9966	hugo	5082185
9967	wagner	5080813
9968	constraint	5080605
9969	groundwater	5080425
9970	touched	5080398
9971	strengthening	5079049
9972	cologne	5078538
9973	gzip	5078207
9974	wishing	5077786
9975	ranger	5076621
9976	smallest	5075157
9977	insulation	5074667
9978	newman	5074074
9979	marsh	5073104
9980	ricky	5071881
9981	ctrl	5071861
9982	scared	5071401
9983	theta	5070673
9984	infringement	5070438
9985	bent	5070333
9986	laos	5070186
9987	subjective	5068230
9988	monsters	5066315
9989	asylum	5065723
9990	lightbox	5063966
9991	robbie	5063664
9992	stake	5061965
9993	cocktail	5061626
9994	outlets	5061151
9995	swaziland	5058010
9996	varieties	5057493
9997	arbor	5057261
9998	mediawiki	5056973
9999	configurations	5056310
10000	poison	5056083
10001	ethnicity	5055334
10002	dominated	5055248
10003	costly	5054951
10004	derivatives	5051332
10005	prevents	5051148
10006	stitch	5049524
10007	lesotho	5048476
10008	rifle	5047417
10009	severity	5047284
10010	rfid	5045378
10011	notable	5044802
10012	warfare	5044170
10013	retailing	5043730
10014	judiciary	5043671
10015	embroidery	5042831
10016	mama	5042818
10017	inland	5042715
10018	oscommerce	5040844
10019	nonfiction	5039708
10020	homeowners	5038014
10021	racism	5035527
10022	greenland	5035465
10023	interpret	5034981
10024	accord	5034197
10025	vaio	5033911
10026	modest	5033760
10027	gamers	5033404
10028	slr	5032731
10029	licensee	5032531
10030	countryside	5032517
10031	sorting	5032442
10032	liaison	5032366
10033	bisexual	5030369
10034	rel	5029379
10035	unused	5028967
10036	bulbs	5028440
10037	ign	5025376
10038	consuming	5023310
10039	installer	5023150
10040	tourists	5022897
10041	sandals	5021707
10042	powershot	5020475
10043	bestselling	5019783
10044	insure	5018519
10045	packaged	5018380
10046	behaviors	5017604
10047	clarify	5016927
10048	seconded	5015377
10049	activate	5014202
10050	waist	5013500
10051	attributed	5013200
10052	tg	5013194
10053	seychelles	5012958
10054	pv	5011900
10055	fatigue	5010911
10056	owl	5010726
10057	patriot	5010718
10058	sewer	5008805
10059	crystals	5008586
10060	kathleen	5008132
10061	bosch	5007744
10062	forthcoming	5007069
10063	sandisk	5006933
10064	num	5005434
10065	treats	5005269
10066	marino	5004742
10067	detention	5003311
10068	carson	5001978
10069	vitro	5000420
10070	exceeds	4999388
10071	complementary	4998758
10072	cosponsors	4998667
10073	gallon	4998083
10074	coil	4997563
10075	battles	4997226
10076	hyatt	4995940
10077	traders	4995823
10078	carlton	4995505
10079	bitter	4995265
10080	memorandum	4994542
10081	burned	4993504
10082	cardinal	4993081
10083	dragons	4992842
10084	converting	4991724
10085	romeo	4990395
10086	din	4990283
10087	burundi	4988992
10088	incredibly	4987059
10089	delegates	4986976
10090	turks	4986307
10091	roma	4984846
10092	demos	4984806
10093	balancing	4984107
10094	btw	4983279
10095	att	4983068
10096	vet	4982559
10097	sided	4982500
10098	claiming	4982024
10099	psychiatric	4981598
10100	tittens	4981135
10101	teenagers	4979216
10102	courtyard	4979027
10103	presidents	4978963
10104	offenders	4976449
10105	depart	4975122
10106	grading	4974318
10107	cuban	4974134
10108	tenants	4973987
10109	expressly	4973927
10110	distinctive	4972660
10111	lily	4972288
10112	brackets	4970994
10113	unofficial	4970936
10114	oversight	4970482
10115	valentines	4969959
10116	vonage	4969793
10117	privately	4969339
10118	wetlands	4968952
10119	minded	4968607
10120	resin	4966700
10121	allies	4965121
10122	twilight	4964914
10123	preserved	4963027
10124	crossed	4962660
10125	kensington	4961985
10126	monterey	4961492
10127	linen	4960413
10128	rita	4960228
10129	quicktime	4959182
10130	ascending	4958122
10131	seals	4958012
10132	nominal	4957994
10133	alicia	4957344
10134	decay	4956622
10135	weaknesses	4956354
10136	underwater	4954318
10137	quartz	4953889
10138	registers	4950162
10139	eighth	4949260
10140	pbs	4949103
10141	usher	4948609
10142	herbert	4946603
10143	authorised	4945027
10144	improves	4943184
10145	advocates	4940587
10146	phenomena	4936094
10147	buffet	4934144
10148	deciding	4933367
10149	skate	4932092
10150	vanuatu	4929282
10151	joey	4925455
10152	erotik	4924971
10153	hackers	4923452
10154	tilt	4923123
10155	supportive	4922700
10156	vw	4921594
10157	granite	4921138
10158	repeatedly	4920604
10159	lynch	4920597
10160	masses	4919548
10161	transformed	4918409
10162	athlete	4918312
10163	targeting	4917220
10164	franc	4916960
10165	bead	4916807
10166	enforce	4916571
10167	preschool	4916187
10168	similarity	4916061
10169	landlord	4915638
10170	leak	4914623
10171	timor	4914594
10172	dw	4914273
10173	assorted	4912605
10174	hm	4912277
10175	implements	4912193
10176	jl	4912161
10177	adviser	4911485
10178	hg	4911445
10179	flats	4911343
10180	compelling	4911176
10181	vouchers	4910741
10182	megapixel	4910318
10183	booklet	4909462
10184	expecting	4908583
10185	cancun	4908449
10186	heels	4907543
10187	voter	4905374
10188	reimbursement	4904547
10189	turnover	4904068
10190	urine	4903932
10191	cheryl	4903801
10192	radeon	4902763
10193	capri	4902351
10194	towel	4901668
10195	ginger	4901078
10196	italicized	4900898
10197	suburbs	4899548
10198	imagery	4898768
10199	chromosome	4898576
10200	optimized	4898373
10201	sears	4897480
10202	als	4895759
10203	ffl	4895251
10204	flies	4894680
10205	upgraded	4893959
10206	competence	4893571
10207	colorful	4893237
10208	inadequate	4892298
10209	crying	4891725
10210	matthews	4890853
10211	amateurs	4890277
10212	crane	4888961
10213	defendants	4888581
10214	deployed	4887317
10215	governed	4887138
10216	considerably	4887058
10217	investigating	4884687
10218	rotten	4883839
10219	popup	4882686
10220	mk	4881231
10221	garnet	4880977
10222	habit	4880657
10223	bulb	4879829
10224	scattered	4879386
10225	honour	4879119
10226	useless	4876437
10227	protects	4876017
10228	northwestern	4875705
10229	audiences	4875027
10230	iris	4874649
10231	coupe	4874541
10232	hal	4874383
10233	benin	4874165
10234	ppp	4873566
10235	bach	4872909
10236	manages	4872225
10237	erosion	4871884
10238	oceania	4871407
10239	abundance	4870991
10240	carpenter	4870735
10241	khan	4870468
10242	insufficient	4869704
10243	highlands	4867795
10244	peters	4867213
10245	fertility	4867141
10246	formulation	4865813
10247	clever	4865097
10248	primer	4864138
10249	che	4863235
10250	lords	4862111
10251	bu	4862013
10252	tends	4861901
10253	fresno	4861428
10254	enjoyable	4859999
10255	handbag	4858848
10256	crescent	4857264
10257	bypass	4856691
10258	freshman	4856078
10259	ies	4855302
10260	playground	4853485
10261	negotiate	4853126
10262	logout	4852863
10263	sixty	4851534
10264	exploit	4851510
10265	orgies	4849647
10266	boyfriend	4849182
10267	permanently	4849017
10268	concentrated	4848674
10269	distinguish	4846365
10270	ei	4845281
10271	hogtied	4843474
10272	projections	4842834
10273	wl	4842556
10274	spark	4842423
10275	illustrate	4841953
10276	lin	4841305
10277	clipart	4839466
10278	patience	4839393
10279	securing	4838996
10280	pathway	4837820
10281	detectors	4836632
10282	newsgroups	4834453
10283	shallow	4834372
10284	stir	4833763
10285	spike	4833410
10286	plated	4833142
10287	jacques	4832340
10288	drawer	4830969
10289	ingredient	4830835
10290	togo	4829119
10291	spectra	4828972
10292	lifting	4828674
10293	judith	4828299
10294	curtain	4827869
10295	disclosed	4827564
10296	davies	4827372
10297	tactical	4826876
10298	pilots	4826195
10299	mailbox	4825513
10300	copenhagen	4825364
10301	expedition	4824834
10302	pile	4824165
10303	operative	4823410
10304	humour	4821851
10305	athlon	4819979
10306	maturity	4819555
10307	caller	4818758
10308	iq	4818633
10309	distortion	4818028
10310	prosecution	4817557
10311	het	4815974
10312	landscaping	4813258
10313	tonga	4813052
10314	mol	4813019
10315	imprint	4812829
10316	korn	4811052
10317	natalie	4809833
10318	receipts	4808150
10319	assisting	4807753
10320	shirley	4807661
10321	sanctions	4805431
10322	directv	4805169
10323	goodbye	4803952
10324	viable	4802961
10325	emerged	4802573
10326	deviantart	4801445
10327	defect	4801184
10328	qa	4800815
10329	poorly	4799466
10330	goddess	4797599
10331	backs	4797208
10332	observers	4796192
10333	magnets	4795273
10334	formulas	4794394
10335	spacious	4793663
10336	shoulders	4793494
10337	nas	4792910
10338	argues	4792469
10339	wade	4791878
10340	soils	4789565
10341	chapman	4787251
10342	organs	4787006
10343	det	4786998
10344	loyalty	4785195
10345	beloved	4781714
10346	sometime	4781394
10347	ballard	4778636
10348	beating	4778020
10349	faithful	4777949
10350	hunks	4776866
10351	appellant	4776547
10352	libya	4775799
10353	offence	4775626
10354	xsl	4775572
10355	invested	4774630
10356	whatsoever	4774578
10357	numbered	4773804
10358	terminated	4771526
10359	expands	4770776
10360	lithium	4769453
10361	sedan	4769270
10362	pony	4769062
10363	ctr	4768802
10364	comprises	4767943
10365	leap	4767538
10366	bolton	4767114
10367	founding	4765875
10368	swan	4765643
10369	planting	4765349
10370	alphabetically	4764324
10371	facials	4764295
10372	covenant	4763666
10373	dropping	4761980
10374	calories	4761564
10375	airways	4760691
10376	archaeology	4760584
10377	refill	4759900
10378	reagan	4759248
10379	sailor	4759044
10380	fittings	4758873
10381	lining	4758401
10382	banquet	4757535
10383	cares	4757269
10384	sanctuary	4757139
10385	flora	4756211
10386	kazaa	4754592
10387	einstein	4753590
10388	pornstar	4753532
10389	statue	4753368
10390	hilary	4751415
10391	quotation	4750453
10392	equals	4749787
10393	hardy	4748572
10394	vcd	4746716
10395	jumper	4746695
10396	caravan	4746134
10397	diagrams	4745696
10398	harness	4745215
10399	majors	4745096
10400	headsets	4745064
10401	manipulation	4744083
10402	bells	4743841
10403	vascular	4743792
10404	alongside	4743589
10405	impressions	4743278
10406	yankees	4742956
10407	toxicity	4741378
10408	forwarded	4741165
10409	sz	4740601
10410	gal	4740469
10411	transmitter	4739143
10412	dorothy	4738913
10413	freeman	4737933
10414	denim	4737554
10415	greenville	4737526
10416	andre	4737505
10417	scat	4737410
10418	ems	4737189
10419	neighborhoods	4735936
10420	puppies	4733987
10421	relaxing	4733863
10422	delphi	4732371
10423	trophy	4731863
10424	emotion	4731715
10425	buick	4731433
10426	slipknot	4731098
10427	nets	4730591
10428	sights	4730414
10429	uniforms	4730405
10430	mst	4729417
10431	residual	4729381
10432	disasters	4729257
10433	asterisk	4728263
10434	versatile	4727772
10435	liquor	4727484
10436	kindergarten	4726688
10437	profitable	4725403
10438	wounded	4725318
10439	clayton	4724813
10440	bf	4724761
10441	bash	4721893
10442	derivative	4721844
10443	suffolk	4721768
10444	ngos	4721634
10445	necklaces	4719123
10446	storesshop	4719053
10447	tot	4719021
10448	occupancy	4718502
10449	postgraduate	4718198
10450	doses	4717242
10451	educate	4716370
10452	baked	4716100
10453	glove	4714578
10454	daytona	4714279
10455	wastewater	4714167
10456	prejudice	4713477
10457	herzegovina	4712951
10458	constructor	4711086
10459	technicians	4710299
10460	debbie	4708556
10461	probable	4708443
10462	issuance	4708160
10463	sj	4708079
10464	baldwin	4707953
10465	mbps	4707484
10466	incorporation	4707178
10467	rem	4706130
10468	evolutionary	4704879
10469	arriving	4703021
10470	decoration	4702490
10471	nationals	4701501
10472	trojan	4701127
10473	assistants	4700926
10474	counselor	4699959
10475	spinal	4699709
10476	ij	4696199
10477	eliminated	4696196
10478	alito	4695823
10479	sooner	4695133
10480	struggling	4694335
10481	enacted	4693719
10482	waterfront	4693479
10483	tenure	4693409
10484	plush	4692870
10485	weber	4692730
10486	diagnosed	4692575
10487	biotech	4691289
10488	unstable	4691072
10489	turkmenistan	4690331
10490	elk	4688629
10491	woodland	4688302
10492	iranian	4687887
10493	nelly	4686900
10494	fulfill	4686761
10495	urged	4685830
10496	reflecting	4685463
10497	unsecured	4685442
10498	brent	4683680
10499	gaining	4682505
10500	kyoto	4682367
10501	cis	4681533
10502	definitive	4680961
10503	eb	4680453
10504	appropriately	4679967
10505	shifts	4678539
10506	inactive	4677994
10507	lansing	4677332
10508	traveled	4677240
10509	barcode	4676162
10510	adapt	4675567
10511	extracted	4674721
10512	accession	4673797
10513	patterson	4671989
10514	xd	4669137
10515	regulator	4668381
10516	carriage	4664470
10517	therein	4663852
10518	terminate	4661569
10519	rex	4659516
10520	fuels	4657731
10521	txt	4657297
10522	postcode	4656099
10523	traditionally	4654828
10524	withdraw	4652948
10525	soy	4652673
10526	brett	4651730
10527	makefile	4651433
10528	anchorage	4651277
10529	ansi	4651124
10530	paula	4650017
10531	vicodin	4646185
10532	landmark	4645821
10533	greens	4643986
10534	neat	4643885
10535	naming	4643682
10536	stern	4643592
10537	shawn	4642740
10538	suv	4641280
10539	lacrosse	4640046
10540	bentley	4639295
10541	bud	4638865
10542	slaves	4638584
10543	dentist	4638330
10544	utilizing	4637939
10545	mis	4637449
10546	crafted	4637231
10547	burkina	4636996
10548	eritrea	4636273
10549	bbq	4636060
10550	tutor	4635949
10551	idiot	4635830
10552	comprised	4635211
10553	winnipeg	4634382
10554	charities	4634152
10555	mickey	4634100
10556	wh	4633856
10557	debit	4633794
10558	sebastian	4633753
10559	aliens	4632962
10560	domino	4631579
10561	dmx	4631354
10562	edits	4631228
10563	unwanted	4630797
10564	raven	4630541
10565	defeated	4629690
10566	strains	4629474
10567	dwelling	4629441
10568	slice	4628779
10569	xr	4627019
10570	tanning	4627015
10571	bn	4626556
10572	gambia	4626541
10573	aspen	4626441
10574	lacking	4626224
10575	symbolic	4625574
10576	noaa	4624677
10577	cest	4624650
10578	objectionable	4624110
10579	angles	4623376
10580	lemma	4623172
10581	kyrgyzstan	4622803
10582	pressures	4622535
10583	webb	4621131
10584	sensing	4619533
10585	mediation	4618800
10586	venus	4618752
10587	postgresql	4618616
10588	bump	4618593
10589	cowboys	4617968
10590	flames	4617157
10591	primitive	4616188
10592	kbps	4615928
10593	auf	4615854
10594	trac	4615537
10595	stocking	4613692
10596	esp	4612780
10597	dolby	4612197
10598	balloons	4611796
10599	ecosystem	4610884
10600	pkg	4610477
10601	dashboard	4610006
10602	malcolm	4609733
10603	nikki	4609573
10604	georgetown	4608271
10605	technorati	4608187
10606	esl	4608134
10607	norwich	4607563
10608	halls	4607236
10609	alzheimer	4606962
10610	decorations	4606704
10611	pause	4606318
10612	simplicity	4606054
10613	postscript	4604982
10614	dividends	4604638
10615	relaxed	4603097
10616	periodicals	4602969
10617	pearson	4602960
10618	demon	4602331
10619	welcomed	4601400
10620	jk	4600821
10621	infinity	4599935
10622	wk	4597544
10623	handler	4597107
10624	gabon	4595710
10625	notation	4594568
10626	chandler	4594301
10627	aunt	4594042
10628	interviewed	4592738
10629	crow	4592109
10630	semantic	4592016
10631	dia	4591255
10632	discontinued	4589346
10633	concurrent	4589219
10634	decides	4588774
10635	caption	4588270
10636	bargaining	4588171
10637	globalization	4587681
10638	atv	4587483
10639	vga	4587329
10640	atari	4586712
10641	complain	4585812
10642	pulmonary	4585320
10643	adhesive	4585279
10644	toledo	4584255
10645	asses	4583177
10646	altitude	4582981
10647	compass	4581869
10648	closet	4581735
10649	sch	4581399
10650	reebok	4581373
10651	couch	4581367
10652	evolved	4581246
10653	downs	4578206
10654	mfg	4577532
10655	exceeding	4577330
10656	jb	4576514
10657	rogue	4576302
10658	unfair	4575832
10659	blogthis	4575669
10660	electronically	4575196
10661	inspirational	4574490
10662	augusta	4573710
10663	wilmington	4573069
10664	infantry	4572549
10665	faso	4572410
10666	renowned	4571998
10667	corridor	4571967
10668	philosophical	4571852
10669	scripture	4571524
10670	celebrating	4571260
10671	sahara	4570769
10672	justification	4570150
10673	rebuild	4569457
10674	sdram	4569412
10675	vacant	4569268
10676	manuscript	4569058
10677	fixing	4568792
10678	motherboards	4567884
10679	gram	4566651
10680	blk	4565732
10681	hiding	4565153
10682	methodist	4565081
10683	inherent	4564901
10684	dye	4564149
10685	sits	4562414
10686	alphabet	4562325
10687	shelves	4560501
10688	toes	4560478
10689	cleaned	4560058
10690	honored	4559668
10691	optic	4558869
10692	hannah	4556731
10693	jw	4556431
10694	telephones	4556400
10695	tailored	4556136
10696	insect	4554595
10697	frances	4553754
10698	diaries	4553662
10699	chili	4553187
10700	grief	4552843
10701	leicester	4552496
10702	vodafone	4551935
10703	sweat	4551615
10704	dolphin	4551363
10705	pendants	4550520
10706	wonders	4549608
10707	romanian	4549258
10708	xt	4548739
10709	ventilation	4548657
10710	ucla	4548416
10711	masks	4548281
10712	celeb	4548138
10713	bust	4547742
10714	lateral	4547513
10715	assoc	4545277
10716	quake	4544481
10717	palo	4543909
10718	usability	4543657
10719	alley	4541475
10720	gardner	4541330
10721	backyard	4541081
10722	sanders	4540478
10723	pathways	4540135
10724	telegraph	4539841
10725	pertaining	4539279
10726	novell	4539111
10727	memorable	4538880
10728	refunds	4536684
10729	newsroom	4536493
10730	tina	4536345
10731	professors	4534761
10732	kia	4534357
10733	monument	4533122
10734	taxpayer	4531596
10735	fb	4531341
10736	formally	4530725
10737	cola	4530545
10738	twain	4530277
10739	ile	4529880
10740	boise	4529204
10741	bsd	4528704
10742	nevis	4527077
10743	saab	4527017
10744	dew	4526551
10745	lavender	4526547
10746	refinancing	4525870
10747	justified	4525307
10748	withdrawn	4524191
10749	breeze	4523241
10750	debates	4522758
10751	gems	4520987
10752	cert	4520520
10753	buffy	4519674
10754	doctoral	4516544
10755	backpack	4514732
10756	npr	4514065
10757	identities	4513660
10758	outgoing	4513500
10759	mann	4513299
10760	tajikistan	4512999
10761	yankee	4510747
10762	sheraton	4509425
10763	outs	4507979
10764	snacks	4505575
10765	deficiency	4505086
10766	booster	4503857
10767	taxable	4503785
10768	gum	4503031
10769	progression	4501732
10770	adv	4500447
10771	saddle	4499280
10772	malaria	4498988
10773	loyal	4498834
10774	torrent	4498350
10775	imc	4498263
10776	ufo	4497899
10777	linksys	4497734
10778	dentistry	4497604
10779	renal	4494106
10780	fedora	4493785
10781	odyssey	4493747
10782	spite	4493143
10783	nero	4492974
10784	capita	4492737
10785	nyse	4492253
10786	guideline	4491475
10787	imply	4491299
10788	inaccuracies	4490358
10789	tendency	4490160
10790	caledonia	4490134
10791	freezer	4489766
10792	wholly	4489721
10793	chill	4489643
10794	utilized	4489228
10795	embrace	4489178
10796	pcr	4487739
10797	bnet	4487645
10798	ein	4487563
10799	binoculars	4487365
10800	liner	4486145
10801	manila	4485946
10802	auxiliary	4485775
10803	initiate	4485608
10804	ua	4485293
10805	elevated	4485169
10806	purely	4484258
10807	demographics	4482753
10808	fry	4482394
10809	lifts	4479565
10810	vivid	4479514
10811	enroll	4479470
10812	allegations	4479433
10813	stationary	4477672
10814	corresponds	4476933
10815	daemon	4476792
10816	foil	4476123
10817	whitney	4475876
10818	celebrated	4475405
10819	buddies	4475347
10820	alarms	4474450
10821	hunters	4473745
10822	roi	4473314
10823	allison	4471867
10824	kc	4471275
10825	crashes	4471155
10826	stairs	4470593
10827	outlines	4470366
10828	steroids	4470028
10829	kt	4469876
10830	pogo	4468856
10831	acted	4468180
10832	konica	4465135
10833	hotline	4463968
10834	amps	4463451
10835	byron	4463413
10836	critique	4462001
10837	accountants	4461356
10838	coefficient	4461240
10839	honestly	4459891
10840	transvestite	4459432
10841	upstream	4459299
10842	skull	4457991
10843	continuation	4457196
10844	carnegie	4457017
10845	digg	4456950
10846	servant	4456781
10847	falcon	4456679
10848	jointly	4456642
10849	canadians	4455042
10850	avoided	4449801
10851	comprising	4449745
10852	tick	4449569
10853	ladyboy	4449111
10854	terrier	4448988
10855	listened	4448001
10856	explanations	4447236
10857	renewed	4446343
10858	hussein	4445469
10859	incorporating	4445305
10860	variant	4444856
10861	riley	4443795
10862	biochemistry	4443075
10863	duplication	4442810
10864	equatorial	4442651
10865	critic	4442069
10866	sediment	4441599
10867	translators	4440508
10868	squares	4440122
10869	scottsdale	4440021
10870	ninja	4439780
10871	tj	4439163
10872	avalon	4439058
10873	deg	4438827
10874	bot	4438718
10875	lea	4438618
10876	vans	4437716
10877	od	4436928
10878	voucher	4436854
10879	tw	4436750
10880	honeymoon	4436534
10881	percussion	4436497
10882	glue	4435595
10883	wheelchair	4435076
10884	gw	4432049
10885	cone	4429970
10886	margins	4428969
10887	sands	4428127
10888	survived	4427602
10889	spinning	4427224
10890	epidemiology	4427168
10891	adequately	4425890
10892	pentagon	4424810
10893	spectral	4424231
10894	diabetic	4423828
10895	stressed	4422630
10896	libdevel	4422500
10897	prevalence	4421946
10898	dominica	4421297
10899	contaminated	4421206
10900	fragment	4420815
10901	dvi	4419968
10902	finishes	4419937
10903	lecturer	4419105
10904	biomedical	4418626
10905	embroidered	4417764
10906	bucket	4415452
10907	steak	4413680
10908	gameboy	4413420
10909	commits	4413217
10910	cobra	4412823
10911	subset	4412351
10912	gucci	4412128
10913	threw	4410853
10914	sutton	4410096
10915	djibouti	4409556
10916	https	4408882
10917	websphere	4408074
10918	authorize	4407669
10919	cheney	4407229
10920	zombie	4406565
10921	decorated	4402966
10922	credited	4401906
10923	cherokee	4401630
10924	recycled	4400717
10925	apo	4400599
10926	ao	4400215
10927	followup	4399460
10928	recruit	4397367
10929	simmons	4397181
10930	nih	4397028
10931	gals	4397011
10932	hoc	4396598
10933	hdd	4396336
10934	bidders	4396096
10935	wherein	4395949
10936	simulator	4395597
10937	appearances	4395441
10938	performers	4393026
10939	dessert	4392650
10940	dissertation	4391498
10941	exporters	4391473
10942	walsh	4391300
10943	ninth	4390562
10944	mutant	4389772
10945	nos	4388293
10946	marry	4388137
10947	blankets	4386506
10948	enthusiasm	4386258
10949	confusing	4385868
10950	celebrations	4383919
10951	approaching	4383496
10952	bounce	4383170
10953	ivan	4381927
10954	spiral	4381596
10955	ssh	4381215
10956	governors	4380019
10957	weakness	4379559
10958	authoring	4377035
10959	specializes	4376847
10960	wills	4376548
10961	katherine	4376071
10962	atoms	4375988
10963	jacobs	4375603
10964	mauritania	4375366
10965	tissues	4375348
10966	reminded	4374374
10967	irvine	4373607
10968	drake	4373046
10969	olds	4370826
10970	ramp	4370357
10971	jakarta	4370126
10972	cynthia	4370055
10973	roosevelt	4369103
10974	practicing	4367159
10975	schmidt	4367060
10976	nicely	4366949
10977	surprisingly	4366827
10978	expressing	4365995
10979	della	4365759
10980	laurel	4365465
10981	carolyn	4364954
10982	rails	4364886
10983	tl	4364703
10984	pgsql	4364387
10985	fried	4364192
10986	cairo	4364029
10987	ambulance	4363682
10988	practically	4363252
10989	traded	4363231
10990	signaling	4362944
10991	vivo	4362591
10992	malls	4362513
10993	domination	4362286
10994	shrimp	4361942
10995	jensen	4361860
10996	chords	4361267
10997	impairment	4359947
10998	scooter	4359214
10999	molecule	4359107
11000	dedication	4357261
11001	wap	4356647
11002	desires	4356398
11003	woody	4355633
11004	dismissed	4355532
11005	mcgraw	4354997
11006	lr	4354764
11007	cheerleader	4354473
11008	cried	4352198
11009	psychic	4352052
11010	cracks	4351973
11011	edu	4350586
11012	lotion	4349478
11013	analyzing	4349461
11014	substrate	4348410
11015	sincerely	4347749
11016	mmc	4347714
11017	beaten	4346610
11018	piercing	4346261
11019	ashanti	4345872
11020	antilles	4343834
11021	homemade	4341825
11022	ukrainian	4341516
11023	establishments	4340712
11024	marginal	4340610
11025	visions	4340352
11026	efficacy	4339810
11027	freshwater	4338978
11028	topical	4338016
11029	prestige	4337527
11030	cocaine	4337187
11031	accelerated	4336016
11032	pinnacle	4335248
11033	tucker	4335174
11034	rms	4334521
11035	recognizes	4333719
11036	plugs	4333394
11037	isdn	4331740
11038	responsive	4330902
11039	coded	4330278
11040	supra	4329457
11041	omitted	4329280
11042	molly	4328076
11043	proximity	4327868
11044	ku	4326949
11045	alcatel	4324475
11046	belonging	4324385
11047	unbiased	4324253
11048	pear	4324248
11049	suriname	4324031
11050	chiefs	4321619
11051	franz	4321556
11052	collision	4320422
11053	supplementary	4320232
11054	parkway	4317891
11055	femdom	4316794
11056	palau	4315852
11057	clue	4315669
11058	scandal	4315093
11059	duff	4314675
11060	lodges	4314249
11061	dangers	4313168
11062	lys	4312989
11063	ck	4312028
11064	bonuses	4311967
11065	scam	4311808
11066	travellers	4311775
11067	gia	4310747
11068	scream	4310000
11069	biking	4309804
11070	discrepancies	4309441
11071	pirate	4308440
11072	microsystems	4307141
11073	timeout	4305584
11074	senses	4305427
11075	aerosmith	4303849
11076	repeats	4302320
11077	resellers	4302212
11078	willie	4301619
11079	portfolios	4300566
11080	rival	4298220
11081	ops	4294947
11082	slower	4293888
11083	simulated	4293640
11084	culinary	4292898
11085	fairfax	4291515
11086	beck	4290667
11087	semantics	4290544
11088	huh	4290479
11089	scarface	4289682
11090	accountant	4289265
11091	beige	4288534
11092	auditing	4288045
11093	rolex	4287956
11094	propaganda	4287917
11095	amplifiers	4287917
11096	offender	4287437
11097	waterloo	4287347
11098	warwick	4286870
11099	coli	4286111
11100	executable	4286058
11101	pentax	4285966
11102	restart	4284959
11103	rounded	4284892
11104	boarding	4284819
11105	vanity	4284766
11106	mitigation	4282830
11107	tome	4282614
11108	prof	4282231
11109	overstock	4282219
11110	homer	4281428
11111	eps	4280377
11112	daylight	4280151
11113	macdonald	4279503
11114	hmm	4279237
11115	gases	4277836
11116	dependency	4277030
11117	dioxide	4276462
11118	fireworks	4276373
11119	genus	4275567
11120	approached	4275544
11121	catching	4274928
11122	cutter	4273307
11123	connects	4270886
11124	ont	4269924
11125	explores	4268453
11126	liberals	4267018
11127	aperture	4266263
11128	roofing	4265875
11129	dixon	4265747
11130	elastic	4265135
11131	melody	4264666
11132	sins	4263660
11133	cousin	4263150
11134	hath	4262812
11135	torque	4262432
11136	recalls	4262019
11137	consultations	4261175
11138	memberships	4259768
11139	debts	4259542
11140	renting	4259490
11141	icann	4259419
11142	ticketmaster	4259341
11143	cdc	4259074
11144	meridia	4259066
11145	phillip	4258655
11146	burial	4258160
11147	balcony	4258129
11148	prescriptions	4257387
11149	hsn	4255475
11150	prop	4254743
11151	avril	4254680
11152	willis	4254240
11153	myths	4253827
11154	camden	4253322
11155	coupling	4252397
11156	knees	4250743
11157	oncology	4250235
11158	neglect	4250016
11159	emerge	4249371
11160	nf	4249322
11161	winchester	4249243
11162	clutch	4248843
11163	shy	4248699
11164	poets	4248574
11165	woven	4248524
11166	bloglines	4248194
11167	auditorium	4248177
11168	pedro	4247791
11169	maid	4247185
11170	sid	4247035
11171	carrie	4245824
11172	audioslave	4245268
11173	towels	4244863
11174	wikimedia	4244286
11175	canterbury	4243943
11176	lipitor	4243818
11177	remodeling	4243031
11178	trent	4242725
11179	redhat	4242355
11180	barber	4241984
11181	intuitive	4241404
11182	rigid	4240019
11183	enom	4238876
11184	sta	4237091
11185	degradation	4236424
11186	ret	4235970
11187	haha	4235879
11188	orthodox	4235572
11189	erin	4235309
11190	ferguson	4235020
11191	coordinating	4234379
11192	holistic	4234358
11193	salsa	4234056
11194	fragments	4233728
11195	encarta	4233549
11196	mariana	4233392
11197	qualitative	4233032
11198	claude	4230997
11199	minorities	4230660
11200	childcare	4230571
11201	dvr	4230068
11202	blown	4229918
11203	diffusion	4229849
11204	baton	4229776
11205	cdn	4229263
11206	polynesia	4228131
11207	barton	4228071
11208	umbrella	4227324
11209	soundtracks	4227075
11210	napster	4226792
11211	rods	4226391
11212	wong	4225896
11213	stimulation	4225487
11214	abbey	4224864
11215	pigs	4224549
11216	debugging	4224476
11217	olivia	4223761
11218	rechargeable	4223372
11219	engineered	4222770
11220	jerseys	4222586
11221	refugee	4221434
11222	pw	4221063
11223	straps	4220473
11224	maya	4220258
11225	discourse	4220048
11226	lancashire	4219954
11227	superstore	4218532
11228	headache	4218013
11229	stained	4217928
11230	marital	4217902
11231	socialist	4217721
11232	hex	4217438
11233	wg	4217290
11234	bruno	4216245
11235	attracted	4216005
11236	undertaking	4215954
11237	slavery	4214907
11238	notwithstanding	4214701
11239	blogroll	4214259
11240	evite	4214149
11241	feasible	4213616
11242	romans	4213605
11243	micronesia	4213394
11244	credibility	4212696
11245	shores	4211229
11246	fest	4210656
11247	thames	4208660
11248	flowing	4208602
11249	dreamweaver	4208166
11250	diets	4207940
11251	montenegro	4207533
11252	deed	4207336
11253	sauna	4202256
11254	whirlpool	4201491
11255	perfumes	4200608
11256	sustain	4199639
11257	mechanic	4198798
11258	bauer	4197776
11259	eliminating	4197589
11260	rejection	4197543
11261	multiplayer	4195934
11262	crt	4195744
11263	caicos	4194502
11264	bowls	4193933
11265	qaeda	4193878
11266	dissemination	4193540
11267	shareholder	4193216
11268	cardinals	4192613
11269	kitts	4192233
11270	cosmic	4191929
11271	dawson	4191412
11272	tivo	4190950
11273	defective	4190752
11274	deletion	4190454
11275	lengths	4190306
11276	beacon	4190278
11277	hoover	4189070
11278	ptr	4187921
11279	macau	4187604
11280	politically	4186936
11281	elective	4186685
11282	forensic	4186245
11283	botanical	4183612
11284	quartet	4182986
11285	mudvayne	4182439
11286	ceramics	4181926
11287	suspense	4181909
11288	drafting	4181743
11289	cruel	4180956
11290	observing	4180478
11291	freestyle	4180142
11292	advertised	4179189
11293	commencement	4179071
11294	southwestern	4178986
11295	conform	4177976
11296	helmets	4177803
11297	organizers	4177240
11298	firing	4176080
11299	smartphone	4175885
11300	eager	4175668
11301	cmd	4175215
11302	denise	4173228
11303	hypertension	4172902
11304	searchable	4172829
11305	touching	4172308
11306	aguilera	4172123
11307	vacancy	4171263
11308	servicing	4170827
11309	papa	4170314
11310	settlements	4169458
11311	strawberry	4169376
11312	chang	4168927
11313	gloria	4167872
11314	counselling	4167817
11315	elevator	4167714
11316	pupil	4167137
11317	feast	4166016
11318	ecards	4165998
11319	maggie	4165430
11320	redemption	4165064
11321	profound	4164333
11322	canton	4164322
11323	nina	4163802
11324	acura	4162891
11325	registering	4162557
11326	seth	4161544
11327	warn	4160789
11328	conservatives	4159750
11329	clit	4159110
11330	bonnie	4156792
11331	laying	4156210
11332	cops	4155366
11333	provisional	4154786
11334	compiling	4154508
11335	fedex	4153858
11336	strive	4152261
11337	snowboarding	4150805
11338	releasing	4150801
11339	laserjet	4149374
11340	martinique	4149160
11341	shells	4149003
11342	painter	4148778
11343	cooker	4147009
11344	ankle	4146793
11345	peso	4146603
11346	leagues	4145615
11347	monkeys	4143859
11348	historically	4143489
11349	lego	4141703
11350	transitions	4141050
11351	prevented	4140686
11352	digits	4140271
11353	err	4139438
11354	banker	4138729
11355	sup	4138281
11356	easiest	4138022
11357	microbiology	4137858
11358	borrow	4137645
11359	internships	4137252
11360	bamboo	4136702
11361	lv	4135966
11362	denotes	4135758
11363	communicating	4134095
11364	sgh	4132934
11365	ki	4132670
11366	vectors	4132345
11367	decks	4131188
11368	craigslist	4130450
11369	vibration	4130212
11370	stepped	4130208
11371	vent	4130004
11372	blunt	4129800
11373	protector	4128784
11374	hamas	4128646
11375	aux	4126536
11376	react	4126376
11377	understands	4126087
11378	rises	4124482
11379	shane	4124234
11380	issuing	4123334
11381	heaters	4122650
11382	accents	4122134
11383	insane	4121922
11384	buddha	4121656
11385	voyage	4119859
11386	een	4119433
11387	rdf	4119348
11388	colonel	4118477
11389	transitional	4118474
11390	mozart	4118473
11391	acceleration	4118345
11392	sketch	4118317
11393	hoffman	4117895
11394	bj	4117292
11395	balances	4116412
11396	firearms	4115567
11397	nightly	4115392
11398	visualization	4114476
11399	pitt	4112040
11400	deduction	4110107
11401	dancer	4109747
11402	coats	4107452
11403	pol	4104771
11404	capsules	4104571
11405	hyde	4104139
11406	firmly	4103216
11407	doo	4102101
11408	dots	4101380
11409	pursuing	4100131
11410	newswire	4099738
11411	aston	4099586
11412	hf	4099152
11413	spermshack	4098928
11414	mugs	4098204
11415	brokerage	4097935
11416	washed	4096107
11417	overtime	4095339
11418	staind	4095178
11419	resonance	4094941
11420	mosaic	4094867
11421	rhodes	4094759
11422	fiesta	4094679
11423	wd	4094083
11424	sourcing	4093584
11425	vase	4093494
11426	filings	4092206
11427	forcing	4091794
11428	fairs	4091127
11429	flute	4090740
11430	durability	4090496
11431	boeing	4090445
11432	sizing	4090106
11433	exceeded	4089138
11434	meadows	4088809
11435	hindi	4088627
11436	presley	4088299
11437	harsh	4087715
11438	outfit	4087628
11439	godsmack	4086356
11440	labeling	4083683
11441	substitution	4083235
11442	whois	4083002
11443	burma	4082398
11444	cease	4081957
11445	deserves	4081562
11446	aboard	4080258
11447	paradigm	4079943
11448	msc	4079737
11449	irving	4079383
11450	perfection	4079350
11451	joints	4078045
11452	overwhelming	4077983
11453	linguistics	4077716
11454	snmp	4077396
11455	standardized	4076813
11456	liu	4076159
11457	poles	4074284
11458	gta	4074066
11459	bounds	4073402
11460	lyon	4072136
11461	nutrients	4071983
11462	kosovo	4071958
11463	santiago	4071798
11464	vera	4071447
11465	advising	4070479
11466	altogether	4070166
11467	devils	4069685
11468	dignity	4068074
11469	europa	4068015
11470	barbuda	4065880
11471	wondered	4065715
11472	cheshire	4065692
11473	boyd	4065567
11474	sliding	4064583
11475	accumulation	4064397
11476	napa	4064026
11477	descriptive	4063561
11478	abt	4062793
11479	inst	4062222
11480	feasibility	4061906
11481	nickelback	4061367
11482	lj	4060626
11483	negotiating	4058744
11484	homo	4058353
11485	pier	4057622
11486	sioux	4055518
11487	nazi	4055501
11488	cote	4055395
11489	premiums	4055019
11490	jenna	4054943
11491	arrays	4053994
11492	lutheran	4053726
11493	syllabus	4051766
11494	rgb	4051660
11495	fellows	4051629
11496	valencia	4050634
11497	superman	4049956
11498	rodriguez	4049525
11499	perkins	4049397
11500	animations	4048602
11501	ideally	4048227
11502	activism	4047643
11503	splash	4047574
11504	fargo	4046625
11505	chairperson	4045436
11506	equip	4044391
11507	saga	4044373
11508	reged	4043692
11509	leverage	4043338
11510	probation	4043334
11511	sgt	4043001
11512	ast	4042477
11513	gran	4042239
11514	commissioned	4041679
11515	hedge	4041429
11516	ke	4040734
11517	anguilla	4039464
11518	fender	4039339
11519	violet	4038524
11520	dancers	4037631
11521	mutation	4037197
11522	radisson	4036628
11523	envelopes	4036122
11524	apc	4035654
11525	alle	4035565
11526	compulsory	4035480
11527	hitler	4034321
11528	favorable	4033607
11529	rue	4033203
11530	handset	4032942
11531	preparations	4031926
11532	maxwell	4031674
11533	illustrates	4031442
11534	inheritance	4030441
11535	curry	4029540
11536	vulnerabilities	4029415
11537	pga	4028508
11538	oblique	4027970
11539	pearls	4027893
11540	worms	4027528
11541	activist	4027427
11542	palestinians	4027252
11543	satisfying	4026472
11544	ldap	4026347
11545	succeeded	4026219
11546	prerequisites	4026193
11547	maintainer	4025003
11548	apples	4024590
11549	elf	4024474
11550	dewey	4024315
11551	surviving	4024027
11552	pouch	4023912
11553	advent	4023874
11554	proposes	4023816
11555	hooks	4023408
11556	ces	4023368
11557	exploitation	4023362
11558	singers	4022824
11559	mayo	4021666
11560	tasmania	4020820
11561	mansion	4019687
11562	benq	4019377
11563	cha	4019243
11564	surrender	4018892
11565	lx	4018521
11566	schneider	4018252
11567	accumulated	4018104
11568	arsenal	4017059
11569	dub	4017027
11570	screws	4016747
11571	pyramid	4016467
11572	enjoys	4016306
11573	bv	4014640
11574	hacking	4013671
11575	stripe	4013275
11576	knoxville	4013012
11577	averages	4012787
11578	peaks	4011396
11579	tai	4011354
11580	como	4009820
11581	lisp	4008283
11582	limousine	4007578
11583	churchill	4007365
11584	mentoring	4005103
11585	pak	4004319
11586	affirmative	4003502
11587	keynote	4003270
11588	mos	4002363
11589	didnt	4002254
11590	classrooms	4002212
11591	planted	4001421
11592	petitioner	4001272
11593	residency	4000641
11594	spoon	4000406
11595	bombs	3999701
11596	niche	3999108
11597	deadlines	3998245
11598	fortunately	3996097
11599	tk	3995277
11600	cigar	3993843
11601	vis	3991760
11602	calculating	3991558
11603	erie	3991279
11604	berkshire	3990726
11605	bookshop	3990603
11606	proportional	3990019
11607	credentials	3989745
11608	deprecated	3988883
11609	nonetheless	3988449
11610	municipalities	3988310
11611	chin	3986552
11612	locker	3985812
11613	jenkins	3985380
11614	squash	3985349
11615	expectation	3985293
11616	severely	3985192
11617	spotted	3982290
11618	curse	3982181
11619	hifi	3981908
11620	gf	3981405
11621	ajax	3980338
11622	coconut	3979631
11623	interrupt	3979422
11624	conductor	3978814
11625	wont	3978693
11626	liberation	3977625
11627	forex	3977390
11628	diagnostics	3976650
11629	grandfather	3976363
11630	removes	3976233
11631	ew	3976132
11632	luxurious	3975107
11633	titan	3974407
11634	dreamcast	3973861
11635	tumors	3973566
11636	booked	3972989
11637	anita	3972924
11638	indirectly	3972681
11639	nile	3972242
11640	vm	3971987
11641	blessing	3970512
11642	lumber	3970464
11643	kyocera	3970190
11644	pillows	3969760
11645	portals	3969382
11646	illustrator	3968150
11647	asleep	3967813
11648	potassium	3966709
11649	prompted	3966438
11650	shout	3965861
11651	nudes	3964133
11652	rationale	3963807
11653	hubs	3963468
11654	pasadena	3963460
11655	presidency	3963353
11656	abnormal	3963331
11657	bissau	3962688
11658	delicate	3962661
11659	convince	3962104
11660	whoever	3961970
11661	subway	3959823
11662	hpa	3959218
11663	straw	3958211
11664	lifted	3957493
11665	mankind	3957434
11666	uncertain	3956957
11667	fgets	3956206
11668	citrus	3955640
11669	paramount	3954831
11670	cameltoe	3954794
11671	upright	3954150
11672	breakfasts	3951058
11673	inspectors	3950723
11674	emergencies	3950644
11675	reuse	3950428
11676	ernest	3950109
11677	sightseeing	3949130
11678	shocked	3948680
11679	therapies	3948634
11680	alcoholic	3947219
11681	bakery	3947064
11682	lieutenant	3946806
11683	orchid	3946535
11684	histories	3943244
11685	loses	3942953
11686	widget	3942410
11687	renault	3941993
11688	atkins	3941917
11689	variability	3941754
11690	comoros	3941698
11691	suede	3941313
11692	observatory	3940254
11693	soda	3940026
11694	waited	3938627
11695	preventive	3938407
11696	peach	3938068
11697	calculus	3937205
11698	stefan	3936360
11699	selector	3933869
11700	gop	3933372
11701	breathe	3933278
11702	diaper	3933145
11703	dunn	3933056
11704	hotwire	3932603
11705	ngo	3931983
11706	smiling	3931929
11707	ounces	3931022
11708	pvt	3930463
11709	economically	3929872
11710	uncut	3929056
11711	intact	3928069
11712	noting	3925386
11713	shifting	3925159
11714	samurai	3924698
11715	atp	3924233
11716	moines	3923427
11717	subtotal	3923296
11718	coefficients	3922786
11719	duplex	3922761
11720	ivy	3922494
11721	mvp	3921996
11722	delegate	3921156
11723	lightly	3921147
11724	negotiated	3920525
11725	jh	3919530
11726	analyzer	3918684
11727	herman	3917917
11728	congestion	3917609
11729	runners	3917217
11730	stove	3914849
11731	charset	3914757
11732	clin	3914330
11733	accidental	3914021
11734	talents	3913506
11735	nixon	3913498
11736	refuge	3910887
11737	brady	3910813
11738	guadeloupe	3910380
11739	nutrient	3910296
11740	walton	3910292
11741	zhang	3909936
11742	underway	3909347
11743	carved	3908746
11744	ark	3908616
11745	freak	3908219
11746	obstacles	3908106
11747	govt	3907100
11748	cbc	3906954
11749	preferably	3906858
11750	bluff	3906671
11751	excerpts	3906085
11752	jasper	3905781
11753	formatted	3905739
11754	sed	3905643
11755	newborn	3905331
11756	sadly	3905175
11757	laughed	3904519
11758	gorillaz	3903689
11759	avail	3902711
11760	emerson	3902336
11761	regulate	3900971
11762	orchard	3900891
11763	inhibitors	3900774
11764	uu	3899896
11765	mythology	3899588
11766	prestigious	3899516
11767	deploy	3898491
11768	trousers	3897524
11769	gameplay	3897452
11770	hatch	3896261
11771	replaces	3895316
11772	tomb	3894685
11773	regina	3894408
11774	stein	3893544
11775	shortage	3892878
11776	privileged	3890670
11777	spill	3890646
11778	goodness	3890474
11779	drift	3889505
11780	extracts	3889330
11781	professions	3888846
11782	explored	3887481
11783	autism	3886220
11784	mysteries	3885698
11785	fuller	3885291
11786	taxpayers	3884940
11787	martinez	3884890
11788	bombing	3884875
11789	decreases	3884211
11790	wwe	3883842
11791	metrics	3883192
11792	winxp	3881715
11793	crisp	3880385
11794	inability	3880337
11795	cor	3879006
11796	goo	3878783
11797	coronary	3878267
11798	bldg	3878142
11799	mediated	3877793
11800	prom	3877689
11801	scans	3877627
11802	keeper	3877357
11803	reinforced	3877044
11804	johannesburg	3875115
11805	spells	3875038
11806	specifying	3874863
11807	vaginal	3873132
11808	buddhist	3873063
11809	isps	3873037
11810	inevitable	3872819
11811	etiquette	3872794
11812	rookie	3870767
11813	environ	3870498
11814	nic	3869264
11815	theatrical	3867947
11816	coloured	3867584
11817	births	3867031
11818	kr	3863589
11819	cubs	3863171
11820	interdisciplinary	3862597
11821	wheeler	3862107
11822	ritual	3861920
11823	miguel	3861205
11824	kerala	3861158
11825	pulp	3860989
11826	onset	3858839
11827	interpreter	3858537
11828	enzymes	3858286
11829	specimens	3857576
11830	initiation	3855916
11831	analytics	3855886
11832	assay	3855224
11833	jacuzzi	3855111
11834	reconciliation	3854902
11835	pots	3854743
11836	lesbianas	3853920
11837	recognizing	3853300
11838	parser	3853138
11839	leigh	3853134
11840	razr	3851856
11841	slam	3851407
11842	jt	3850939
11843	respects	3850738
11844	tents	3850460
11845	plaque	3850381
11846	accounted	3850232
11847	deposited	3849839
11848	lowe	3849640
11849	beavers	3848670
11850	crib	3847659
11851	styling	3847444
11852	snack	3847152
11853	defending	3846898
11854	pulls	3846669
11855	autonomous	3845886
11856	weezer	3845711
11857	granting	3845218
11858	motoring	3844960
11859	appropriation	3844753
11860	randomly	3844381
11861	condensed	3843832
11862	philippine	3843510
11863	theological	3842954
11864	quietly	3842577
11865	semiconductors	3842193
11866	scenery	3842099
11867	coca	3841473
11868	acs	3839798
11869	peugeot	3839187
11870	bollywood	3839026
11871	mentally	3838946
11872	horoscopes	3838456
11873	drying	3837655
11874	assemblies	3837220
11875	noun	3837137
11876	xmas	3835837
11877	silicone	3835328
11878	collateral	3835146
11879	cpa	3834650
11880	learner	3834055
11881	welcomes	3832970
11882	dn	3832491
11883	swallow	3832303
11884	tara	3831476
11885	transplant	3830833
11886	scoreboard	3830219
11887	proliferation	3829964
11888	usenet	3828664
11889	squid	3828491
11890	marines	3828140
11891	hw	3827864
11892	lighthouse	3826413
11893	proves	3826270
11894	customised	3825527
11895	trilogy	3825206
11896	crab	3824989
11897	jen	3823290
11898	brightness	3822314
11899	maurice	3821885
11900	brooke	3821883
11901	consumed	3820896
11902	maxim	3820484
11903	hike	3820168
11904	bore	3819820
11905	imdb	3819497
11906	depreciation	3818913
11907	clic	3818512
11908	technically	3818321
11909	ars	3818073
11910	pharmacist	3816817
11911	marley	3816435
11912	enjoyment	3816406
11913	typepad	3816340
11914	cows	3816319
11915	xs	3816065
11916	deliveries	3815714
11917	recruiters	3814660
11918	austrian	3814530
11919	correspond	3814384
11920	slate	3813904
11921	suzanne	3813536
11922	confined	3813370
11923	screaming	3812764
11924	inhabitants	3812535
11925	straightforward	3812325
11926	delighted	3812221
11927	cygwin	3811474
11928	morton	3811069
11929	peel	3810917
11930	gprs	3810278
11931	cue	3810147
11932	jupiter	3809088
11933	simultaneous	3808657
11934	monopoly	3808505
11935	png	3806867
11936	pornography	3806856
11937	debris	3806697
11938	han	3806541
11939	intentions	3806436
11940	robotics	3806007
11941	pagan	3805644
11942	chopped	3804704
11943	widow	3804620
11944	contexts	3804487
11945	sac	3803083
11946	peg	3802883
11947	randall	3802515
11948	benson	3801754
11949	sleeves	3801642
11950	troubled	3801498
11951	footnote	3800501
11952	vibrant	3800268
11953	evolving	3799789
11954	sweater	3798820
11955	approximation	3798341
11956	skies	3796788
11957	barrett	3795271
11958	init	3795268
11959	burners	3795089
11960	alison	3793481
11961	fitzgerald	3793474
11962	kicks	3792491
11963	disappeared	3791611
11964	canoe	3790795
11965	svn	3790357
11966	sovereign	3790205
11967	reminds	3789917
11968	organism	3789385
11969	corrupt	3788784
11970	violated	3786834
11971	correspondent	3786622
11972	drought	3786273
11973	bake	3785783
11974	hurricanes	3785008
11975	oslo	3784794
11976	symptom	3784339
11977	laughter	3783649
11978	foreclosures	3783227
11979	propagation	3783126
11980	audits	3782927
11981	ignorance	3782654
11982	pesticides	3782034
11983	explosive	3781976
11984	inventor	3780161
11985	scaling	3780114
11986	juicy	3778910
11987	fave	3778307
11988	residues	3777772
11989	ashlee	3777095
11990	moody	3776452
11991	viet	3776331
11992	fashioned	3776151
11993	grains	3772543
11994	vicinity	3772417
11995	thyroid	3772023
11996	purification	3769668
11997	heal	3769650
11998	orbitz	3769476
11999	southeastern	3769283
12000	wizards	3769098
12001	horoscope	3768650
12002	invasive	3768581
12003	prosperity	3768263
12004	rainfall	3767281
12005	helsinki	3766234
12006	hardback	3764986
12007	mum	3764100
12008	launching	3764017
12009	vuitton	3763985
12010	nextag	3763821
12011	pedal	3763705
12012	inconsistent	3763083
12013	plantation	3762904
12014	storing	3762383
12015	asa	3762120
12016	tote	3761953
12017	jumped	3761906
12018	seemingly	3761438
12019	tuned	3761208
12020	narnia	3759544
12021	passionate	3759453
12022	alfa	3759405
12023	staples	3759213
12024	twp	3759094
12025	mayer	3758894
12026	backward	3758544
12027	sour	3757799
12028	geoff	3757759
12029	rename	3757535
12030	atx	3757516
12031	markup	3757429
12032	combustion	3757231
12033	breakthrough	3757116
12034	scrap	3757085
12035	ietf	3757083
12036	administer	3754648
12037	bilateral	3754545
12038	bella	3753635
12039	blondes	3753451
12040	beneficiaries	3753008
12041	disposable	3752005
12042	williamson	3749880
12043	sock	3748769
12044	gentlemen	3748634
12045	copier	3747909
12046	uncategorized	3747762
12047	terra	3747696
12048	literal	3747449
12049	questioned	3747297
12050	guiding	3747104
12051	charcoal	3745478
12052	xm	3744980
12053	vapor	3744912
12054	beware	3744629
12055	aloud	3743858
12056	glorious	3743383
12057	geforce	3743122
12058	overlap	3743117
12059	handsome	3742080
12060	defaults	3742075
12061	foreclosure	3741402
12062	clarification	3741132
12063	grounded	3739928
12064	bail	3739601
12065	goose	3739382
12066	espresso	3739029
12067	fn	3737434
12068	judgement	3736635
12069	cruiser	3735652
12070	hendrix	3734885
12071	cumberland	3734672
12072	gifted	3733747
12073	esteem	3733585
12074	cascade	3732995
12075	endorse	3732894
12076	strokes	3732810
12077	shelby	3732559
12078	hen	3732543
12079	homeowner	3732354
12080	ancestry	3731719
12081	mib	3731368
12082	dolphins	3731075
12083	adopting	3730959
12084	landed	3730816
12085	nucleus	3730601
12086	tees	3730254
12087	detached	3730246
12088	scouts	3729780
12089	warsaw	3729488
12090	ib	3729155
12091	mist	3728769
12092	glu	3727782
12093	winnt	3727290
12094	verb	3726924
12095	tec	3726338
12096	chic	3725795
12097	hydro	3725464
12098	nonlinear	3725269
12099	spokane	3725256
12100	objection	3725086
12101	phosphate	3724512
12102	playa	3723548
12103	gh	3723010
12104	noisy	3722908
12105	csi	3722907
12106	abide	3722809
12107	radioactive	3721806
12108	sentinel	3721697
12109	birthdays	3721283
12110	desserts	3720484
12111	doi	3719879
12112	socio	3719745
12113	pcmcia	3719613
12114	preserving	3719018
12115	vest	3719017
12116	neal	3718387
12117	economist	3718338
12118	grooming	3718290
12119	meridian	3717338
12120	marriages	3717000
12121	regret	3716789
12122	validate	3715972
12123	stakes	3715795
12124	rotating	3715660
12125	nederlands	3715590
12126	brigade	3711855
12127	movable	3710553
12128	doubles	3709489
12129	bst	3709095
12130	bliss	3708978
12131	filmography	3708823
12132	humiliation	3707732
12133	tens	3707380
12134	litter	3706640
12135	reflective	3705748
12136	outerwear	3705282
12137	abbreviations	3703739
12138	executing	3703273
12139	greenwich	3699730
12140	flooding	3699696
12141	parse	3698919
12142	rugged	3698606
12143	jelly	3698541
12144	dsp	3697938
12145	implementations	3697837
12146	grandmother	3697756
12147	renovation	3697379
12148	puma	3696953
12149	appoint	3696615
12150	attendees	3696467
12151	panthers	3695915
12152	perceptions	3695044
12153	greenwood	3694021
12154	ignition	3693724
12155	humble	3693501
12156	toc	3693115
12157	downstream	3691197
12158	petrol	3690703
12159	midway	3690431
12160	mania	3688699
12161	edwin	3688662
12162	webcasts	3688493
12163	ax	3687441
12164	accelerator	3687315
12165	masterbating	3687277
12166	clare	3687106
12167	flyers	3685163
12168	recognise	3685011
12169	tacoma	3684792
12170	hostile	3684268
12171	aphrodite	3684009
12172	radiology	3683754
12173	establishes	3683462
12174	whites	3683340
12175	rant	3683247
12176	trapped	3683039
12177	bolts	3682849
12178	diplomatic	3682737
12179	locals	3682503
12180	fringe	3682385
12181	linguistic	3682256
12182	internally	3682046
12183	planetary	3681473
12184	mms	3681419
12185	tungsten	3681180
12186	typed	3681027
12187	desc	3680949
12188	datasheet	3680819
12189	laurent	3680554
12190	shutdown	3678890
12191	ego	3678432
12192	manuel	3677641
12193	xenical	3677341
12194	computerworld	3675276
12195	gaza	3674472
12196	influenza	3673978
12197	gill	3672989
12198	tattoos	3672724
12199	rude	3672620
12200	sang	3669266
12201	steele	3669151
12202	citing	3668594
12203	viewpoint	3667923
12204	peptide	3667831
12205	nay	3667089
12206	sweatshirt	3666728
12207	hassle	3665939
12208	regents	3665656
12209	servants	3665322
12210	meanings	3664177
12211	conception	3663294
12212	unemployed	3663204
12213	heavenly	3663141
12214	gn	3662910
12215	exeter	3662807
12216	docket	3661940
12217	amusement	3661819
12218	dll	3660822
12219	elsevier	3660463
12220	nordic	3660365
12221	middlesex	3659462
12222	curl	3659178
12223	privat	3659158
12224	albanian	3658803
12225	overflow	3657788
12226	geometric	3657640
12227	hastings	3657540
12228	subsidies	3656280
12229	taxonomy	3655978
12230	thirds	3655965
12231	deli	3655555
12232	willingness	3654922
12233	intern	3654560
12234	implicit	3654411
12235	nsf	3654390
12236	patriotic	3654140
12237	simplify	3654131
12238	darling	3653817
12239	schwartz	3653728
12240	satan	3653674
12241	ornaments	3653618
12242	oppose	3653137
12243	sata	3652875
12244	terrific	3652629
12245	xxxx	3652233
12246	megan	3652019
12247	allergies	3651862
12248	definite	3651600
12249	bangalore	3651085
12250	congregation	3649518
12251	regiment	3649264
12252	cheer	3648929
12253	everett	3648760
12254	reviewers	3648745
12255	clutter	3648587
12256	misleading	3646794
12257	marty	3646752
12258	predator	3646243
12259	vine	3646014
12260	vale	3645802
12261	whereby	3645304
12262	deceased	3645162
12263	sparks	3644341
12264	xlibs	3644205
12265	belgian	3642712
12266	adolescents	3642412
12267	djs	3642345
12268	simpler	3642315
12269	captures	3642295
12270	coventry	3642231
12271	capitalism	3640757
12272	hancock	3640366
12273	falkland	3639937
12274	clamp	3639509
12275	cur	3639449
12276	pricegrabber	3639276
12277	mammals	3639188
12278	grape	3638159
12279	cloning	3638136
12280	args	3638059
12281	madden	3637266
12282	russ	3636915
12283	peppers	3636873
12284	deeds	3636121
12285	lively	3635880
12286	inequality	3635529
12287	smugmug	3634445
12288	educator	3634348
12289	premature	3634239
12290	visually	3633998
12291	tripod	3633813
12292	immigrant	3633715
12293	alright	3632981
12294	laguna	3632280
12295	limo	3631696
12296	demonstrations	3630982
12297	obsolete	3630687
12298	aligned	3630260
12299	rust	3629881
12300	lon	3629057
12301	pesticide	3628927
12302	interfere	3628881
12303	traps	3628684
12304	shuffle	3627654
12305	wardrobe	3627616
12306	vin	3627453
12307	transformers	3627334
12308	successes	3626751
12309	racer	3625077
12310	fabrication	3624802
12311	guilt	3623942
12312	sweep	3623863
12313	nash	3622689
12314	exploited	3621998
12315	avid	3621749
12316	outpatient	3621475
12317	bladder	3621454
12318	lam	3621434
12319	inflammatory	3621413
12320	iss	3620766
12321	immunity	3620582
12322	encrypted	3620536
12323	bets	3619444
12324	wholesalers	3619253
12325	doyle	3618714
12326	ducks	3618693
12327	coldfusion	3618305
12328	dcr	3617952
12329	shooter	3617812
12330	switchboard	3617718
12331	paints	3617496
12332	vince	3616647
12333	neighbourhood	3616133
12334	cheating	3615902
12335	carr	3615873
12336	fade	3615179
12337	fluorescent	3614260
12338	tastes	3613970
12339	cookware	3613638
12340	storms	3613499
12341	lavigne	3613481
12342	param	3613208
12343	smiled	3613070
12344	jurisdictions	3613001
12345	scrutiny	3611860
12346	regeneration	3611850
12347	lunar	3611744
12348	differentiation	3611085
12349	shields	3610577
12350	environmentally	3610401
12351	nonsense	3609585
12352	invented	3607460
12353	gradient	3607228
12354	ncbi	3606906
12355	inserts	3606774
12356	kvm	3606229
12357	elaine	3605953
12358	programmable	3605039
12359	posed	3604888
12360	subjected	3603968
12361	tasting	3603798
12362	bibtex	3602470
12363	chemotherapy	3601490
12364	gwen	3599486
12365	mob	3599356
12366	expose	3598867
12367	borrowing	3598089
12368	arises	3597654
12369	imf	3597605
12370	vr	3597106
12371	precautions	3596326
12372	branded	3595078
12373	dysfunction	3593314
12374	manning	3593144
12375	lisbon	3593020
12376	forks	3592612
12377	monk	3592443
12378	boxer	3592432
12379	shining	3592416
12380	livejournal	3591595
12381	diazepam	3588990
12382	weigh	3587993
12383	rodeo	3587192
12384	clerical	3586609
12385	voyager	3586400
12386	hobart	3585651
12387	sampler	3583120
12388	moose	3581329
12389	jovi	3580113
12390	timetable	3579372
12391	dorset	3579355
12392	corrosion	3578504
12393	positioned	3578050
12394	checker	3577995
12395	buenos	3577309
12396	workstations	3577167
12397	conscience	3576906
12398	crush	3576348
12399	cathy	3575710
12400	mystic	3575548
12401	solicitation	3575386
12402	darren	3575164
12403	cmp	3574611
12404	rectangular	3574522
12405	fischer	3574355
12406	pooh	3574313
12407	enthusiast	3574305
12408	udp	3574123
12409	positively	3573575
12410	sts	3573433
12411	shaping	3573290
12412	ich	3571980
12413	afghan	3571609
12414	inspire	3569444
12415	paulo	3569244
12416	torn	3569094
12417	meantime	3568612
12418	pumping	3568469
12419	patented	3568094
12420	revival	3567939
12421	disappear	3567706
12422	lever	3566558
12423	redundant	3566311
12424	regency	3565737
12425	milfseeker	3565727
12426	tasty	3565676
12427	sbc	3565444
12428	midland	3564344
12429	gag	3563372
12430	synchronization	3562753
12431	mccarthy	3562399
12432	informatics	3562229
12433	oakley	3561959
12434	heck	3561865
12435	rants	3561826
12436	tarot	3561389
12437	didrex	3560477
12438	brenda	3560469
12439	civilians	3560187
12440	bark	3559940
12441	carts	3559795
12442	wasted	3559742
12443	purdue	3558316
12444	cocoa	3557169
12445	invites	3556927
12446	cushion	3556775
12447	reversed	3556556
12448	lynx	3555424
12449	goa	3555223
12450	figurines	3555042
12451	footer	3554458
12452	maternal	3554398
12453	specimen	3554108
12454	jedi	3554006
12455	seamless	3553583
12456	ancestors	3553506
12457	panther	3552330
12458	mixes	3552046
12459	graves	3552013
12460	branding	3551398
12461	ghetto	3550613
12462	thr	3550228
12463	examiner	3550006
12464	vineyard	3549097
12465	meadow	3549050
12466	panty	3546636
12467	feeder	3545920
12468	mercer	3545626
12469	roms	3544856
12470	goodman	3544327
12471	listener	3543996
12472	subunit	3543568
12473	chloride	3543235
12474	awaiting	3541630
12475	kane	3541542
12476	becker	3541371
12477	aires	3540986
12478	bulls	3540837
12479	orion	3538939
12480	commercials	3538093
12481	councillor	3537961
12482	regulators	3537214
12483	hurry	3536968
12484	influential	3536369
12485	clarkson	3535890
12486	carlson	3535592
12487	yy	3535449
12488	beneficiary	3534626
12489	benchmarks	3533985
12490	hanson	3533818
12491	ug	3533520
12492	offspring	3533336
12493	emi	3532925
12494	panorama	3532463
12495	retrieving	3532453
12496	roth	3532379
12497	odor	3532168
12498	demanded	3531986
12499	reactor	3531860
12500	kiribati	3531579
12501	wastes	3531476
12502	telnet	3531383
12503	clash	3531117
12504	biker	3530897
12505	fidelity	3530896
12506	parked	3530425
12507	sis	3530367
12508	financials	3530231
12509	castro	3530162
12510	flew	3529715
12511	peanut	3529318
12512	holden	3529238
12513	ale	3528963
12514	sem	3528520
12515	converters	3528203
12516	nauru	3527512
12517	rhapsody	3527039
12518	trumpet	3526876
12519	solitaire	3526423
12520	decreasing	3525931
12521	freezing	3525702
12522	kaiser	3525640
12523	dishwasher	3525376
12524	rcs	3524522
12525	wallis	3524128
12526	criminals	3522903
12527	neurons	3522853
12528	ios	3522845
12529	retire	3522241
12530	rumors	3522170
12531	accomplishments	3521534
12532	emergence	3521074
12533	feminist	3519958
12534	theatres	3518346
12535	apex	3518314
12536	crimson	3518175
12537	compassion	3517842
12538	yds	3516174
12539	needing	3515408
12540	twentieth	3514981
12541	ive	3514167
12542	ecosystems	3514000
12543	pronounced	3513365
12544	extensively	3513040
12545	stain	3512824
12546	conrad	3512615
12547	wished	3512525
12548	transient	3512340
12549	kicked	3510100
12550	coloring	3509922
12551	curb	3509257
12552	gadget	3508749
12553	cctv	3506759
12554	leukemia	3506364
12555	reign	3505605
12556	trivial	3505592
12557	deco	3505499
12558	ticker	3505466
12559	coke	3505322
12560	habitats	3505167
12561	clauses	3504800
12562	baron	3504549
12563	remover	3504164
12564	sensible	3503935
12565	unlawful	3503931
12566	bates	3503755
12567	incorporates	3503733
12568	brasil	3503070
12569	webs	3501990
12570	swinging	3501986
12571	accountable	3501555
12572	thrust	3500671
12573	proving	3500329
12574	unicode	3499864
12575	opposing	3498650
12576	prod	3498498
12577	novice	3498131
12578	spreadsheet	3496893
12579	hewitt	3496429
12580	lowering	3495906
12581	dei	3495746
12582	delightful	3495221
12583	cane	3494916
12584	cruising	3493890
12585	fury	3493188
12586	personalities	3493064
12587	discography	3493008
12588	stiff	3492842
12589	todo	3492686
12590	encoded	3492618
12591	researching	3490518
12592	noah	3490320
12593	wore	3490088
12594	christchurch	3489931
12595	pediatrics	3489597
12596	traces	3488821
12597	rabbi	3488700
12598	sushi	3488691
12599	puffy	3488647
12600	asap	3488320
12601	weston	3488306
12602	headings	3488165
12603	enthusiasts	3487179
12604	ridiculous	3486556
12605	scattering	3485873
12606	secretaries	3484723
12607	onsite	3484653
12608	mapquest	3484501
12609	contracted	3484408
12610	elbow	3484326
12611	fights	3483909
12612	deleting	3483887
12613	compilations	3482030
12614	therapists	3481142
12615	appealing	3480503
12616	scholarly	3479874
12617	detailing	3479450
12618	stark	3479265
12619	lifestyles	3479186
12620	roberto	3479172
12621	dst	3479167
12622	strongest	3478166
12623	hammond	3476815
12624	swimwear	3476745
12625	padded	3476722
12626	applet	3476474
12627	pricetool	3476203
12628	circa	3475462
12629	revise	3475221
12630	contributes	3474637
12631	threesomes	3474230
12632	surroundings	3473796
12633	proficiency	3473626
12634	quinn	3471650
12635	uranium	3471336
12636	honours	3471334
12637	consolidate	3471334
12638	daniels	3471311
12639	billions	3471276
12640	hut	3471098
12641	daewoo	3470742
12642	antigen	3470196
12643	ultrasound	3469808
12644	stafford	3467845
12645	mgmt	3467765
12646	procedural	3467397
12647	labrador	3467068
12648	refusal	3466381
12649	lima	3465904
12650	suppression	3465258
12651	weaver	3464764
12652	cern	3464673
12653	readiness	3464199
12654	secular	3463905
12655	macros	3463828
12656	majesty	3463329
12657	msa	3461617
12658	fishery	3461156
12659	teresa	3461041
12660	distributing	3460996
12661	estimating	3460789
12662	outdated	3459713
12663	aussie	3459025
12664	advisories	3458840
12665	dues	3458564
12666	pewter	3458542
12667	lendingtree	3458476
12668	belmont	3458367
12669	distress	3457884
12670	pumpkin	3457437
12671	notably	3457363
12672	intends	3457058
12673	trevor	3455171
12674	homosexual	3454221
12675	garment	3454166
12676	acad	3453695
12677	bilingual	3453570
12678	barbecue	3453189
12679	localization	3452676
12680	supplying	3452542
12681	secondly	3452503
12682	razor	3451657
12683	cough	3451640
12684	cerebral	3451100
12685	grandma	3450933
12686	customization	3450194
12687	gigs	3449514
12688	indexing	3449511
12689	lori	3449295
12690	oceans	3449148
12691	displacement	3448688
12692	spacecraft	3448191
12693	ivoire	3447780
12694	backwards	3447629
12695	arrows	3447386
12696	volunteering	3447271
12697	montserrat	3446859
12698	telecommunication	3446799
12699	presumably	3446073
12700	coatings	3446023
12701	eureka	3445857
12702	plea	3445286
12703	constructive	3445093
12704	bundles	3444807
12705	pcb	3444550
12706	sdk	3444007
12707	tibet	3443821
12708	preparedness	3443760
12709	pres	3443513
12710	isles	3443470
12711	stretching	3443172
12712	ovens	3443150
12713	systemic	3442940
12714	garrett	3442758
12715	esther	3441968
12716	playoffs	3441571
12717	abundant	3441495
12718	deductible	3440538
12719	adaptors	3440007
12720	priests	3439634
12721	accompany	3439497
12722	compares	3439141
12723	forecasting	3438703
12724	hesitate	3438637
12725	inspiring	3438173
12726	specialize	3438151
12727	prey	3437872
12728	deposition	3437780
12729	drm	3437532
12730	laurie	3437301
12731	tas	3436669
12732	zodiac	3436050
12733	pavement	3435844
12734	enya	3435811
12735	masterbation	3435707
12736	tubing	3435220
12737	keller	3434912
12738	pedestrian	3434750
12739	fencing	3434739
12740	bloomington	3434658
12741	artery	3434468
12742	conditioner	3434323
12743	plaintiffs	3433271
12744	inlet	3433125
12745	rub	3432829
12746	violate	3432718
12747	stimulate	3432622
12748	realise	3432591
12749	fluids	3432473
12750	conveniently	3432407
12751	lick	3431970
12752	vanessa	3431779
12753	gov	3431706
12754	stealth	3431519
12755	nucleotide	3431150
12756	ter	3431134
12757	ness	3430085
12758	bronx	3430081
12759	listmania	3428052
12760	repayment	3427858
12761	middot	3427734
12762	netgear	3427577
12763	canopy	3426751
12764	gloss	3426618
12765	panda	3424825
12766	crc	3423870
12767	whip	3423347
12768	symbian	3422051
12769	porch	3420626
12770	pertinent	3419181
12771	lifelong	3418717
12772	emailed	3418262
12773	promoter	3416706
12774	chf	3416608
12775	collegiate	3416336
12776	constants	3416072
12777	construed	3415805
12778	interchange	3415606
12779	remotely	3415582
12780	clr	3415290
12781	fletcher	3414495
12782	concise	3414187
12783	isuzu	3413560
12784	fibers	3413234
12785	handful	3413211
12786	brains	3413001
12787	curtains	3412919
12788	eaten	3412832
12789	indigo	3412827
12790	retaining	3412818
12791	kelley	3412407
12792	autobiography	3411910
12793	conditioned	3411409
12794	webring	3410783
12795	prohibition	3410059
12796	motions	3409091
12797	redirect	3408086
12798	interoperability	3408052
12799	msrp	3405457
12800	tuvalu	3404820
12801	shampoo	3404715
12802	emphasize	3404529
12803	excite	3404340
12804	rebels	3403877
12805	neoplasms	3402814
12806	artifacts	3402215
12807	believing	3401919
12808	vac	3401745
12809	hilarious	3401735
12810	salisbury	3401720
12811	pseudo	3401665
12812	gu	3400337
12813	quoting	3399751
12814	sinks	3399604
12815	steep	3399504
12816	dinar	3399128
12817	dynasty	3398997
12818	creed	3398609
12819	carat	3398374
12820	nan	3398089
12821	microphones	3398004
12822	nobel	3397169
12823	raiders	3396978
12824	galaxies	3396836
12825	spreads	3396812
12826	verlag	3396251
12827	elegance	3396159
12828	volatile	3395681
12829	pointers	3395547
12830	sensory	3394914
12831	scrapbook	3394030
12832	dummies	3392894
12833	throne	3392423
12834	magnesium	3391051
12835	pagina	3391050
12836	kenwood	3391047
12837	chartered	3390853
12838	slopes	3390340
12839	socially	3388736
12840	unfortunate	3388419
12841	seized	3388226
12842	roundup	3387046
12843	territorial	3387028
12844	leases	3386999
12845	imac	3386928
12846	consisted	3386917
12847	randolph	3386847
12848	faxes	3386604
12849	plump	3386553
12850	uss	3385393
12851	memoirs	3384732
12852	alkaline	3382714
12853	expire	3381897
12854	och	3381894
12855	wwii	3381733
12856	midst	3381410
12857	methyl	3381243
12858	campuses	3380970
12859	borne	3379421
12860	forgive	3379266
12861	ramada	3379181
12862	competitor	3378603
12863	mansfield	3378378
12864	neighbours	3378230
12865	tesco	3377683
12866	marvin	3376846
12867	dba	3376018
12868	architectures	3374071
12869	conversions	3373910
12870	acdbline	3373661
12871	usable	3373023
12872	tempo	3372997
12873	getty	3372135
12874	mutations	3371343
12875	cdr	3370870
12876	readable	3370832
12877	almanac	3370384
12878	conway	3370206
12879	ay	3370187
12880	gail	3370135
12881	msi	3369940
12882	responds	3369562
12883	denote	3369529
12884	slayer	3369067
12885	payne	3368937
12886	prog	3368487
12887	firewalls	3367617
12888	tester	3366908
12889	polling	3366784
12890	fifa	3366768
12891	purchaser	3366429
12892	bins	3366341
12893	relies	3365831
12894	inserting	3365663
12895	tibetan	3365556
12896	prepares	3365530
12897	concludes	3364816
12898	consumables	3364039
12899	waterford	3363892
12900	rodney	3363459
12901	cylinders	3363442
12902	mus	3363179
12903	selects	3362986
12904	fulton	3362274
12905	directing	3361991
12906	nationality	3361977
12907	highbeam	3361093
12908	msdn	3360739
12909	statistically	3360392
12910	torch	3360286
12911	zurich	3360140
12912	stretched	3358892
12913	depressed	3358586
12914	mps	3357826
12915	encounters	3357331
12916	haunted	3357045
12917	spares	3357011
12918	symmetry	3355779
12919	agp	3355421
12920	bout	3355216
12921	cont	3354965
12922	adverts	3354956
12923	programmed	3352969
12924	lohan	3352800
12925	salons	3352628
12926	olympia	3351381
12927	hank	3350823
12928	negligence	3350614
12929	unclear	3350414
12930	screened	3350332
12931	helper	3350286
12932	carlisle	3350189
12933	aromatherapy	3349561
12934	rancho	3349485
12935	transferring	3349384
12936	nederland	3349272
12937	stockton	3348887
12938	stepping	3348507
12939	hacks	3348166
12940	clearwater	3347736
12941	attic	3347389
12942	trustpass	3347276
12943	topology	3346921
12944	appetite	3346826
12945	sensation	3346679
12946	piper	3346631
12947	airborne	3346446
12948	morality	3346248
12949	honorable	3346100
12950	wealthy	3345627
12951	handicap	3345415
12952	skinny	3345336
12953	sewage	3345305
12954	endowment	3345150
12955	demonstrating	3345093
12956	antennas	3344187
12957	sundance	3344089
12958	lifecycle	3344061
12959	dhcp	3344004
12960	avec	3343657
12961	trucking	3343556
12962	sonoma	3342269
12963	esta	3340326
12964	defender	3340033
12965	amos	3339230
12966	iraqis	3339068
12967	shortcut	3338749
12968	wretch	3337521
12969	sunlight	3337150
12970	stems	3336905
12971	racist	3336285
12972	wo	3336121
12973	profitability	3335983
12974	unc	3335963
12975	fairmont	3335614
12976	ventura	3335547
12977	convey	3335192
12978	ang	3333618
12979	evergreen	3333511
12980	globally	3332875
12981	bearings	3331864
12982	govern	3331779
12983	feather	3331460
12984	fond	3331064
12985	sore	3330335
12986	aaliyah	3330218
12987	fiat	3329725
12988	reboot	3329413
12989	sixteen	3329001
12990	newsgroup	3327975
12991	blinds	3326896
12992	audiovox	3326683
12993	traits	3326573
12994	tightly	3326221
12995	graded	3325972
12996	phuket	3324927
12997	successor	3324793
12998	jf	3324484
12999	intrusion	3324387
13000	sickness	3323415
13001	guiana	3322604
13002	underneath	3321843
13003	prohibit	3321335
13004	metabolic	3320296
13005	noel	3320139
13006	cans	3319959
13007	abused	3319897
13008	sarasota	3318985
13009	billed	3318960
13010	lim	3318848
13011	avery	3318822
13012	toons	3318074
13013	danielle	3317252
13014	brushes	3317239
13015	tenth	3317039
13016	anthology	3316652
13017	prosecutor	3316544
13018	smiles	3316364
13019	merged	3316000
13020	auditors	3315685
13021	grandchildren	3315507
13022	exc	3315237
13023	desks	3315227
13024	capsule	3315216
13025	aided	3314916
13026	relied	3314378
13027	suspend	3312160
13028	eternity	3311935
13029	mesothelioma	3311875
13030	trafficking	3311336
13031	introductions	3310245
13032	weighing	3308921
13033	eff	3308296
13034	currents	3308147
13035	bizjournals	3307471
13036	michele	3307174
13037	kk	3306697
13038	aide	3306173
13039	kindly	3305856
13040	cutie	3305791
13041	nes	3304394
13042	protests	3303934
13043	sharks	3302757
13044	notch	3302495
13045	minors	3302424
13046	dances	3302142
13047	revealing	3301575
13048	reprinted	3301241
13049	fernando	3301199
13050	mapped	3300807
13051	resurrection	3299623
13052	lieu	3299455
13053	decree	3299438
13054	tor	3299295
13055	creampie	3298715
13056	seoul	3297895
13057	printf	3297779
13058	columnist	3297677
13059	discovering	3297298
13060	tuberculosis	3296585
13061	lacks	3296569
13062	horizons	3296016
13063	transplantation	3295832
13064	jerome	3295724
13065	daytime	3295549
13066	elaborate	3295319
13067	contour	3295002
13068	gamble	3294887
13069	fra	3294810
13070	descent	3294727
13071	nwt	3294566
13072	gravel	3294483
13073	analyse	3294441
13074	rammstein	3294035
13075	disturbing	3293698
13076	judged	3293503
13077	shutter	3293238
13078	illusion	3293217
13079	ambitious	3292680
13080	scrapbooking	3291911
13081	ole	3291808
13082	notorious	3291283
13083	ibid	3290791
13084	residue	3290600
13085	reds	3290269
13086	enlarged	3290258
13087	stephens	3290133
13088	transforming	3289682
13089	sequential	3289630
13090	stripping	3288705
13091	uniquely	3288566
13092	bart	3288348
13093	assert	3288118
13094	goodies	3287939
13095	fluctuations	3287469
13096	bowie	3287191
13097	auth	3287162
13098	archaeological	3287086
13099	inspect	3284994
13100	thrice	3284790
13101	babylon	3284724
13102	gina	3284599
13103	sugababes	3284301
13104	edison	3284245
13105	casualty	3283712
13106	rsa	3283526
13107	rcw	3283008
13108	musings	3282717
13109	whistler	3281414
13110	poses	3280246
13111	airfares	3279986
13112	huntsville	3279816
13113	ths	3279321
13114	noir	3279201
13115	eli	3278540
13116	layouts	3278061
13117	evan	3277930
13118	servicemagic	3277692
13119	mushroom	3277331
13120	designate	3277319
13121	scent	3277212
13122	sequel	3276371
13123	gymnastics	3275891
13124	titanic	3275555
13125	knob	3275315
13126	wolves	3274152
13127	exquisite	3274003
13128	herpes	3273130
13129	upward	3273084
13130	sentenced	3273030
13131	dundee	3273007
13132	newsgator	3272981
13133	principe	3272843
13134	contractual	3272527
13135	acquiring	3272383
13136	judging	3271774
13137	unchanged	3271637
13138	kicking	3271617
13139	meg	3271056
13140	akron	3270629
13141	fines	3270544
13142	grasp	3270025
13143	streak	3268695
13144	ounce	3268355
13145	thirteen	3267766
13146	bh	3267438
13147	tragic	3266929
13148	theodore	3266501
13149	buena	3265206
13150	irrelevant	3264954
13151	professionally	3264665
13152	liberties	3264524
13153	sounding	3264254
13154	rebounds	3263664
13155	milano	3263654
13156	compressor	3262761
13157	toast	3262695
13158	happily	3261766
13159	hooked	3261622
13160	samantha	3261314
13161	shrink	3261118
13162	knox	3259677
13163	khz	3259435
13164	webmail	3259354
13165	carcinoma	3259218
13166	taipei	3259202
13167	unesco	3259063
13168	mutually	3259036
13169	stance	3257959
13170	aps	3257224
13171	kumar	3256818
13172	beaded	3255817
13173	remembering	3255801
13174	boca	3255540
13175	exodus	3254740
13176	compartment	3254390
13177	gemini	3254338
13178	kinky	3254161
13179	brittany	3254116
13180	dove	3253560
13181	testified	3253479
13182	iis	3253296
13183	cunningham	3253219
13184	derive	3253144
13185	affinity	3253001
13186	presbyterian	3252804
13187	supervisory	3252742
13188	pretend	3251001
13189	ostg	3249224
13190	buddhism	3249137
13191	kl	3248951
13192	amnesty	3248491
13193	chiropractic	3248344
13194	borrower	3247946
13195	gloucester	3247086
13196	warrants	3246362
13197	owens	3246277
13198	fairness	3245961
13199	needles	3245880
13200	coll	3245811
13201	throughput	3245653
13202	quota	3245515
13203	netbsd	3245273
13204	discreet	3245038
13205	misplace	3244755
13206	versa	3244429
13207	imp	3243955
13208	oi	3243734
13209	serviced	3243448
13210	mack	3243085
13211	pu	3242134
13212	sung	3242040
13213	lowell	3240910
13214	whichever	3240093
13215	starr	3240045
13216	elliot	3239891
13217	opener	3239644
13218	uae	3239142
13219	vaccines	3238310
13220	chooses	3238011
13221	tuscany	3237587
13222	jigsaw	3237104
13223	jumbo	3237095
13224	crowded	3236969
13225	tickling	3236441
13226	unspecified	3236238
13227	wee	3235414
13228	jsp	3235209
13229	turbine	3235102
13230	unreal	3234687
13231	wounds	3234600
13232	percentages	3234052
13233	advisers	3233972
13234	manufactures	3233043
13235	physiological	3232417
13236	lett	3231982
13237	maths	3231878
13238	addison	3231850
13239	charters	3231105
13240	generalized	3231029
13241	unprecedented	3231001
13242	probes	3231001
13243	frustration	3230941
13244	flint	3230800
13245	dummy	3230609
13246	financially	3230511
13247	awake	3230337
13248	sanitation	3230169
13249	americana	3229614
13250	swivel	3229287
13251	ally	3228428
13252	dissolved	3227615
13253	cleanliness	3226595
13254	complexes	3226152
13255	kung	3224761
13256	varsity	3224750
13257	collectively	3224225
13258	insurer	3224128
13259	croatian	3223891
13260	inhibition	3222453
13261	multicast	3221785
13262	certifications	3221724
13263	burnt	3221640
13264	solidarity	3221580
13265	frustrated	3221201
13266	muhammad	3221098
13267	alma	3221079
13268	pradesh	3220502
13269	ger	3220343
13270	px	3220005
13271	hanover	3219987
13272	inverse	3219696
13273	clifton	3219683
13274	holt	3219528
13275	isis	3218600
13276	verdict	3218413
13277	nominee	3218094
13278	medals	3217509
13279	proton	3217423
13280	dickinson	3217324
13281	christi	3216436
13282	lister	3216160
13283	recurring	3215675
13284	studs	3215366
13285	allegedly	3215144
13286	rhetoric	3214428
13287	modifying	3214198
13288	incubus	3214133
13289	kaplan	3213494
13290	impulse	3213161
13291	surveyed	3212637
13292	creditors	3211591
13293	dull	3211484
13294	tis	3210106
13295	cabins	3209582
13296	commenced	3209136
13297	ballroom	3209064
13298	employing	3208979
13299	satellites	3208972
13300	ignoring	3208542
13301	linens	3207974
13302	stevenson	3207753
13303	coherent	3207625
13304	beetle	3207549
13305	converts	3207544
13306	majestic	3206714
13307	bicycles	3205685
13308	omni	3205681
13309	roast	3205415
13310	testers	3205194
13311	debuginfo	3204899
13312	complainant	3204765
13313	inhibitor	3204409
13314	clifford	3204225
13315	knowledgeable	3203632
13316	critically	3203629
13317	cy	3202862
13318	composers	3202549
13319	localities	3202521
13320	owe	3201488
13321	jimi	3200916
13322	hummer	3200769
13323	reciprocal	3200550
13324	accelerate	3199272
13325	hatred	3198487
13326	telefonsex	3198063
13327	questioning	3197874
13328	putative	3197469
13329	manifest	3197151
13330	indications	3195599
13331	petty	3195594
13332	permitting	3195480
13333	hyperlink	3195160
13334	presario	3195104
13335	motorsports	3195050
13336	som	3194242
13337	behave	3193930
13338	getaway	3193911
13339	bees	3193693
13340	robbins	3193148
13341	zeppelin	3192943
13342	felix	3192747
13343	shiny	3192674
13344	carmel	3192500
13345	encore	3192276
13346	smash	3192001
13347	angelina	3191704
13348	kimberly	3191587
13349	unsure	3191329
13350	braun	3190846
13351	destructive	3190670
13352	sockets	3189546
13353	claimant	3189109
13354	dinosaur	3188803
13355	psa	3188561
13356	tac	3187998
13357	ample	3187842
13358	countless	3187500
13359	ashland	3187249
13360	energies	3186813
13361	dlp	3186274
13362	repealed	3186146
13363	royce	3185642
13364	listeners	3184300
13365	abusive	3183793
13366	sophomore	3183619
13367	antibiotics	3183025
13368	landfill	3182721
13369	warehousing	3181734
13370	filesize	3181535
13371	merits	3181319
13372	scarf	3181107
13373	strangers	3180865
13374	garland	3180361
13375	voor	3180036
13376	celebrex	3178829
13377	verisign	3178751
13378	riviera	3178598
13379	apprentice	3177886
13380	obscure	3177425
13381	napoleon	3177380
13382	registrations	3177147
13383	wavelength	3176899
13384	glamour	3176022
13385	slashdot	3175175
13386	transvestites	3174082
13387	hated	3173792
13388	cheerleaders	3173652
13389	sigh	3173217
13390	trolley	3173186
13391	principals	3172781
13392	sidney	3171598
13393	friedman	3171449
13394	coolpix	3171121
13395	spicy	3170817
13396	blocker	3170178
13397	tawnee	3169500
13398	frankly	3169461
13399	hud	3169273
13400	chronological	3169265
13401	mov	3168655
13402	entrepreneurship	3168511
13403	itinerary	3168360
13404	fools	3167945
13405	beard	3166516
13406	discoveries	3166453
13407	percentile	3165695
13408	linkage	3165266
13409	economical	3163608
13410	miniatures	3163219
13411	wedge	3162851
13412	adjusting	3162584
13413	mock	3161760
13414	peggy	3160922
13415	bats	3160196
13416	patriots	3160132
13417	ruins	3159891
13418	lh	3159751
13419	sheila	3159681
13420	ripper	3159169
13421	dependencies	3158474
13422	afp	3158153
13423	kd	3157718
13424	accomodation	3157146
13425	benton	3155858
13426	mcafee	3155707
13427	chateau	3155646
13428	denis	3155542
13429	counselors	3155221
13430	homestead	3155033
13431	competitiveness	3154751
13432	burger	3154636
13433	microscopy	3154576
13434	changer	3154404
13435	sergeant	3154308
13436	melt	3153948
13437	syrian	3153914
13438	hyper	3153749
13439	madthumbs	3153654
13440	linkin	3153477
13441	gmail	3153272
13442	ned	3152758
13443	cypress	3152294
13444	courtney	3151865
13445	cites	3151464
13446	utf	3151108
13447	scooters	3150357
13448	reserveamerica	3150310
13449	organisational	3150004
13450	prospectus	3149682
13451	ezine	3149621
13452	protectors	3148657
13453	reactive	3147821
13454	interiors	3146686
13455	encouragement	3146451
13456	clipboard	3146336
13457	disadvantages	3146043
13458	gamer	3144985
13459	alexa	3144869
13460	abbott	3143893
13461	tailor	3143833
13462	pollutants	3142553
13463	directorate	3142117
13464	chocolates	3141854
13465	faux	3141781
13466	supervised	3141620
13467	interpreting	3140617
13468	savvy	3140230
13469	pascal	3140118
13470	tha	3139708
13471	serenity	3139273
13472	uploads	3138730
13473	ore	3138666
13474	pant	3138558
13475	sheridan	3138542
13476	gallons	3138226
13477	attainment	3138108
13478	sanitary	3137434
13479	terri	3137162
13480	cooperate	3136641
13481	dreaming	3136420
13482	norms	3135997
13483	implants	3135842
13484	fortunate	3135403
13485	alibaba	3135395
13486	mushrooms	3134851
13487	hormones	3134544
13488	hype	3134220
13489	interpretations	3134178
13490	geoffrey	3133782
13491	faults	3133646
13492	addr	3133364
13493	nfs	3132863
13494	silva	3132617
13495	grease	3132154
13496	diablo	3131983
13497	urinary	3131792
13498	cairns	3131719
13499	institut	3131705
13500	premise	3131689
13501	epidemic	3131684
13502	prima	3131523
13503	condoms	3131405
13504	rite	3131222
13505	directives	3130916
13506	cinnamon	3130642
13507	zelda	3130046
13508	lac	3129942
13509	discharged	3129577
13510	alba	3128968
13511	underworld	3128412
13512	variants	3128173
13513	fetal	3127968
13514	palms	3127466
13515	lawsuits	3127389
13516	seated	3127196
13517	lattice	3126448
13518	dong	3126204
13519	realization	3125978
13520	reportedly	3125324
13521	absorbed	3125006
13522	sirius	3124863
13523	chord	3123447
13524	edi	3122823
13525	kudoz	3122575
13526	vous	3122142
13527	turf	3121984
13528	asphalt	3121584
13529	replay	3121356
13530	improper	3121296
13531	flavors	3121207
13532	dilemma	3121080
13533	ig	3120572
13534	rebuilding	3120389
13535	livingston	3120230
13536	quickcheck	3120160
13537	commenting	3119037
13538	shifted	3118000
13539	tangible	3117941
13540	smoked	3117683
13541	hawks	3117529
13542	ziff	3117162
13543	placebo	3116281
13544	irons	3116159
13545	comet	3116034
13546	berg	3115373
13547	baltic	3115246
13548	corrective	3115244
13549	competency	3115221
13550	muse	3114242
13551	probing	3113887
13552	teachings	3113457
13553	tyne	3113078
13554	lotto	3112797
13555	fowler	3112607
13556	xv	3111436
13557	youngest	3111198
13558	contingent	3110534
13559	refreshing	3110131
13560	textures	3108758
13561	pid	3108537
13562	syrup	3108136
13563	xii	3107589
13564	warmth	3107429
13565	hawkins	3107146
13566	dep	3107120
13567	lust	3106979
13568	correlated	3106557
13569	augustine	3106191
13570	dominion	3106048
13571	verses	3104329
13572	seagate	3103598
13573	nanotechnology	3103490
13574	astronomical	3103128
13575	solvent	3101965
13576	toggle	3101854
13577	luna	3101673
13578	amplitude	3100838
13579	aesthetic	3100660
13580	commercially	3100614
13581	emc	3100554
13582	dion	3100513
13583	wolfgang	3100401
13584	spacing	3099202
13585	frameworks	3098142
13586	completeness	3098125
13587	irregular	3097883
13588	barker	3096553
13589	solids	3096318
13590	mergers	3096122
13591	capturing	3096013
13592	filtration	3095699
13593	certify	3095645
13594	gpa	3094981
13595	consulted	3094839
13596	realised	3094838
13597	cpus	3094637
13598	jude	3094127
13599	eighteen	3094087
13600	singular	3093829
13601	incremental	3093421
13602	jennings	3093291
13603	demons	3092729
13604	unacceptable	3092460
13605	redistribute	3092057
13606	coping	3091883
13607	corr	3090405
13608	baxter	3090221
13609	outbreak	3090168
13610	abdominal	3090148
13611	sbin	3087710
13612	deficiencies	3087091
13613	curved	3086969
13614	milestone	3086751
13615	erase	3086642
13616	lien	3086579
13617	nip	3086133
13618	bites	3086130
13619	prose	3085898
13620	marx	3085665
13621	incidental	3084963
13622	toni	3084744
13623	arguing	3084735
13624	vein	3084240
13625	scalable	3084063
13626	hale	3083225
13627	ji	3082402
13628	swear	3082372
13629	intra	3081776
13630	bel	3081561
13631	clown	3081501
13632	spontaneous	3080831
13633	summers	3080503
13634	taboo	3079923
13635	equestrian	3079864
13636	wetland	3078212
13637	olson	3078156
13638	methodologies	3078109
13639	malicious	3077492
13640	consume	3077450
13641	amazed	3077159
13642	fourteen	3076740
13643	legislators	3076549
13644	volcano	3076134
13645	capacities	3076004
13646	fremont	3075952
13647	skeleton	3075011
13648	someday	3074927
13649	tsp	3074410
13650	sha	3073678
13651	suspects	3073379
13652	displaced	3072839
13653	sounded	3072513
13654	exporter	3072252
13655	honesty	3072193
13656	dwarf	3072068
13657	mri	3071065
13658	hum	3070763
13659	bis	3068458
13660	northeastern	3068125
13661	ifdef	3068036
13662	shocks	3067296
13663	rewarding	3066813
13664	killers	3066658
13665	battalion	3066598
13666	multicultural	3066342
13667	lasers	3066286
13668	candid	3066199
13669	schooling	3065877
13670	dataset	3064674
13671	thornton	3063787
13672	schoolgirl	3063313
13673	caesar	3063233
13674	savers	3063213
13675	powerpc	3063041
13676	pines	3062800
13677	steelers	3062232
13678	stellar	3062189
13679	davenport	3061454
13680	locating	3061095
13681	monogram	3060555
13682	philippe	3060476
13683	enhances	3059890
13684	aix	3058682
13685	fucks	3058134
13686	relational	3057616
13687	ornament	3057576
13688	graffiti	3056453
13689	cassettes	3055743
13690	pussies	3055728
13691	urges	3054809
13692	sophie	3054739
13693	doesnt	3054633
13694	tiff	3054216
13695	cnc	3053822
13696	refrigeration	3053488
13697	attacking	3052252
13698	microscope	3052163
13699	houghton	3050558
13700	countdown	3050522
13701	threaten	3050485
13702	decker	3050142
13703	natl	3049427
13704	bait	3049271
13705	extern	3048776
13706	badges	3048651
13707	enron	3048638
13708	kitten	3048546
13709	codec	3048388
13710	broadcasts	3047788
13711	brides	3047745
13712	dent	3046809
13713	checksum	3046204
13714	stealing	3046130
13715	bullets	3045974
13716	emphasized	3045963
13717	glossy	3045309
13718	informations	3044128
13719	haired	3043626
13720	directional	3043168
13721	breeders	3042337
13722	alterations	3042306
13723	pablo	3042285
13724	lethal	3040987
13725	biographical	3038522
13726	confirms	3037668
13727	cavity	3037278
13728	molded	3035204
13729	vladimir	3034603
13730	ida	3034017
13731	probate	3033985
13732	terrestrial	3033276
13733	decals	3033263
13734	completes	3032972
13735	beams	3032813
13736	props	3032812
13737	incense	3032805
13738	formulated	3032757
13739	dough	3032657
13740	stool	3031945
13741	macs	3031589
13742	towing	3031539
13743	welch	3031408
13744	rosemary	3030760
13745	millionaire	3029469
13746	turquoise	3029244
13747	archival	3028510
13748	seismic	3028135
13749	exposures	3027680
13750	baccarat	3027417
13751	boone	3027314
13752	substituted	3027233
13753	horde	3026646
13754	paperwork	3026360
13755	mommy	3025970
13756	teenager	3025962
13757	nanny	3025474
13758	suburb	3025325
13759	hutchinson	3025245
13760	smokers	3024584
13761	cohort	3024028
13762	succession	3023429
13763	declining	3023427
13764	alliances	3023330
13765	sums	3022843
13766	lineup	3022552
13767	averaged	3021741
13768	hotspot	3021698
13769	bellevue	3021562
13770	glacier	3021561
13771	pueblo	3021546
13772	hj	3021456
13773	req	3021355
13774	rigorous	3020634
13775	gigabit	3020143
13776	worksheet	3019301
13777	allocate	3019079
13778	relieve	3018810
13779	aftermath	3018203
13780	roach	3017586
13781	clarion	3017281
13782	override	3017162
13783	angus	3016497
13784	enthusiastic	3015772
13785	lame	3015528
13786	continuum	3015510
13787	squeeze	3015480
13788	feng	3014892
13789	sar	3014777
13790	burgundy	3013476
13791	struggles	3012492
13792	pep	3012344
13793	farewell	3012087
13794	soho	3012062
13795	ashes	3011008
13796	vanguard	3010646
13797	nylons	3010458
13798	chipset	3010243
13799	natal	3010028
13800	locus	3009222
13801	msnbc	3009102
13802	hillary	3009034
13803	evenings	3008865
13804	misses	3008606
13805	troubles	3008382
13806	factual	3008091
13807	carisoprodol	3007983
13808	tutoring	3007595
13809	spectroscopy	3007586
13810	gemstone	3006848
13811	psc	3006303
13812	phonephone	3006142
13813	elton	3006085
13814	purity	3005735
13815	shaking	3005624
13816	unregistered	3004589
13817	witnessed	3002335
13818	cellar	3002258
13819	moto	3001796
13820	gonzalez	3001256
13821	friction	3001167
13822	prone	3001079
13823	valerie	3000946
13824	enclosures	3000848
13825	dior	3000770
13826	mer	3000228
13827	equitable	3000227
13828	fuse	2999474
13829	lobster	2997879
13830	pops	2997678
13831	osha	2997648
13832	judaism	2997425
13833	goldberg	2996717
13834	atlantis	2996210
13835	amid	2994953
13836	onions	2994892
13837	preteen	2993232
13838	bonding	2991787
13839	insurers	2991634
13840	prototypes	2991340
13841	corinthians	2991171
13842	crosses	2991145
13843	proactive	2990726
13844	issuer	2990187
13845	uncomfortable	2989842
13846	sylvia	2989758
13847	furnace	2989498
13848	sponsoring	2989475
13849	poisoning	2989025
13850	doubled	2988769
13851	malaysian	2988561
13852	clues	2988321
13853	inflammation	2988315
13854	rabbits	2987721
13855	icc	2987211
13856	transported	2986479
13857	crews	2986282
13858	easton	2986073
13859	goodwill	2985605
13860	sentencing	2985420
13861	bulldogs	2985164
13862	worthwhile	2984982
13863	ideology	2984596
13864	anxious	2984563
13865	tariffs	2983891
13866	norris	2983782
13867	ly	2982836
13868	cervical	2982755
13869	baptism	2982668
13870	cutlery	2982254
13871	overlooking	2981818
13872	tallahassee	2981773
13873	userpic	2981234
13874	knot	2980542
13875	attribution	2980395
13876	rad	2980258
13877	gut	2979963
13878	staffordshire	2979491
13879	factories	2979486
13880	acta	2979465
13881	swords	2979433
13882	advancing	2978593
13883	yep	2978207
13884	timed	2978189
13885	evolve	2978181
13886	yuan	2977890
13887	iec	2977685
13888	differs	2977596
13889	esa	2975827
13890	suspicious	2975648
13891	leased	2975373
13892	subscribed	2975066
13893	tate	2974811
13894	starters	2974525
13895	dartmouth	2974387
13896	brewing	2974086
13897	coop	2973997
13898	uml	2973674
13899	bur	2973485
13900	blossom	2972811
13901	scare	2972708
13902	confessions	2971262
13903	bergen	2971198
13904	lowered	2971192
13905	kris	2970945
13906	thief	2970770
13907	prisons	2970138
13908	pictured	2969267
13909	feminine	2969201
13910	sizeof	2969187
13911	grabbed	2968771
13912	rocking	2968423
13913	spi	2967855
13914	nichols	2967481
13915	regs	2967064
13916	blackwell	2966857
13917	fulfilled	2964755
13918	sweets	2964693
13919	nautical	2964256
13920	imprisonment	2964248
13921	employs	2964062
13922	gutenberg	2963922
13923	bubbles	2963701
13924	ashton	2963563
13925	pitcher	2963438
13926	shinedown	2963199
13927	standby	2963191
13928	judgments	2961977
13929	muscular	2961759
13930	motif	2961524
13931	illnesses	2961377
13932	plum	2961363
13933	saloon	2961006
13934	prophecy	2960788
13935	loft	2959995
13936	arin	2959843
13937	unisex	2959687
13938	historian	2958034
13939	wallets	2957696
13940	identifiable	2957577
13941	elm	2957553
13942	facsimile	2956598
13943	hurts	2956264
13944	ethanol	2955612
13945	cannabis	2954641
13946	folded	2954459
13947	rsvp	2954410
13948	sofia	2954155
13949	dynamically	2953678
13950	comprise	2953455
13951	grenadines	2952943
13952	lump	2952774
13953	constr	2952449
13954	disposed	2952327
13955	subtitle	2951333
13956	chestnut	2951306
13957	librarians	2950852
13958	engraved	2950835
13959	halt	2950571
13960	alta	2950434
13961	manson	2950031
13962	autocad	2947149
13963	pastoral	2946809
13964	unpaid	2946577
13965	ghosts	2946325
13966	powerbook	2946152
13967	doubts	2945460
13968	locality	2945277
13969	substantive	2944502
13970	bulletins	2943858
13971	worries	2943471
13972	hug	2943073
13973	rejects	2942672
13974	spear	2942538
13975	nigel	2942111
13976	referee	2941934
13977	transporter	2941706
13978	jolie	2941614
13979	swinger	2941608
13980	broadly	2941435
13981	ethereal	2941063
13982	crossroads	2940390
13983	aero	2940313
13984	constructing	2940002
13985	smoothly	2939650
13986	parsons	2939565
13987	bury	2938393
13988	infiniti	2938202
13989	blanc	2937810
13990	autonomy	2937673
13991	bounded	2936998
13992	ppl	2936623
13993	williamsburg	2936607
13994	insist	2936535
13995	birch	2936180
13996	supp	2935700
13997	slash	2935535
13998	snyder	2935183
13999	budgeting	2935069
14000	exercised	2935026
14001	backpacks	2934944
14002	detecting	2934762
14003	resale	2934694
14004	mikes	2933878
14005	howell	2933861
14006	digestive	2933689
14007	scalar	2933537
14008	entertain	2933389
14009	cinderella	2932912
14010	unresolved	2932746
14011	sesame	2932722
14012	hep	2932339
14013	duct	2931962
14014	touches	2931504
14015	seiko	2930676
14016	electromagnetic	2930287
14017	arial	2929694
14018	tos	2928680
14019	joanne	2928609
14020	housewife	2928414
14021	zoofilia	2928388
14022	hcl	2927881
14023	pursued	2927218
14024	validated	2926787
14025	lend	2926360
14026	sco	2926215
14027	corvette	2925839
14028	yachts	2925303
14029	stacy	2924335
14030	christie	2923926
14031	unrelated	2923407
14032	lois	2923305
14033	levi	2923262
14034	annotate	2923120
14035	stimulating	2923056
14036	mont	2922608
14037	joomla	2922254
14038	misuse	2922159
14039	helix	2921411
14040	cosmos	2921384
14041	speculation	2921087
14042	sx	2920975
14043	dixie	2920964
14044	pans	2920624
14045	enforced	2920500
14046	legion	2920122
14047	env	2919680
14048	fulfillment	2919654
14049	biomass	2918738
14050	assertion	2917932
14051	phs	2917754
14052	hierarchical	2917623
14053	lesions	2917531
14054	shook	2917411
14055	lincolnshire	2916799
14056	financed	2915964
14057	dismissal	2915030
14058	surnames	2914992
14059	mah	2914980
14060	reconditioned	2914457
14061	shocking	2913791
14062	allergic	2913453
14063	overland	2913342
14064	prolonged	2913107
14065	isaiah	2912696
14066	backbone	2912486
14067	rk	2912323
14068	abn	2911684
14069	unanimously	2911356
14070	eliminates	2910830
14071	sausage	2910814
14072	addict	2910117
14073	matte	2909215
14074	neighboring	2909095
14075	uncommon	2909018
14076	centralized	2908996
14077	stratford	2908792
14078	heidi	2908650
14079	melanie	2907466
14080	objections	2906693
14081	unpublished	2905962
14082	ames	2905532
14083	slaughter	2905481
14084	enlightenment	2905016
14085	pistol	2904815
14086	juniors	2904014
14087	rockets	2903678
14088	secunia	2903451
14089	metering	2903055
14090	seymour	2902995
14091	genetically	2902834
14092	zebra	2902469
14093	runway	2901389
14094	arithmetic	2900993
14095	supposedly	2900944
14096	admits	2899936
14097	bombay	2899642
14098	originals	2899525
14099	enrichment	2898868
14100	chennai	2898235
14101	milford	2898231
14102	buckle	2898037
14103	bartlett	2897791
14104	fetch	2897593
14105	kitchens	2897588
14106	ions	2896976
14107	asshole	2896770
14108	wat	2896705
14109	rey	2896655
14110	divers	2896551
14111	faroe	2896277
14112	townsend	2896222
14113	blackburn	2896209
14114	glendale	2896150
14115	speedway	2896052
14116	founders	2895564
14117	sweatshirts	2895332
14118	sundays	2895322
14119	upside	2894930
14120	admiral	2894800
14121	yay	2893326
14122	patron	2892996
14123	sandwiches	2892868
14124	sinclair	2892753
14125	boiler	2892727
14126	anticipate	2892087
14127	activex	2891347
14128	logon	2891286
14129	induce	2891148
14130	annapolis	2890978
14131	padding	2890936
14132	recruiter	2890675
14133	popcorn	2889969
14134	espanol	2889841
14135	disadvantaged	2889348
14136	trong	2889135
14137	diagonal	2888910
14138	unite	2888724
14139	cracked	2888206
14140	debtor	2887944
14141	polk	2887648
14142	mets	2887566
14143	niue	2887111
14144	ux	2886390
14145	shear	2886210
14146	mortal	2886162
14147	sovereignty	2885932
14148	supermarket	2885844
14149	franchises	2884783
14150	rams	2884604
14151	cleansing	2884249
14152	mfr	2884236
14153	boo	2884230
14154	hmmm	2883359
14155	genomic	2882963
14156	gown	2882930
14157	helpdesk	2882761
14158	ponds	2882178
14159	archery	2882154
14160	refuses	2881547
14161	excludes	2880324
14162	afb	2879707
14163	sabbath	2879663
14164	ruin	2879219
14165	trump	2879094
14166	nate	2878913
14167	escaped	2878893
14168	precursor	2878856
14169	mates	2878121
14170	adhd	2877358
14171	avian	2877167
14172	exe	2876913
14173	stella	2876513
14174	visas	2876354
14175	matrices	2875818
14176	anyways	2874936
14177	xtreme	2874694
14178	passages	2874522
14179	etiology	2874131
14180	vu	2872180
14181	cereal	2871293
14182	comprehension	2870530
14183	tcl	2870388
14184	sy	2869360
14185	tow	2869301
14186	resolving	2869298
14187	mellon	2868835
14188	drills	2868306
14189	webmd	2868259
14190	alexandra	2867867
14191	champ	2867858
14192	personalised	2867842
14193	hospice	2867761
14194	zerodegrees	2867588
14195	agreeing	2867051
14196	qos	2866947
14197	exhibitor	2866316
14198	rented	2865890
14199	deductions	2865841
14200	harrisburg	2865598
14201	brushed	2865016
14202	augmentation	2864943
14203	otto	2864525
14204	annuity	2864316
14205	assortment	2863593
14206	credible	2863534
14207	sportswear	2862863
14208	ik	2862469
14209	cultured	2862362
14210	importing	2862094
14211	deliberately	2862093
14212	recap	2861982
14213	openly	2861856
14214	toddlers	2861828
14215	astro	2860399
14216	crawl	2859784
14217	chanel	2859297
14218	theo	2859183
14219	sparkling	2859116
14220	jabber	2858295
14221	hgh	2857258
14222	bindings	2857186
14223	hx	2856851
14224	convincing	2856694
14225	rotate	2856677
14226	flaws	2856172
14227	este	2855667
14228	tracing	2855401
14229	deviations	2855243
14230	incomes	2854711
14231	fema	2854244
14232	subwoofer	2853707
14233	amortization	2853615
14234	neurology	2853302
14235	ack	2852879
14236	fragile	2852127
14237	jeremiah	2852079
14238	sapiens	2852012
14239	nyt	2851907
14240	olsen	2851762
14241	serbian	2850762
14242	radiator	2850529
14243	hai	2849557
14244	competencies	2849437
14245	restoring	2847991
14246	sanchez	2847729
14247	rushing	2847595
14248	behold	2847118
14249	amherst	2846723
14250	alteration	2846655
14251	hotspots	2846220
14252	trainee	2844915
14253	nielsen	2844826
14254	podcasting	2844136
14255	murdered	2843529
14256	centennial	2843140
14257	tuna	2842548
14258	bluegrass	2842501
14259	hazel	2841268
14260	wipe	2841184
14261	ledger	2840827
14262	scarlet	2840266
14263	crushed	2840208
14264	acronyms	2840173
14265	laughs	2839804
14266	connie	2838668
14267	autographed	2838531
14268	referendum	2838258
14269	modulation	2837610
14270	statues	2837498
14271	depths	2836629
14272	spices	2836609
14273	communion	2836584
14274	loader	2836507
14275	uncertainties	2835124
14276	colonies	2835074
14277	followers	2834316
14278	caldwell	2833760
14279	latency	2833462
14280	themed	2833049
14281	messy	2833021
14282	squadron	2833002
14283	bei	2832217
14284	dmc	2832054
14285	rupee	2831536
14286	ments	2831327
14287	subsidy	2830929
14288	demolition	2830701
14289	irene	2830387
14290	empowerment	2829471
14291	felony	2828329
14292	lungs	2828099
14293	monuments	2827606
14294	veronica	2827245
14295	filtered	2826739
14296	replacements	2826285
14297	growers	2826087
14298	vinci	2825779
14299	subtitles	2825488
14300	adj	2825380
14301	gcse	2825325
14302	haul	2825285
14303	acupuncture	2825171
14304	workload	2824856
14305	acknowledgement	2823891
14306	highlighting	2823564
14307	duly	2823211
14308	roasted	2822882
14309	tenders	2822708
14310	inviting	2822014
14311	rig	2821809
14312	ov	2821776
14313	grassroots	2821246
14314	mick	2821071
14315	gentoo	2820534
14316	redevelopment	2820529
14317	mustard	2820441
14318	strait	2820437
14319	masterpiece	2820342
14320	obey	2820117
14321	cellphone	2819831
14322	donkey	2819753
14323	sax	2819089
14324	jacks	2818856
14325	conceived	2818126
14326	triggered	2818102
14327	boasts	2817353
14328	praying	2816625
14329	oss	2816145
14330	multiply	2815756
14331	intercourse	2815487
14332	frontgate	2815486
14333	radial	2815296
14334	mare	2814699
14335	routinely	2814368
14336	instructed	2814313
14337	stole	2814273
14338	kirby	2813914
14339	armour	2813708
14340	summarized	2813586
14341	avalanche	2813307
14342	asc	2812995
14343	northampton	2812978
14344	uploading	2812451
14345	manuscripts	2812288
14346	managerial	2811433
14347	nsu	2811067
14348	cary	2811065
14349	celine	2810464
14350	exhibited	2810420
14351	disciples	2810173
14352	shaving	2809902
14353	finepix	2808957
14354	wks	2808877
14355	bishops	2808778
14356	kite	2808067
14357	destroying	2808051
14358	humorous	2807909
14359	tonnes	2807733
14360	hypermail	2807667
14361	thunderbird	2806892
14362	faa	2806551
14363	corona	2806095
14364	heap	2806006
14365	griffith	2805409
14366	investigative	2805050
14367	letras	2804991
14368	bylaws	2804626
14369	erection	2804128
14370	quasi	2804115
14371	wmv	2803537
14372	lao	2803492
14373	energetic	2803159
14374	disturbance	2802921
14375	saunders	2802643
14376	ribbons	2802552
14377	jew	2802302
14378	facesitting	2801839
14379	exile	2801261
14380	breastfeeding	2799335
14381	bilder	2799031
14382	reside	2798670
14383	mccartney	2798463
14384	anglo	2798286
14385	cashier	2797992
14386	kathryn	2797666
14387	jaw	2797270
14388	butterflies	2796791
14389	eats	2796682
14390	randomized	2796621
14391	knots	2796342
14392	flea	2796116
14393	motivational	2795731
14394	offences	2795612
14395	anton	2794807
14396	pals	2794625
14397	gratuite	2794593
14398	gerry	2794486
14399	celebrates	2794271
14400	hail	2794165
14401	armenian	2794097
14402	longitudinal	2794093
14403	historians	2793972
14404	realities	2793717
14405	kappa	2793667
14406	mentions	2793520
14407	samson	2793475
14408	neuroscience	2793239
14409	blender	2793188
14410	jumps	2793122
14411	fleming	2792888
14412	blaster	2791850
14413	optimistic	2791411
14414	remediation	2791251
14415	wasting	2791022
14416	decoder	2790984
14417	genocide	2790711
14418	acclaimed	2790613
14419	seldom	2790565
14420	heathrow	2790489
14421	indy	2790185
14422	morrow	2789797
14423	pantera	2789246
14424	glitter	2788928
14425	giovanni	2788040
14426	sidebar	2787591
14427	authored	2787390
14428	lasted	2787384
14429	snoop	2787168
14430	awhile	2787111
14431	winery	2786992
14432	rbi	2786599
14433	scaled	2786253
14434	contingency	2784609
14435	photon	2784392
14436	wiltshire	2784041
14437	vague	2783775
14438	overlay	2783154
14439	wraps	2781569
14440	constituents	2780907
14441	rusty	2780895
14442	pharma	2779510
14443	herd	2779216
14444	handicapped	2779103
14445	exported	2777294
14446	fayetteville	2777073
14447	lag	2776554
14448	champaign	2776028
14449	warns	2775722
14450	fyi	2775670
14451	xc	2775058
14452	pakistani	2774987
14453	harmless	2774838
14454	ics	2774664
14455	apa	2774295
14456	bitches	2773319
14457	sting	2773263
14458	urbana	2772517
14459	bravo	2772503
14460	believers	2772258
14461	diagnose	2771883
14462	secsg	2771556
14463	franco	2771503
14464	announcing	2771344
14465	dispersion	2770698
14466	curiosity	2770499
14467	trivium	2770381
14468	amature	2770366
14469	showroom	2770234
14470	cx	2769701
14471	swarovski	2769609
14472	resting	2769187
14473	missiles	2769108
14474	persistence	2768946
14475	coarse	2768915
14476	continents	2768845
14477	liter	2768775
14478	carpets	2768582
14479	recovering	2767124
14480	submarine	2766790
14481	akon	2766008
14482	blessings	2765987
14483	brendan	2765110
14484	prevailing	2764943
14485	originated	2764536
14486	axe	2764176
14487	condosaver	2763613
14488	sculptures	2763471
14489	amex	2763227
14490	intrinsic	2763192
14491	classicvacations	2763096
14492	blackpool	2762857
14493	thoughtful	2762623
14494	nicht	2762565
14495	archer	2762538
14496	hertfordshire	2761736
14497	fh	2761441
14498	inuyasha	2761253
14499	nominees	2760637
14500	warmer	2759111
14501	cuz	2759008
14502	viewsonic	2758610
14503	dryers	2758434
14504	calf	2757705
14505	fujifilm	2757490
14506	basil	2757419
14507	ams	2756672
14508	hallmark	2755712
14509	counterparts	2755697
14510	paced	2755521
14511	engl	2755060
14512	grouped	2754870
14513	dominate	2754313
14514	asians	2753857
14515	orient	2753211
14516	contra	2753017
14517	damaging	2752172
14518	populated	2751529
14519	seether	2751303
14520	renee	2751273
14521	boiling	2751209
14522	journeys	2751143
14523	milestones	2750959
14524	parkinson	2750688
14525	parsing	2750227
14526	splitting	2749527
14527	mclean	2748981
14528	derbyshire	2748810
14529	checkboxes	2748407
14530	abandon	2747961
14531	lobbying	2747618
14532	rave	2747392
14533	ej	2747194
14534	dy	2746984
14535	mgm	2746316
14536	cigars	2745974
14537	cinemas	2745910
14538	islander	2745637
14539	encoder	2744999
14540	nicolas	2744970
14541	inference	2743455
14542	ras	2743346
14543	recalled	2743113
14544	importers	2742839
14545	impressum	2742668
14546	transformer	2742550
14547	weiss	2742473
14548	declarations	2742226
14549	rib	2741585
14550	phe	2741548
14551	chattanooga	2741057
14552	giles	2741044
14553	maroon	2740904
14554	drafts	2740861
14555	excursions	2740415
14556	jerk	2740304
14557	kontakt	2740154
14558	shack	2739743
14559	ers	2739646
14560	marrow	2739298
14561	kawasaki	2739125
14562	licences	2738920
14563	bose	2738637
14564	tavern	2738490
14565	bathing	2738196
14566	lambert	2738171
14567	epilepsy	2737962
14568	allowances	2737962
14569	fountains	2737006
14570	goggles	2736816
14571	ses	2736329
14572	unhappy	2736179
14573	clones	2736145
14574	foregoing	2736053
14575	crossover	2735826
14576	situ	2735334
14577	specificity	2735235
14578	certainty	2735156
14579	sleek	2734565
14580	gerard	2734359
14581	runoff	2733855
14582	osteoporosis	2733610
14583	approvals	2733320
14584	antarctic	2733306
14585	ord	2733054
14586	successive	2732616
14587	neglected	2732095
14588	ariel	2731662
14589	bea	2730891
14590	monty	2730888
14591	cafes	2730706
14592	jukebox	2730547
14593	classmates	2730039
14594	hitch	2730000
14595	fracture	2729151
14596	ama	2728744
14597	nexus	2728391
14598	cancers	2728264
14599	foremost	2728130
14600	nineteenth	2727465
14601	chesapeake	2727317
14602	tango	2727306
14603	melting	2727230
14604	mahogany	2727168
14605	actresses	2726567
14606	clarence	2726479
14607	ernst	2726438
14608	garner	2725663
14609	buster	2725610
14610	moderated	2725531
14611	mal	2725422
14612	nassau	2725369
14613	flap	2725137
14614	ignorant	2724458
14615	aba	2724411
14616	allowable	2724327
14617	karate	2723996
14618	compositions	2723773
14619	sings	2723225
14620	marcos	2722672
14621	sorrow	2722640
14622	carte	2722336
14623	qb	2722309
14624	canned	2721212
14625	collects	2721169
14626	treaties	2720856
14627	endurance	2720719
14628	optimizing	2720493
14629	teaspoon	2720378
14630	switchfoot	2720367
14631	coldplay	2720245
14632	insulated	2719889
14633	dupont	2719327
14634	harriet	2719241
14635	philosopher	2718992
14636	rectangle	2718237
14637	woo	2718146
14638	queer	2717979
14639	pains	2717960
14640	vioxx	2717063
14641	decatur	2716515
14642	wrapper	2716461
14643	tty	2715971
14644	ahmed	2715850
14645	bsc	2715633
14646	buchanan	2715369
14647	drummer	2715351
14648	sobre	2715022
14649	celexa	2714106
14650	guitarist	2713559
14651	symmetric	2712815
14652	ceremonies	2712791
14653	satisfies	2712485
14654	kuala	2712455
14655	appellate	2711762
14656	comma	2711522
14657	bbb	2710841
14658	geeks	2710575
14659	conformity	2710447
14660	jg	2710364
14661	avant	2710283
14662	repec	2709862
14663	insightful	2709708
14664	supper	2709558
14665	fulfilling	2709097
14666	hooded	2708823
14667	unrated	2708138
14668	diva	2707438
14669	adsense	2706884
14670	instability	2706582
14671	seminary	2706256
14672	exemptions	2706075
14673	integrates	2706006
14674	presenter	2705776
14675	csa	2704965
14676	offenses	2704205
14677	emulation	2703342
14678	lengthy	2703064
14679	sonata	2702959
14680	fortress	2702252
14681	contiguous	2702054
14682	bookstores	2701598
14683	perez	2700670
14684	cimel	2700656
14685	inaccurate	2700555
14686	hvac	2700129
14687	explanatory	2699888
14688	leica	2699793
14689	settlers	2699538
14690	stools	2699087
14691	ministerial	2699016
14692	xavier	2698960
14693	agendas	2698779
14694	torah	2698722
14695	fao	2698710
14696	publishes	2698494
14697	stacks	2698224
14698	owning	2696984
14699	nws	2696829
14700	andersen	2695657
14701	busch	2695340
14702	armani	2693801
14703	bipolar	2693672
14704	sermon	2693657
14705	facilitating	2692085
14706	complained	2691906
14707	ferdinand	2691440
14708	taps	2690265
14709	thrill	2690034
14710	lagoon	2689624
14711	undoubtedly	2688694
14712	menopause	2688514
14713	inbound	2688161
14714	withheld	2688086
14715	insisted	2687888
14716	shortlist	2687706
14717	gainesville	2687091
14718	tiava	2687059
14719	eclectic	2686740
14720	reluctant	2686458
14721	headphone	2686393
14722	regimes	2686142
14723	headaches	2685626
14724	ramsey	2684676
14725	oath	2684269
14726	readme	2684041
14727	pigeon	2683567
14728	rivals	2683343
14729	freed	2683280
14730	binder	2683280
14731	xemacs	2683162
14732	constrained	2683009
14733	parrot	2682859
14734	magnum	2682846
14735	invoked	2682551
14736	invaluable	2682391
14737	helicopters	2682275
14738	keystone	2681530
14739	inclined	2681483
14740	ngc	2681453
14741	gala	2681393
14742	intercontinental	2681202
14743	cheek	2681029
14744	traction	2679735
14745	utterly	2679629
14746	workspace	2679395
14747	customizable	2679312
14748	softcover	2679305
14749	gavin	2679261
14750	illuminated	2678843
14751	realtime	2678762
14752	lasts	2678667
14753	gloucestershire	2678438
14754	electrons	2678335
14755	psychologist	2678215
14756	dane	2678063
14757	claudia	2677904
14758	perpetual	2677645
14759	subsystem	2677252
14760	appl	2677237
14761	kinetic	2676623
14762	caffeine	2676572
14763	solicitor	2675862
14764	clustering	2675781
14765	xf	2674708
14766	glimpse	2674351
14767	nib	2673739
14768	verbatim	2673628
14769	innocence	2673527
14770	httpd	2673288
14771	quicker	2673094
14772	grandparents	2672819
14773	cardboard	2671585
14774	attributable	2671225
14775	sketches	2670925
14776	angelo	2669901
14777	tertiary	2669822
14778	exhausted	2669693
14779	smarter	2669654
14780	slac	2669040
14781	shelters	2668745
14782	attain	2668275
14783	dora	2668011
14784	calorie	2667892
14785	inconvenience	2667872
14786	tang	2667228
14787	graphite	2667183
14788	vaccination	2666877
14789	stroller	2666858
14790	farther	2666579
14791	bowel	2666510
14792	sweaters	2666509
14793	chats	2666432
14794	mafia	2666020
14795	riot	2665813
14796	fats	2665577
14797	futuna	2665570
14798	mandarin	2665497
14799	dungeon	2665461
14800	predictable	2665444
14801	germans	2665198
14802	lilly	2665191
14803	shire	2665081
14804	susceptible	2664824
14805	mosquito	2664788
14806	kashmir	2663508
14807	insest	2662915
14808	lyons	2662817
14809	skyline	2662797
14810	sulfur	2662699
14811	scams	2662588
14812	lipid	2662396
14813	putnam	2662037
14814	corpse	2662009
14815	speedy	2661996
14816	ming	2661961
14817	tao	2661916
14818	quot	2661228
14819	ritz	2660002
14820	networked	2659983
14821	localhost	2659758
14822	lush	2659754
14823	barrels	2659639
14824	transformations	2659594
14825	cabling	2659303
14826	analogue	2659278
14827	werner	2659154
14828	clyde	2658680
14829	stills	2657985
14830	perimeter	2657896
14831	biased	2657852
14832	cardiology	2657671
14833	playoff	2657613
14834	honorary	2657255
14835	sti	2657216
14836	irwin	2657053
14837	brewer	2656856
14838	chiang	2656794
14839	exchanged	2656702
14840	payload	2655807
14841	adhere	2655276
14842	fran	2654919
14843	merrill	2654737
14844	oldsmobile	2654673
14845	grilled	2654595
14846	rafael	2653922
14847	ccc	2653254
14848	enquire	2652802
14849	toilets	2652273
14850	mains	2652029
14851	whales	2651996
14852	misty	2651773
14853	lindsey	2651640
14854	parity	2651048
14855	partitions	2650751
14856	grim	2650255
14857	conserved	2649468
14858	searchsearch	2649288
14859	hubbard	2649059
14860	rewrite	2648549
14861	vending	2648129
14862	prism	2648058
14863	chasing	2647727
14864	keygen	2647453
14865	janeiro	2647268
14866	flop	2647107
14867	aggregation	2646711
14868	shelley	2646479
14869	batting	2646319
14870	borrowed	2646232
14871	heh	2645768
14872	transexuals	2645429
14873	rests	2645136
14874	toss	2644752
14875	prentice	2644181
14876	depicted	2644070
14877	grapes	2643584
14878	proposing	2643557
14879	cumbria	2642929
14880	winding	2642869
14881	diaz	2642759
14882	ripped	2642534
14883	vegan	2642418
14884	congressman	2642212
14885	cobalt	2642090
14886	pity	2642047
14887	recombinant	2641689
14888	ubuntu	2641656
14889	downward	2641434
14890	superstar	2641229
14891	closeout	2640375
14892	corel	2640276
14893	kayaking	2639983
14894	synergy	2639929
14895	eta	2639873
14896	catalogues	2639071
14897	aspire	2638953
14898	harvesting	2638260
14899	garfield	2638077
14900	groom	2637912
14901	jewels	2637876
14902	saturated	2637689
14903	georges	2637465
14904	backpacking	2637272
14905	quincy	2636485
14906	accidentally	2636203
14907	doughty	2636162
14908	bonded	2635939
14909	sticking	2635839
14910	dudley	2635816
14911	osama	2635647
14912	weeds	2634421
14913	stripped	2634414
14914	oprah	2634267
14915	inflatable	2633718
14916	beers	2633610
14917	clive	2633530
14918	fixture	2633227
14919	glassware	2633110
14920	canary	2632425
14921	steadily	2632187
14922	amc	2631713
14923	imagined	2631487
14924	darby	2631164
14925	woke	2630503
14926	kos	2630462
14927	fills	2630389
14928	proportions	2630142
14929	grips	2629556
14930	clergy	2629414
14931	coursework	2629264
14932	solicitors	2629165
14933	kayak	2628993
14934	moderately	2628951
14935	mayotte	2628024
14936	altar	2627835
14937	salvage	2627328
14938	repetitive	2627063
14939	stanton	2627052
14940	creators	2627052
14941	gears	2626927
14942	orbital	2626863
14943	musicals	2626767
14944	kilometres	2626210
14945	cuff	2625819
14946	lithuanian	2625728
14947	amatuer	2625519
14948	repeating	2625374
14949	empires	2624661
14950	profiling	2623798
14951	reps	2623595
14952	hn	2622163
14953	oyster	2621847
14954	sturdy	2621713
14955	sequencing	2621506
14956	massacre	2620731
14957	undergo	2620082
14958	panoramic	2619902
14959	risen	2619862
14960	blended	2619659
14961	deskjet	2619205
14962	rhino	2619135
14963	polynomial	2619081
14964	tau	2618285
14965	nsa	2618170
14966	imperative	2618155
14967	stakeholder	2617739
14968	beg	2616794
14969	digging	2616671
14970	lantern	2615989
14971	catches	2615877
14972	evangelical	2615781
14973	eaton	2615601
14974	ruler	2615554
14975	signifies	2615219
14976	henri	2615040
14977	stochastic	2614305
14978	psu	2613736
14979	tokens	2613416
14980	santana	2613405
14981	kidding	2613375
14982	piping	2612878
14983	swept	2612095
14984	swansea	2611945
14985	airmail	2611913
14986	staring	2611893
14987	seventy	2611424
14988	problematic	2610150
14989	troop	2609404
14990	arose	2609029
14991	decomposition	2608915
14992	chatham	2608695
14993	roadmap	2608278
14994	ogg	2607373
14995	becky	2606971
14996	lesbo	2606338
14997	farrell	2606302
14998	elders	2606118
14999	interpreters	2605617
15000	supporter	2605475
15001	acknowledgements	2605073
15002	klaus	2604818
15003	tnt	2604555
15004	skincare	2602704
15005	conquest	2602471
15006	heroin	2601620
15007	repairing	2601383
15008	mandated	2601015
15009	workbook	2600958
15010	assemble	2600945
15011	xslt	2600717
15012	hogan	2600534
15013	omg	2600065
15014	whistle	2599728
15015	sulfate	2599508
15016	dresden	2599154
15017	timeshare	2598791
15018	diversified	2598662
15019	oldies	2597950
15020	fertilizer	2596909
15021	complaining	2596505
15022	analytic	2596154
15023	predominantly	2594198
15024	amethyst	2594139
15025	debra	2594075
15026	woodward	2593977
15027	rewritten	2593936
15028	cdrom	2593779
15029	concerto	2593024
15030	adorable	2592855
15031	ambition	2592749
15032	torres	2592076
15033	apologize	2591938
15034	cle	2591097
15035	restraint	2590802
15036	thrillers	2590282
15037	fortran	2589227
15038	eddy	2589078
15039	condemned	2588714
15040	berger	2588684
15041	timeless	2588461
15042	parole	2588422
15043	corey	2588392
15044	kendall	2588076
15045	spouses	2587875
15046	slips	2587498
15047	vv	2587230
15048	ninety	2587226
15049	tyr	2587078
15050	trays	2586701
15051	stewardship	2586490
15052	cues	2586257
15053	esq	2586164
15054	bioinformatics	2585864
15055	kisses	2585515
15056	kerr	2585290
15057	regulating	2585246
15058	flock	2585098
15059	exporting	2584899
15060	arabian	2584206
15061	chung	2584176
15062	subpart	2583774
15063	scheduler	2583608
15064	bending	2583558
15065	boris	2582954
15066	hypnosis	2582627
15067	kat	2581765
15068	ammunition	2581750
15069	vega	2581698
15070	pleasures	2581560
15071	shortest	2581476
15072	denying	2581389
15073	cornerstone	2580946
15074	recycle	2580318
15075	shave	2580057
15076	sos	2579597
15077	lsu	2579406
15078	sexe	2578506
15079	disruption	2578410
15080	galway	2578132
15081	colt	2577919
15082	artillery	2577825
15083	furnish	2577787
15084	precedence	2577705
15085	gao	2577702
15086	applicability	2577161
15087	volatility	2576975
15088	grinding	2576703
15089	rubbish	2576642
15090	missionary	2576312
15091	knocked	2576160
15092	swamp	2575587
15093	uid	2575374
15094	pitching	2575364
15095	hoteles	2575111
15096	fav	2574840
15097	bordeaux	2574008
15098	manifold	2573995
15099	wf	2573949
15100	tornado	2573937
15101	disneyland	2573713
15102	umd	2573596
15103	gdb	2573470
15104	possessed	2573290
15105	upstairs	2573007
15106	bro	2572817
15107	turtles	2572647
15108	offs	2572459
15109	listserv	2572223
15110	fab	2572142
15111	vauxhall	2571879
15112	cond	2571812
15113	welcoming	2571306
15114	learns	2570984
15115	manipulate	2570342
15116	dividing	2569996
15117	hickory	2569948
15118	renovated	2569941
15119	inmates	2569921
15120	tokelau	2569903
15121	conformance	2569642
15122	slices	2569411
15123	diecast	2569208
15124	bittorrent	2568710
15125	cody	2568563
15126	frankie	2568555
15127	oa	2568209
15128	lawson	2567894
15129	quo	2567723
15130	iu	2567202
15131	vf	2567035
15132	alprazolam	2566762
15133	damned	2566720
15134	beethoven	2565877
15135	faint	2565744
15136	rebuilt	2565168
15137	proceeded	2564696
15138	collaborate	2564383
15139	lei	2563419
15140	tentative	2562953
15141	peterborough	2562698
15142	fierce	2562384
15143	jars	2562160
15144	authenticity	2562043
15145	hips	2561970
15146	rene	2561960
15147	gland	2561362
15148	positives	2561224
15149	wigs	2561086
15150	resignation	2560942
15151	striped	2560923
15152	zion	2560270
15153	blends	2560019
15154	garments	2559975
15155	fraternity	2559869
15156	hunk	2559594
15157	allocations	2559346
15158	lymphoma	2559160
15159	tapestry	2559102
15160	originating	2558537
15161	stu	2557663
15162	chap	2557160
15163	blows	2556663
15164	inevitably	2556652
15165	rpc	2556471
15166	freebies	2555646
15167	converse	2554939
15168	frontline	2554440
15169	thb	2554386
15170	tele	2553983
15171	gardener	2553839
15172	imap	2553606
15173	winamp	2553604
15174	winnie	2553592
15175	ita	2553088
15176	higgins	2552864
15177	stoke	2552684
15178	idg	2550907
15179	warwickshire	2550801
15180	polymers	2550216
15181	penguins	2550142
15182	attracting	2549806
15183	grills	2549512
15184	jeeves	2549456
15185	harp	2548850
15186	phat	2548843
15187	zz	2548654
15188	escrow	2548489
15189	lumpur	2548208
15190	wes	2548030
15191	dds	2547777
15192	denton	2547717
15193	anthem	2547657
15194	tack	2547602
15195	whitman	2547585
15196	nowadays	2547379
15197	woodstock	2547116
15198	infospace	2547037
15199	sack	2546938
15200	inferior	2546617
15201	surfers	2546274
15202	abuses	2546094
15203	inspected	2545315
15204	deb	2545057
15205	jockey	2544228
15206	kauai	2544183
15207	licensors	2543242
15208	indicative	2542684
15209	cpc	2542313
15210	stresses	2541443
15211	incumbent	2541291
15212	ithaca	2541098
15213	webhosting	2540989
15214	edmund	2540430
15215	peoria	2540360
15216	upholstery	2540113
15217	aggression	2539892
15218	peek	2539766
15219	alr	2539565
15220	practiced	2539452
15221	ella	2539360
15222	casualties	2539213
15223	ipsec	2538365
15224	bournemouth	2538216
15225	sudoku	2537882
15226	monarch	2537590
15227	undef	2537317
15228	housed	2537223
15229	administering	2536998
15230	temptation	2536564
15231	havana	2536543
15232	roe	2536469
15233	campground	2536233
15234	nasal	2536094
15235	sars	2536062
15236	restrictive	2535342
15237	costing	2535149
15238	ranged	2534995
15239	cme	2534937
15240	predictive	2534917
15241	vlan	2534763
15242	aquaculture	2534664
15243	hier	2534499
15244	spruce	2534428
15245	paradox	2534135
15246	sendmail	2533983
15247	redesign	2533719
15248	billings	2533397
15249	jeanne	2533177
15250	nitro	2533124
15251	oxidation	2533059
15252	jackpot	2532985
15253	marin	2532915
15254	halfway	2532364
15255	cortex	2530902
15256	entitlement	2530866
15257	amending	2530752
15258	conflicting	2530282
15259	georgian	2530176
15260	compensate	2529651
15261	recherche	2529321
15262	loser	2529180
15263	secs	2529162
15264	mixers	2528887
15265	accountancy	2528048
15266	claus	2528018
15267	policing	2527931
15268	braves	2527914
15269	cracking	2527515
15270	sued	2526428
15271	shoots	2526359
15272	michaels	2526005
15273	interrupted	2525933
15274	hemisphere	2525439
15275	miranda	2525275
15276	clover	2525179
15277	ecc	2524797
15278	kj	2524555
15279	kindness	2524494
15280	similarities	2524194
15281	kv	2523831
15282	hipaa	2523126
15283	porto	2522999
15284	neutron	2522790
15285	duluth	2522476
15286	directs	2522324
15287	jolly	2522092
15288	snakes	2521893
15289	swelling	2521718
15290	spanning	2521710
15291	politician	2521169
15292	femme	2521124
15293	unanimous	2520971
15294	railways	2520743
15295	approves	2520685
15296	scriptures	2520617
15297	misconduct	2520545
15298	lester	2520530
15299	dogg	2520401
15300	folklore	2520236
15301	resides	2520118
15302	wording	2519992
15303	obliged	2519826
15304	perceive	2519370
15305	rockies	2518528
15306	siege	2518421
15307	dimm	2518175
15308	exercising	2517892
15309	acoustics	2517859
15310	voluntarily	2517597
15311	pensacola	2517454
15312	atkinson	2517359
15313	crs	2516542
15314	condominium	2516255
15315	wildcats	2516157
15316	nord	2515571
15317	exhibitors	2514814
15318	truths	2514470
15319	ssi	2513247
15320	grouping	2513076
15321	wolfe	2512558
15322	redwood	2511836
15323	thereto	2511826
15324	invoices	2511057
15325	tyres	2510350
15326	westwood	2510249
15327	authorizing	2510231
15328	enamel	2509986
15329	toby	2508904
15330	gly	2508067
15331	radiant	2506757
15332	estonian	2506680
15333	virgins	2506557
15334	firstly	2506379
15335	martini	2505907
15336	butte	2505600
15337	bomber	2505585
15338	reeves	2505496
15339	songwriter	2505462
15340	suspicion	2504621
15341	disadvantage	2504267
15342	bastard	2504042
15343	shania	2503997
15344	coaster	2503539
15345	spends	2503434
15346	hicks	2503430
15347	typedef	2503370
15348	pratt	2503054
15349	pedigree	2502866
15350	strippers	2502249
15351	macmillan	2502140
15352	fraudulent	2501991
15353	aac	2501919
15354	woodworking	2501856
15355	sherwood	2501437
15356	forgiveness	2501286
15357	cbd	2500767
15358	almond	2500565
15359	pricerunner	2500541
15360	afl	2500467
15361	catalytic	2500336
15362	har	2500142
15363	petitions	2500009
15364	francais	2499888
15365	trenton	2499535
15366	chalk	2498505
15367	omar	2498343
15368	alexis	2497825
15369	bethesda	2497387
15370	privatization	2497240
15371	sourceforge	2496892
15372	sanford	2496806
15373	axle	2496464
15374	membranes	2496460
15375	puppet	2495374
15376	testosterone	2495063
15377	cultivation	2494830
15378	nunavut	2494614
15379	surveying	2494534
15380	grazing	2493989
15381	biochemical	2493892
15382	pillar	2493688
15383	mirage	2493561
15384	lennon	2493144
15385	questionable	2492735
15386	seaside	2492674
15387	suitability	2491867
15388	precinct	2491806
15389	renamed	2491675
15390	cobb	2491637
15391	lara	2491478
15392	unbelievable	2491299
15393	soluble	2491148
15394	piracy	2490728
15395	rowing	2490271
15396	siding	2490194
15397	kx	2489904
15398	hardest	2489739
15399	forrest	2489703
15400	invitational	2489659
15401	reminders	2489508
15402	negro	2489080
15403	blanca	2489053
15404	equivalents	2488782
15405	johann	2488289
15406	handcrafted	2488264
15407	aftermarket	2487971
15408	pineapple	2487823
15409	fellowships	2487618
15410	freeway	2486934
15411	wrath	2486700
15412	opal	2486653
15413	simplest	2486239
15414	patrons	2485842
15415	peculiar	2485776
15416	toon	2485460
15417	europeans	2485431
15418	commence	2484874
15419	descendants	2484559
15420	redmond	2484388
15421	safeguard	2484174
15422	digitally	2484117
15423	lars	2483751
15424	hatchback	2483111
15425	rfp	2482763
15426	obsession	2482377
15427	grind	2482307
15428	albeit	2482233
15429	billiards	2482114
15430	coa	2481885
15431	clint	2481872
15432	bankers	2481750
15433	righteous	2481713
15434	eo	2481243
15435	redistribution	2480798
15436	freaks	2480531
15437	subclass	2479278
15438	rutgers	2477755
15439	tra	2477461
15440	sampled	2477135
15441	sincere	2476939
15442	deploying	2476652
15443	interacting	2476373
15444	roanoke	2476369
15445	intentionally	2476029
15446	blitz	2476009
15447	tended	2475387
15448	censorship	2475227
15449	cactus	2475082
15450	viva	2474832
15451	treadmill	2474781
15452	fiberglass	2474100
15453	attained	2473688
15454	blew	2473343
15455	howe	2473217
15456	nap	2473014
15457	osaka	2472838
15458	splendid	2472698
15459	janice	2472481
15460	personalize	2472227
15461	lava	2471986
15462	leonardo	2471930
15463	sucked	2471917
15464	scissors	2471613
15465	broncos	2471504
15466	jorge	2471105
15467	cooks	2470395
15468	sharply	2470344
15469	granada	2470148
15470	laurence	2470052
15471	rebellion	2469106
15472	rainy	2469088
15473	tho	2468927
15474	regent	2468483
15475	evelyn	2468215
15476	vinegar	2467712
15477	vie	2467637
15478	classifications	2467504
15479	diggs	2467168
15480	rafting	2466959
15481	pluto	2466856
15482	gil	2466786
15483	sle	2466708
15484	vail	2465727
15485	jv	2465590
15486	fisherman	2464823
15487	misery	2464795
15488	undergoing	2464782
15489	limerick	2464711
15490	safaris	2464644
15491	contaminants	2464458
15492	envy	2464445
15493	scr	2464405
15494	mitch	2464162
15495	sweeping	2463965
15496	healthier	2463491
15497	ussr	2462032
15498	mailer	2461916
15499	preface	2461709
15500	jameson	2461558
15501	grievance	2461503
15502	liners	2461442
15503	asheville	2461302
15504	unread	2460260
15505	sentiment	2460011
15506	pencils	2459655
15507	galloway	2459471
15508	quinta	2459399
15509	kristin	2458841
15510	forged	2458824
15511	bistro	2458804
15512	viola	2458792
15513	lw	2458501
15514	voodoo	2457448
15515	disclosures	2456864
15516	provence	2456582
15517	caching	2455792
15518	computerized	2455700
15519	rustic	2455629
15520	rumor	2455494
15521	dillon	2455083
15522	shah	2455068
15523	eleanor	2454556
15524	deception	2454433
15525	volts	2454421
15526	conducts	2454368
15527	divorced	2454344
15528	rushed	2454043
15529	excalibur	2453959
15530	bots	2453725
15531	weighs	2453498
15532	sinatra	2452608
15533	magnolia	2452451
15534	diver	2452406
15535	disappointment	2452388
15536	castles	2452078
15537	notions	2451904
15538	plateau	2451261
15539	interpersonal	2451102
15540	dexter	2451049
15541	traumatic	2450877
15542	ringer	2450825
15543	zipper	2450000
15544	meds	2449826
15545	palette	2448716
15546	blaze	2448412
15547	wreck	2447935
15548	threatens	2447772
15549	strengthened	2447673
15550	sammy	2447628
15551	briefings	2447057
15552	siblings	2446697
15553	wakefield	2446527
15554	adversely	2446151
15555	devastating	2446064
15556	pitcairn	2445999
15557	centro	2445696
15558	pdb	2445413
15559	arabs	2444955
15560	bild	2443822
15561	onboard	2443494
15562	robbery	2443257
15563	eine	2442920
15564	nucleic	2442798
15565	telecoms	2442762
15566	jasmine	2441948
15567	crochet	2441543
15568	brock	2441409
15569	crowds	2439262
15570	hoops	2438525
15571	hehe	2438149
15572	macon	2437697
15573	celeron	2437590
15574	lynne	2437544
15575	invariant	2436965
15576	stamped	2436087
15577	challenger	2435511
15578	increment	2435396
15579	redistributed	2435259
15580	ju	2434677
15581	uptake	2434566
15582	newsweek	2434397
15583	geared	2434240
15584	ideals	2434179
15585	chloe	2434045
15586	ape	2433746
15587	svc	2433201
15588	gee	2433166
15589	apologies	2433010
15590	prada	2432946
15591	tycoon	2432605
15592	malignant	2431848
15593	maxtor	2431537
15594	plone	2431191
15595	dcp	2431185
15596	dismiss	2431006
15597	preceded	2429747
15598	lawful	2429707
15599	stag	2429332
15600	crosby	2429109
15601	biochem	2428879
15602	pte	2428751
15603	rash	2428545
15604	ors	2428335
15605	gateways	2428314
15606	compactflash	2427973
15607	collapsed	2427732
15608	antibiotic	2427497
15609	horns	2427037
15610	vanderbilt	2427020
15611	cps	2426767
15612	diversion	2426724
15613	overweight	2426520
15614	fantasies	2426377
15615	metasearch	2426329
15616	taliban	2426052
15617	maureen	2425925
15618	trekking	2425674
15619	coordinators	2425563
15620	beginnings	2425503
15621	reversal	2425317
15622	digi	2425142
15623	lex	2424291
15624	shoreline	2423748
15625	presses	2423685
15626	ordination	2423296
15627	westin	2423249
15628	oxfordshire	2423162
15629	yves	2423108
15630	tandem	2422935
15631	middleware	2422524
15632	mips	2422380
15633	boil	2422265
15634	deliberate	2422264
15635	gagged	2422197
15636	roundtable	2421921
15637	surprises	2421702
15638	abe	2420884
15639	roc	2420867
15640	dementia	2420741
15641	barley	2420348
15642	potent	2419930
15643	vo	2419809
15644	amusing	2419640
15645	mastering	2419592
15646	levine	2418895
15647	nerves	2418478
15648	ripencc	2417833
15649	shoppy	2417776
15650	filesystem	2417573
15651	retains	2417263
15652	pow	2417177
15653	docking	2416176
15654	guidebook	2415999
15655	atreyu	2415842
15656	kylie	2415779
15657	pilates	2415579
15658	chimney	2415182
15659	backstreet	2414433
15660	packers	2414244
15661	localized	2414106
15662	naomi	2413747
15663	proverbs	2413062
15664	lic	2412629
15665	risky	2412508
15666	mistaken	2411938
15667	carving	2411889
15668	miracles	2411472
15669	docume	2411086
15670	xy	2410863
15671	clair	2410656
15672	fte	2410575
15673	slipped	2410446
15674	realism	2410398
15675	stl	2410217
15676	crete	2409700
15677	fractions	2409312
15678	yd	2408813
15679	archiving	2407950
15680	disconnect	2407528
15681	bloodhound	2407510
15682	multilingual	2407472
15683	sherry	2407286
15684	desperately	2407133
15685	gsa	2407008
15686	indies	2406907
15687	tulip	2406691
15688	madame	2406665
15689	remedial	2406614
15690	vain	2406302
15691	bert	2406294
15692	immunization	2406054
15693	dalton	2406005
15694	bologna	2405514
15695	departing	2404892
15696	ciara	2404510
15697	maze	2404306
15698	cumming	2403813
15699	barefoot	2402711
15700	remuneration	2402572
15701	bohemian	2402466
15702	interviewing	2402367
15703	categorized	2402134
15704	imposing	2401482
15705	damon	2401346
15706	tivoli	2401149
15707	cmos	2401045
15708	transmissions	2400730
15709	receivable	2400318
15710	rode	2400161
15711	amen	2400153
15712	marching	2400087
15713	ronnie	2399954
15714	evacuation	2399397
15715	owing	2399321
15716	warp	2399276
15717	implant	2399127
15718	playlists	2398929
15719	thematic	2398885
15720	brentwood	2398745
15721	catholics	2398661
15722	imo	2398408
15723	correctional	2397855
15724	faculties	2397454
15725	katz	2397439
15726	denies	2397434
15727	jojo	2396839
15728	buffers	2396823
15729	talkback	2396655
15730	servings	2396089
15731	reinforce	2394921
15732	kobe	2394793
15733	inception	2394773
15734	draper	2394747
15735	baylor	2394416
15736	otc	2394381
15737	bowman	2394377
15738	frustrating	2394252
15739	subversion	2394175
15740	ssa	2394130
15741	zeta	2394047
15742	benny	2393928
15743	spires	2393880
15744	barney	2393754
15745	dinnerware	2393648
15746	sclerosis	2392826
15747	homosexuality	2392550
15748	declares	2392411
15749	emotionally	2391987
15750	masonry	2391921
15751	carbohydrate	2391830
15752	medicinal	2391733
15753	estrogen	2391686
15754	odbc	2391403
15755	ipods	2391403
15756	accrued	2391008
15757	temples	2390437
15758	realizing	2390433
15759	annum	2390404
15760	openbsd	2389802
15761	cemeteries	2389792
15762	indoors	2389570
15763	telescopes	2389085
15764	magellan	2388447
15765	champs	2388179
15766	federated	2387686
15767	averaging	2387410
15768	salads	2387032
15769	addicted	2386786
15770	shui	2386686
15771	flashlight	2386453
15772	disappointing	2386364
15773	rockford	2386241
15774	eighty	2385976
15775	staging	2385972
15776	unlocked	2385296
15777	scarce	2385219
15778	statistic	2384948
15779	roche	2384778
15780	ropes	2384639
15781	torino	2384619
15782	spiders	2384288
15783	obedience	2384233
15784	plague	2383845
15785	diluted	2383641
15786	canine	2383411
15787	gladly	2383400
15788	schizophrenia	2383269
15789	brewery	2383143
15790	lineage	2382912
15791	mehr	2382662
15792	brew	2382584
15793	vaughan	2382571
15794	kern	2382522
15795	julius	2382296
15796	coup	2382274
15797	cannes	2382265
15798	morse	2382036
15799	dominance	2381788
15800	predators	2381273
15801	piston	2381202
15802	itu	2381042
15803	cords	2380982
15804	mpi	2380878
15805	revisited	2380826
15806	cass	2380671
15807	sealing	2380108
15808	topped	2379955
15809	adhesives	2379922
15810	rag	2379816
15811	despair	2379553
15812	inventories	2379122
15813	fore	2378954
15814	uf	2378535
15815	brokeback	2378145
15816	absorb	2378096
15817	injected	2378069
15818	alps	2377380
15819	commodore	2377211
15820	dumping	2377175
15821	enlisted	2376750
15822	prophets	2376749
15823	ow	2376433
15824	econ	2376255
15825	footjob	2375877
15826	warez	2375829
15827	supernatural	2374979
15828	overlooked	2374946
15829	magenta	2374461
15830	tagging	2374392
15831	ditch	2373753
15832	feared	2373625
15833	prelude	2373600
15834	rowe	2372780
15835	slick	2372634
15836	overly	2372522
15837	limestone	2372437
15838	triggers	2372243
15839	commentaries	2372211
15840	constructs	2372108
15841	impedance	2372086
15842	dragonfly	2371854
15843	manpower	2371829
15844	underoath	2371616
15845	lec	2371331
15846	chunk	2371231
15847	reels	2371017
15848	lob	2370806
15849	slept	2370802
15850	gregg	2370023
15851	refundable	2370011
15852	hbo	2369976
15853	billboard	2369545
15854	drafted	2369018
15855	chalet	2368986
15856	huang	2368880
15857	sportsbook	2368566
15858	layered	2368440
15859	hopper	2367920
15860	sus	2367695
15861	neurological	2367615
15862	subs	2367299
15863	specialization	2367296
15864	abstraction	2366467
15865	ludwig	2365101
15866	watchdog	2365031
15867	scandinavian	2364674
15868	starbucks	2364470
15869	ibook	2364203
15870	viability	2364054
15871	kh	2364036
15872	detained	2363691
15873	luncheon	2363638
15874	filler	2363583
15875	smiley	2363430
15876	zenith	2363349
15877	genomics	2363286
15878	yi	2363178
15879	yum	2362952
15880	browns	2362811
15881	researched	2362534
15882	waits	2362199
15883	tenor	2361385
15884	copiers	2360987
15885	ovarian	2360849
15886	softly	2360826
15887	plenary	2360816
15888	scrub	2360299
15889	airplanes	2359533
15890	wilkinson	2359481
15891	limb	2359067
15892	intestinal	2358994
15893	cello	2358848
15894	poe	2358805
15895	wlan	2358320
15896	refusing	2357765
15897	suffers	2357684
15898	sweepstakes	2357635
15899	occupy	2357306
15900	antigens	2356918
15901	gan	2356874
15902	midtown	2356427
15903	bethlehem	2355564
15904	stabilization	2355377
15905	caves	2355316
15906	authoritative	2355249
15907	celestial	2355105
15908	immense	2354605
15909	audrey	2354566
15910	merlin	2354378
15911	kinetics	2354107
15912	cocos	2354000
15913	aiming	2353915
15914	seizure	2353392
15915	stuttgart	2353387
15916	diplomacy	2352610
15917	differing	2352534
15918	impacted	2352224
15919	foreigners	2351944
15920	limp	2351899
15921	capitalist	2351271
15922	rumsfeld	2351158
15923	mute	2351105
15924	beanie	2351093
15925	prescott	2350984
15926	protestant	2350938
15927	metre	2350745
15928	tricky	2350431
15929	ordinances	2350341
15930	thurs	2349803
15931	spaced	2349680
15932	koch	2349132
15933	freq	2349123
15934	topaz	2348935
15935	ans	2348913
15936	segmentation	2348439
15937	imaginary	2348396
15938	albion	2348149
15939	soaps	2347810
15940	courthouse	2347505
15941	sutherland	2346597
15942	entrepreneurial	2346440
15943	dar	2345848
15944	dart	2345761
15945	lebanese	2345613
15946	psycho	2345581
15947	maharashtra	2345459
15948	ricoh	2345322
15949	wrought	2345069
15950	robe	2344642
15951	nrc	2344524
15952	theresa	2343953
15953	heidelberg	2343859
15954	multitude	2343548
15955	tutors	2342956
15956	ezra	2342588
15957	housekeeping	2342524
15958	captive	2342128
15959	kettle	2341770
15960	visitation	2341736
15961	chr	2341619
15962	gibbs	2341301
15963	baggage	2340989
15964	chavez	2340951
15965	dusty	2339959
15966	patty	2339693
15967	serena	2339369
15968	asst	2338968
15969	satire	2338817
15970	overload	2338735
15971	tortured	2338057
15972	pioneers	2337334
15973	vikings	2336967
15974	crate	2336818
15975	kanye	2336703
15976	bootstrap	2336609
15977	wtf	2336576
15978	episcopal	2336299
15979	humane	2336128
15980	scm	2334976
15981	moonlight	2334927
15982	mast	2334829
15983	travelocity	2334692
15984	unfinished	2333647
15985	fno	2333219
15986	goth	2333078
15987	cared	2333049
15988	affection	2332707
15989	sworn	2332355
15990	twink	2332335
15991	bowen	2332324
15992	vicious	2331876
15993	educating	2331409
15994	nortel	2331289
15995	kin	2331005
15996	koh	2330943
15997	affiliations	2330795
15998	cozy	2330794
15999	pussycat	2330623
16000	appropriated	2330545
16001	escherichia	2330475
16002	mallorca	2330303
16003	mackenzie	2330106
16004	reversible	2329713
16005	spd	2329507
16006	oj	2329477
16007	slippers	2329284
16008	unclassified	2329160
16009	earthquakes	2329102
16010	bookshelf	2328590
16011	hayward	2327841
16012	wandering	2327786
16013	comb	2327626
16014	liquids	2327187
16015	htdocs	2327130
16016	beech	2327119
16017	vineyards	2327015
16018	amer	2326748
16019	zur	2326312
16020	frogs	2326307
16021	fps	2326094
16022	consequential	2325659
16023	initialization	2325157
16024	unreasonable	2324841
16025	expat	2324561
16026	osborne	2324488
16027	raider	2323603
16028	farmington	2323328
16029	timers	2322877
16030	stimulus	2322857
16031	economists	2322843
16032	miners	2322828
16033	agnes	2322429
16034	constituency	2322415
16035	rocker	2322314
16036	acknowledges	2321868
16037	alas	2321771
16038	enrolment	2321704
16039	glibc	2321511
16040	sawyer	2321394
16041	maori	2321308
16042	lawmakers	2321236
16043	tense	2320926
16044	predicting	2320903
16045	filipino	2320723
16046	cooled	2320309
16047	prudential	2319748
16048	basel	2319607
16049	migrant	2319291
16050	devotion	2319290
16051	larson	2318809
16052	photosmart	2318796
16053	invoke	2318419
16054	arte	2318239
16055	leaning	2318144
16056	centrally	2317496
16057	acl	2317468
16058	luv	2317005
16059	paddle	2316636
16060	watkins	2316405
16061	oxley	2316327
16062	anterior	2316239
16063	dealership	2316058
16064	chop	2315541
16065	eyewear	2315532
16066	rooted	2315294
16067	onyx	2315135
16068	benches	2315058
16069	illumination	2314953
16070	freedoms	2314731
16071	bakersfield	2314616
16072	foolish	2314452
16073	finale	2314315
16074	weaker	2314182
16075	foley	2314106
16076	fir	2312692
16077	stirling	2312659
16078	moran	2312457
16079	decal	2311933
16080	compose	2311784
16081	nausea	2311479
16082	comfortably	2310081
16083	hoop	2310001
16084	addictive	2309956
16085	clarinet	2309907
16086	temps	2309859
16087	fiona	2309644
16088	clearer	2309498
16089	vn	2309466
16090	floods	2309318
16091	gigabyte	2309317
16092	fritz	2309089
16093	mover	2309084
16094	dbz	2308696
16095	modeled	2307095
16096	erica	2307054
16097	malaga	2306599
16098	rainforest	2305867
16099	federally	2305397
16100	sustaining	2305240
16101	macos	2305222
16102	repaired	2304344
16103	diocese	2304337
16104	francois	2304303
16105	obituary	2304274
16106	multinational	2304039
16107	painters	2303826
16108	thistle	2303759
16109	pornstars	2303730
16110	tem	2303587
16111	sleepy	2303460
16112	nope	2303364
16113	footnotes	2303110
16114	evo	2302762
16115	rupert	2302587
16116	shrine	2302579
16117	aspirin	2302297
16118	purified	2302093
16119	striving	2301814
16120	dire	2301525
16121	attendant	2301496
16122	gull	2301164
16123	jour	2301146
16124	mir	2301062
16125	spoilers	2300642
16126	northumberland	2300514
16127	machining	2300268
16128	malibu	2300139
16129	memoir	2299845
16130	betsy	2299580
16131	gatwick	2299263
16132	shaun	2299131
16133	redundancy	2299058
16134	meredith	2298941
16135	fauna	2298940
16136	cliffs	2298828
16137	hayden	2298803
16138	emo	2298484
16139	roadside	2298262
16140	smells	2298156
16141	dispose	2298026
16142	detox	2297343
16143	waking	2297304
16144	feathers	2297128
16145	skateboard	2296744
16146	reflex	2296477
16147	falcons	2296397
16148	automate	2296259
16149	drosophila	2295980
16150	branson	2295775
16151	spurs	2295629
16152	sion	2295561
16153	ortho	2295530
16154	crashed	2295284
16155	appraisals	2294795
16156	travelled	2294125
16157	urgency	2294018
16158	flashes	2293952
16159	lakewood	2293545
16160	gould	2293519
16161	brit	2293348
16162	drupal	2293176
16163	prac	2292270
16164	eliza	2292065
16165	carers	2291799
16166	kramer	2291542
16167	graduating	2291215
16168	rims	2291023
16169	harmonic	2290965
16170	usaid	2290937
16171	darts	2290842
16172	idc	2290381
16173	shin	2288964
16174	intriguing	2288807
16175	keypad	2288563
16176	flaw	2288130
16177	richland	2287832
16178	tails	2287798
16179	emulator	2287776
16180	microbial	2287718
16181	discarded	2287290
16182	bibles	2287235
16183	hangs	2287111
16184	adc	2286745
16185	caregivers	2286636
16186	joanna	2286620
16187	quark	2286617
16188	zyban	2286514
16189	synonyms	2286036
16190	electronica	2285879
16191	stranded	2285325
16192	mitochondrial	2284771
16193	horton	2284621
16194	dolce	2283881
16195	hercules	2283618
16196	pane	2282782
16197	browning	2282546
16198	angular	2282356
16199	veins	2282346
16200	folds	2282227
16201	grinder	2281990
16202	angie	2281695
16203	sneak	2280877
16204	octet	2280607
16205	wj	2280571
16206	incorrectly	2280414
16207	avoidance	2280365
16208	cre	2279903
16209	dinosaurs	2279772
16210	sauces	2279536
16211	conquer	2279399
16212	mccoy	2278977
16213	probabilities	2278966
16214	vibe	2278741
16215	immortal	2278011
16216	mariners	2278010
16217	snapshots	2278001
16218	ubc	2277610
16219	endeavor	2277610
16220	creole	2277595
16221	mateo	2277443
16222	meth	2277432
16223	trendy	2277368
16224	teas	2277290
16225	settling	2277106
16226	inpatient	2276012
16227	filming	2275985
16228	badger	2275812
16229	mohammed	2275767
16230	saturdays	2275210
16231	partisan	2275007
16232	fread	2274959
16233	backend	2274904
16234	pri	2274142
16235	gratitude	2274093
16236	impress	2274015
16237	willy	2273954
16238	anon	2273948
16239	eminent	2273923
16240	ribs	2273552
16241	communicated	2273387
16242	exceptionally	2272954
16243	quilts	2272852
16244	cartier	2272834
16245	ageing	2272736
16246	splits	2272659
16247	subscribing	2272477
16248	companions	2272408
16249	cheques	2272318
16250	containment	2272292
16251	keynes	2272159
16252	protections	2271529
16253	edith	2271217
16254	aliases	2270764
16255	maximizing	2270543
16256	screwed	2270111
16257	handsfree	2270111
16258	tomcat	2269978
16259	magna	2269919
16260	walmart	2269839
16261	sectional	2269463
16262	interestingly	2268970
16263	fashionable	2268946
16264	polly	2268880
16265	tidal	2268649
16266	jules	2268604
16267	ballots	2268477
16268	hog	2268262
16269	ernie	2268175
16270	testify	2268094
16271	poole	2267945
16272	boycott	2267945
16273	elem	2267792
16274	vitality	2267737
16275	clerks	2267600
16276	crust	2267452
16277	bothered	2267322
16278	traverse	2266937
16279	vengeance	2266642
16280	organisers	2266464
16281	dolly	2266400
16282	pissed	2266238
16283	garrison	2265953
16284	nite	2265820
16285	sal	2265728
16286	barb	2265716
16287	mckenzie	2265454
16288	lenox	2265277
16289	huns	2264946
16290	miner	2264812
16291	fashions	2264509
16292	darussalam	2264458
16293	genital	2264034
16294	mcse	2263790
16295	barr	2263617
16296	analogy	2263449
16297	insomnia	2263184
16298	constituent	2263143
16299	aura	2263012
16300	cecil	2262884
16301	sponge	2262717
16302	cajun	2262690
16303	csu	2262407
16304	algebraic	2262216
16305	sect	2262094
16306	astm	2262090
16307	diner	2261961
16308	anticipation	2261724
16309	enduring	2261346
16310	scarborough	2260919
16311	kristen	2260739
16312	regis	2260707
16313	fsa	2260599
16314	winters	2260458
16315	nous	2259869
16316	explosives	2259785
16317	mound	2259654
16318	xiv	2259150
16319	backgammon	2259134
16320	sgd	2258779
16321	ox	2258722
16322	chromatography	2258524
16323	overdose	2258473
16324	nad	2257673
16325	gallagher	2257606
16326	snatch	2256983
16327	mueller	2256736
16328	mole	2256537
16329	obs	2256448
16330	owed	2256361
16331	ethan	2256315
16332	cao	2256157
16333	ladyboys	2256044
16334	orgasms	2254938
16335	plantronics	2254579
16336	ftd	2254313
16337	kissed	2254272
16338	buff	2254017
16339	freezers	2253962
16340	butcher	2253885
16341	psalms	2253800
16342	rum	2253411
16343	ibiza	2252881
16344	reese	2252849
16345	chefs	2252629
16346	engraving	2252004
16347	digimon	2251909
16348	constituted	2251515
16349	gastrointestinal	2251383
16350	hamlet	2251257
16351	inspiron	2251075
16352	pagerank	2250150
16353	asm	2249397
16354	smb	2249340
16355	contrib	2249276
16356	clad	2247938
16357	excursion	2247674
16358	blu	2247636
16359	matlab	2247606
16360	inverness	2247568
16361	orb	2247433
16362	grange	2247323
16363	netware	2247250
16364	bse	2246795
16365	megapixels	2246607
16366	resigned	2246288
16367	retriever	2245974
16368	fled	2245856
16369	svalbard	2245782
16370	enriched	2245731
16371	harrington	2245726
16372	brandy	2245535
16373	swings	2245409
16374	pixar	2245356
16375	scion	2245350
16376	elle	2245279
16377	reptiles	2245176
16378	dhtml	2245117
16379	vortex	2244809
16380	swallowing	2244613
16381	winme	2244593
16382	purses	2244577
16383	bodily	2243749
16384	func	2243133
16385	xiii	2242100
16386	awe	2241800
16387	gamespy	2241756
16388	beaumont	2241669
16389	standalone	2241569
16390	australasia	2241262
16391	mandy	2240981
16392	hoods	2240850
16393	antitrust	2240438
16394	equine	2240303
16395	bros	2240209
16396	fireplaces	2240184
16397	proto	2240138
16398	jared	2240128
16399	requisite	2239862
16400	retrospective	2239656
16401	emphasizes	2238517
16402	lizard	2238343
16403	hawthorne	2238309
16404	tehran	2238223
16405	bouquets	2237840
16406	dal	2237668
16407	wears	2237421
16408	anesthesia	2237242
16409	shropshire	2237118
16410	baja	2236983
16411	filemaker	2236982
16412	regal	2236787
16413	safeguards	2236324
16414	cabbage	2235882
16415	cub	2235775
16416	libtool	2235715
16417	wrongful	2235339
16418	spectator	2235338
16419	arrests	2235121
16420	circumstance	2235074
16421	signage	2234537
16422	numbering	2233841
16423	psy	2233577
16424	encode	2233497
16425	admins	2233477
16426	moc	2233182
16427	dau	2233093
16428	alvin	2232995
16429	accolades	2232640
16430	raton	2232513
16431	sliced	2232434
16432	reproductions	2232254
16433	stefani	2231933
16434	infertility	2231925
16435	byrd	2231903
16436	sidewalk	2231882
16437	prob	2231681
16438	breaker	2231387
16439	curly	2231026
16440	servlet	2230813
16441	alberto	2230679
16442	collage	2230355
16443	asserted	2230343
16444	aces	2229921
16445	depeche	2229861
16446	benchmarking	2229563
16447	jealous	2229501
16448	refinement	2229226
16449	durban	2228830
16450	learnt	2228719
16451	xxl	2228696
16452	hound	2228633
16453	squirrel	2228308
16454	teleflora	2228291
16455	concealed	2228233
16456	bankruptcies	2228091
16457	gauges	2227826
16458	blueprint	2227312
16459	mccain	2227162
16460	spiderman	2227007
16461	bridging	2226960
16462	wharf	2226856
16463	rhythms	2226659
16464	departures	2226525
16465	flick	2226500
16466	datum	2226219
16467	shotgun	2225854
16468	stimulated	2225851
16469	chickens	2225835
16470	canceled	2225251
16471	langley	2224871
16472	briggs	2224709
16473	cheyenne	2224473
16474	empowering	2224072
16475	lug	2223791
16476	ymca	2223769
16477	surveyor	2222995
16478	facilitator	2222990
16479	bos	2222737
16480	macworld	2222694
16481	wwf	2222487
16482	maize	2222076
16483	galveston	2222053
16484	extinction	2221990
16485	unaware	2221929
16486	rockville	2221708
16487	banff	2221531
16488	discretionary	2221521
16489	smc	2221367
16490	ry	2220156
16491	lq	2220048
16492	psalm	2220027
16493	serv	2219850
16494	ipo	2219587
16495	tek	2219164
16496	scented	2218936
16497	ipc	2218670
16498	timestamp	2218211
16499	musica	2217824
16500	bib	2217795
16501	gowns	2217657
16502	stevie	2216763
16503	spying	2216698
16504	nicholson	2216571
16505	rivera	2216114
16506	dermatology	2215849
16507	lied	2215843
16508	ek	2215583
16509	sandbox	2215370
16510	bloc	2215168
16511	mdt	2215115
16512	pinkworld	2215014
16513	cambridgeshire	2214799
16514	premiership	2214457
16515	luton	2214453
16516	recurrent	2214373
16517	talbot	2214323
16518	conftest	2214183
16519	leaks	2214133
16520	tam	2214121
16521	recursive	2213452
16522	swell	2213445
16523	obstacle	2213426
16524	ville	2213387
16525	registerregister	2213199
16526	fluorescence	2212938
16527	kosher	2212803
16528	mantle	2212731
16529	additives	2212673
16530	chico	2212526
16531	driveway	2212347
16532	irony	2212193
16533	gesture	2211952
16534	fairbanks	2211487
16535	parfum	2211114
16536	marketed	2210881
16537	armies	2210841
16538	hy	2210828
16539	hugs	2209967
16540	greenfield	2209164
16541	santos	2209111
16542	owls	2208765
16543	mandrake	2208765
16544	cutters	2208709
16545	camper	2208353
16546	acquires	2207920
16547	cpr	2207694
16548	ceased	2207677
16549	merging	2207630
16550	plaques	2207525
16551	breadth	2207395
16552	mammoth	2207269
16553	liquidity	2207213
16554	convictions	2206377
16555	lasik	2206093
16556	intentional	2206039
16557	galactic	2205825
16558	sophia	2205688
16559	merchandising	2205545
16560	prohibits	2204849
16561	ombudsman	2204623
16562	innings	2204569
16563	registrant	2204494
16564	reorganization	2204091
16565	pronunciation	2203941
16566	firefighters	2203597
16567	placements	2202980
16568	ih	2202963
16569	concession	2202890
16570	measurable	2202880
16571	elec	2202818
16572	ami	2202799
16573	parcels	2202732
16574	pastry	2202621
16575	manners	2202352
16576	levin	2202321
16577	academia	2202285
16578	amiga	2201683
16579	phosphorus	2201635
16580	viper	2201559
16581	descriptor	2201540
16582	hid	2201472
16583	volcanic	2201241
16584	gypsy	2201227
16585	thieves	2201031
16586	preaching	2200846
16587	pimp	2200611
16588	repeal	2200528
16589	gimp	2200267
16590	uncovered	2200137
16591	hemp	2200098
16592	eileen	2199805
16593	proficient	2199374
16594	pelican	2199254
16595	cyclic	2199045
16596	swimsuit	2199038
16597	apocalypse	2198730
16598	morphology	2198704
16599	versace	2198224
16600	printprinter	2198208
16601	cousins	2197809
16602	discharges	2197331
16603	giorgio	2196662
16604	condom	2196416
16605	admire	2196307
16606	westerns	2196151
16607	nk	2195558
16608	dodgers	2195501
16609	litre	2195204
16610	poured	2195144
16611	usefulness	2194801
16612	unsolicited	2194503
16613	binds	2193939
16614	unveiled	2193279
16615	correlations	2193131
16616	burt	2193104
16617	titus	2193051
16618	textual	2192863
16619	suffix	2192739
16620	handsets	2192653
16621	installment	2192474
16622	gandhi	2192142
16623	spindle	2192023
16624	heavens	2191944
16625	inks	2191859
16626	wink	2191452
16627	diarrhea	2191254
16628	seahawks	2191248
16629	mister	2191168
16630	rounding	2191014
16631	inorganic	2190780
16632	flare	2190533
16633	scholastic	2190315
16634	wight	2190271
16635	mondays	2189977
16636	withholding	2189743
16637	insertions	2188802
16638	itk	2188783
16639	kms	2188696
16640	couture	2188659
16641	foliage	2188270
16642	nod	2188223
16643	ocr	2187412
16644	ativan	2187364
16645	fife	2186988
16646	generals	2186641
16647	crank	2185208
16648	goats	2184919
16649	autographs	2184662
16650	summarize	2184649
16651	stub	2184616
16652	fundamentally	2184344
16653	creamy	2184127
16654	exposition	2184050
16655	savesave	2183549
16656	rains	2183544
16657	buckley	2183416
16658	middleton	2183377
16659	laminated	2183151
16660	organise	2183137
16661	citrix	2183073
16662	tort	2182973
16663	brace	2182960
16664	backups	2182568
16665	novelties	2182172
16666	turismo	2182123
16667	gigantic	2182100
16668	abdul	2181993
16669	sheldon	2181491
16670	ryder	2181395
16671	animalsex	2181106
16672	mayhem	2180898
16673	washers	2180888
16674	grep	2180883
16675	xeon	2180577
16676	polymerase	2180425
16677	optimisation	2180387
16678	octave	2180280
16679	struts	2180214
16680	easyshare	2180048
16681	cvsroot	2179905
16682	ud	2179361
16683	suppress	2179050
16684	harding	2178980
16685	dams	2178745
16686	deserved	2178581
16687	violates	2178320
16688	joplin	2178089
16689	dialup	2177773
16690	nx	2177712
16691	thn	2177684
16692	rutherford	2177326
16693	afro	2177296
16694	separates	2177004
16695	proofs	2176910
16696	precedent	2176695
16697	biosynthesis	2176610
16698	prosecutors	2176534
16699	confirming	2176371
16700	garth	2176273
16701	nolan	2175918
16702	alloys	2175171
16703	mach	2174764
16704	getaways	2174538
16705	facilitated	2174363
16706	miquelon	2174353
16707	paolo	2174306
16708	metaphor	2174119
16709	bridget	2174095
16710	wonderland	2173907
16711	infusion	2173865
16712	jessie	2173750
16713	organising	2173646
16714	zine	2172576
16715	conn	2172390
16716	truman	2172356
16717	argus	2172332
16718	jin	2171963
16719	mango	2171900
16720	spur	2171795
16721	jubilee	2171646
16722	landmarks	2171203
16723	polite	2171161
16724	sith	2171122
16725	thigh	2171107
16726	asynchronous	2169827
16727	paving	2169814
16728	cyclone	2169364
16729	perennial	2169281
16730	carla	2169262
16731	jacqueline	2169107
16732	seventeen	2168961
16733	messageslog	2168653
16734	meats	2168286
16735	clearinghouse	2168182
16736	wie	2167727
16737	dwi	2167694
16738	bulldog	2167341
16739	cleavage	2166872
16740	analysed	2166678
16741	uma	2166436
16742	gradual	2166399
16743	brethren	2165812
16744	facilitates	2165802
16745	embodiment	2165658
16746	specialised	2165541
16747	ramones	2165534
16748	everquest	2165502
16749	violating	2165306
16750	recruited	2164551
16751	bernstein	2164550
16752	skis	2164527
16753	calc	2164428
16754	marketers	2164086
16755	toilette	2163893
16756	trailing	2163754
16757	pact	2163660
16758	itc	2163514
16759	lipstick	2163155
16760	honourable	2163115
16761	lulu	2162895
16762	windy	2162674
16763	brennan	2162600
16764	kpx	2162576
16765	punished	2162545
16766	saturation	2162437
16767	stamford	2162402
16768	alamo	2162395
16769	chronology	2161984
16770	mastery	2161704
16771	thermometer	2161420
16772	cranberry	2161233
16773	kan	2160933
16774	downhill	2160921
16775	vita	2160856
16776	comcast	2160724
16777	hyderabad	2160319
16778	steer	2159937
16779	nesting	2159830
16780	vogue	2159792
16781	aired	2159611
16782	attn	2159197
16783	spaghetti	2158989
16784	outward	2158902
16785	whisper	2158715
16786	ipswich	2158648
16787	tues	2158542
16788	boogie	2157978
16789	abramoff	2157654
16790	ean	2157566
16791	fla	2156973
16792	compromised	2156859
16793	utilizes	2156760
16794	confession	2156622
16795	deprived	2155999
16796	benedict	2155897
16797	lesbos	2155731
16798	vodka	2155662
16799	molding	2154964
16800	zaire	2154891
16801	fasteners	2154203
16802	bricks	2154059
16803	communism	2153825
16804	leopard	2153753
16805	sakai	2152556
16806	lk	2152217
16807	flowering	2151998
16808	wig	2151939
16809	jingle	2151886
16810	bounty	2151873
16811	arcadia	2151851
16812	fishes	2151535
16813	ringing	2151327
16814	knobs	2151258
16815	taurus	2150339
16816	rajasthan	2150315
16817	whiskey	2149429
16818	absurd	2148981
16819	committing	2148886
16820	tolerant	2148096
16821	stoves	2147560
16822	inlog	2147095
16823	enactment	2146865
16824	laminate	2146858
16825	earring	2146830
16826	aggregator	2146684
16827	datatype	2146632
16828	embryo	2146623
16829	postnuke	2146008
16830	ska	2145956
16831	nora	2144854
16832	salts	2144773
16833	marietta	2144747
16834	ergonomic	2144410
16835	furious	2144253
16836	dma	2144078
16837	iteration	2144069
16838	vida	2143531
16839	ceilings	2143491
16840	dispenser	2143467
16841	respecting	2143341
16842	sme	2142571
16843	approving	2142483
16844	kp	2142476
16845	unsafe	2142475
16846	refills	2141889
16847	ibis	2141847
16848	yyyy	2141806
16849	separating	2141749
16850	soups	2141445
16851	residing	2141368
16852	unidentified	2141331
16853	atl	2141257
16854	richie	2141057
16855	markings	2140739
16856	ims	2140644
16857	moist	2140516
16858	tractors	2140424
16859	trina	2140397
16860	drained	2139571
16861	vx	2139418
16862	spp	2139409
16863	coed	2139346
16864	audiobooks	2139009
16865	mule	2138641
16866	cummings	2138422
16867	sheikh	2138230
16868	gk	2137884
16869	hernandez	2137755
16870	kiwi	2137471
16871	ohm	2137321
16872	cessation	2137188
16873	truste	2137009
16874	append	2136979
16875	motive	2136857
16876	pests	2136804
16877	acreage	2136630
16878	seasoned	2136568
16879	sunflower	2136497
16880	duel	2136368
16881	mfc	2136307
16882	fingerprint	2136190
16883	bernardino	2135797
16884	stocked	2135627
16885	sorority	2135042
16886	bethel	2134879
16887	entre	2134677
16888	audition	2134610
16889	mca	2134338
16890	plano	2134185
16891	nmr	2133501
16892	sunderland	2133327
16893	doris	2132988
16894	motives	2132803
16895	reinforcement	2132508
16896	dwight	2132409
16897	lortab	2131877
16898	leveraging	2131493
16899	psychotherapy	2131314
16900	provost	2131303
16901	mso	2131250
16902	guessing	2131003
16903	htm	2130942
16904	stokes	2130793
16905	lakers	2130619
16906	ats	2130612
16907	saxophone	2130007
16908	cocktails	2129998
16909	tal	2129892
16910	mead	2129480
16911	harlem	2129282
16912	throttle	2129057
16913	steroid	2128756
16914	gong	2128445
16915	ber	2128430
16916	communicator	2128091
16917	horticulture	2128038
16918	dhs	2128002
16919	resets	2127923
16920	util	2127904
16921	sympathetic	2127529
16922	fridays	2127464
16923	ordinator	2127456
16924	bono	2127384
16925	isolate	2127204
16926	unconscious	2126950
16927	bays	2126514
16928	acronym	2125641
16929	veritas	2125379
16930	faulty	2125277
16931	affidavit	2125205
16932	breathtaking	2124735
16933	streamline	2124680
16934	crowne	2124457
16935	messiah	2124191
16936	brunch	2123970
16937	infamous	2123711
16938	pundit	2123572
16939	pleasing	2123373
16940	seizures	2123353
16941	appealed	2123326
16942	figurine	2123179
16943	surveyors	2123090
16944	mutants	2123025
16945	cyberspace	2122840
16946	tenacious	2122528
16947	expiry	2122063
16948	exif	2121734
16949	waterfall	2121717
16950	sensual	2121425
16951	persecution	2121168
16952	goldman	2120965
16953	petit	2120813
16954	burgess	2120777
16955	msu	2120248
16956	inning	2119847
16957	gaze	2119763
16958	fries	2119656
16959	chlorine	2119419
16960	freshly	2119331
16961	initialize	2119091
16962	tlc	2118697
16963	saxon	2118651
16964	cabo	2118507
16965	rye	2118455
16966	sybase	2118391
16967	isabella	2117892
16968	foundry	2117706
16969	toxicology	2117705
16970	mpls	2117595
16971	monies	2117267
16972	bodybuilding	2117113
16973	fta	2116919
16974	assassination	2116496
16975	nostalgia	2115900
16976	remarkably	2115679
16977	acetate	2115668
16978	pointe	2114811
16979	stall	2114252
16980	pls	2114116
16981	deere	2113985
16982	bmx	2113172
16983	saratoga	2113061
16984	entirety	2112980
16985	destined	2112859
16986	marcel	2112634
16987	terminator	2112514
16988	lad	2112499
16989	hulk	2112390
16990	badminton	2111283
16991	cyan	2111144
16992	ora	2111128
16993	cory	2111050
16994	bal	2110992
16995	flores	2110181
16996	olivier	2109998
16997	portage	2109768
16998	stacey	2109729
16999	serif	2109334
17000	dwellings	2109333
17001	informing	2108822
17002	yellowstone	2108731
17003	portability	2107820
17004	characterize	2107717
17005	ricardo	2107700
17006	yourselves	2107575
17007	fsb	2106549
17008	yearbook	2106514
17009	rotterdam	2106095
17010	lubricants	2106029
17011	cns	2105883
17012	hv	2105773
17013	alameda	2105485
17014	aerosol	2105024
17015	mlm	2104801
17016	clemson	2104654
17017	hostage	2103928
17018	cracker	2103875
17019	anglican	2103871
17020	monks	2103722
17021	compliment	2103716
17022	camino	2103573
17023	storey	2103431
17024	scotch	2103280
17025	sermons	2103017
17026	goin	2102702
17027	philly	2102437
17028	remembers	2102056
17029	coolers	2101965
17030	multilateral	2101916
17031	freddie	2101786
17032	contention	2101748
17033	costello	2101592
17034	audited	2100803
17035	juliet	2100455
17036	adjunct	2100139
17037	guernsey	2099491
17038	galore	2099185
17039	aloha	2099181
17040	dehydrogenase	2098738
17041	bangor	2098667
17042	persia	2098507
17043	aq	2098412
17044	gx	2097990
17045	axes	2097942
17046	postfix	2097877
17047	stirring	2097850
17048	fj	2097664
17049	altavista	2097647
17050	wil	2097363
17051	haze	2097119
17052	pits	2096761
17053	exponential	2096725
17054	utter	2096533
17055	shi	2096174
17056	bottled	2095983
17057	ants	2095946
17058	gev	2095907
17059	gastric	2095401
17060	secretarial	2095099
17061	influencing	2094933
17062	rents	2094682
17063	christy	2094560
17064	theirs	2094103
17065	mattresses	2093868
17066	todays	2093247
17067	donovan	2093243
17068	lax	2093131
17069	toaster	2092936
17070	cater	2092828
17071	colts	2092808
17072	omb	2092493
17073	rehearsal	2092470
17074	strauss	2092320
17075	reputable	2092298
17076	wei	2092089
17077	bac	2091886
17078	tuck	2091789
17079	rei	2091264
17080	slab	2091074
17081	lure	2090646
17082	kart	2090634
17083	ren	2090330
17084	cpl	2090322
17085	sbs	2090228
17086	archbishop	2090110
17087	putin	2090056
17088	questionnaires	2089908
17089	ling	2089684
17090	incompatible	2089664
17091	emblem	2089468
17092	profileprofile	2088913
17093	roadway	2088681
17094	overlapping	2088603
17095	serials	2088560
17096	walters	2088305
17097	dunes	2088285
17098	equivalence	2087946
17099	murders	2087692
17100	vaughn	2087574
17101	aviv	2087465
17102	miserable	2087452
17103	unsuccessful	2087199
17104	condominiums	2087162
17105	decorate	2087154
17106	appleton	2087092
17107	bottoms	2086781
17108	revocation	2086612
17109	vomiting	2086485
17110	chesterfield	2086291
17111	exposing	2085985
17112	pea	2085825
17113	tubs	2085601
17114	simulate	2085384
17115	schematic	2085298
17116	liposuction	2085127
17117	medina	2085061
17118	swf	2084600
17119	apoptosis	2083989
17120	thankful	2083939
17121	pneumatic	2083855
17122	alaskan	2083811
17123	friedrich	2083416
17124	sniper	2083413
17125	vertices	2083014
17126	elephants	2082778
17127	pinch	2082769
17128	additive	2081681
17129	professionalism	2081396
17130	libertarian	2081230
17131	rus	2080985
17132	flynn	2080599
17133	washable	2080531
17134	normalized	2079769
17135	uninstall	2079705
17136	scopes	2079413
17137	fundraiser	2079383
17138	braces	2079192
17139	troll	2079165
17140	calhoun	2079074
17141	teamwork	2078965
17142	deficient	2078834
17143	auditions	2078655
17144	refrigerators	2078580
17145	redirected	2078154
17146	annotations	2078019
17147	middletown	2078004
17148	filth	2077997
17149	moderation	2077347
17150	widgets	2077257
17151	worrying	2077211
17152	ontology	2077123
17153	timberland	2077070
17154	mags	2077030
17155	outrageous	2077025
17156	kraft	2076875
17157	videogames	2076833
17158	concluding	2076732
17159	vallarta	2076037
17160	blackboard	2075979
17161	chopper	2075817
17162	nitrate	2075633
17163	pinball	2075051
17164	pharmacists	2074882
17165	skates	2074563
17166	surcharge	2074485
17167	tbd	2074334
17168	comstock	2073640
17169	hers	2073030
17170	grin	2072855
17171	ipb	2072751
17172	latvian	2072711
17173	asu	2072567
17174	footprint	2072054
17175	installs	2071537
17176	malware	2071152
17177	tunnels	2070886
17178	crises	2070725
17179	trillion	2070561
17180	tsn	2070351
17181	comforter	2070250
17182	cashmere	2070228
17183	heavier	2070219
17184	nguyen	2070173
17185	meteorological	2070017
17186	spit	2069895
17187	labelled	2069889
17188	darker	2069829
17189	salomon	2069393
17190	horsepower	2068922
17191	globes	2068693
17192	algae	2068644
17193	sarbanes	2068580
17194	alcoholism	2068409
17195	dissent	2068302
17196	bdd	2067818
17197	csc	2067657
17198	maximal	2067611
17199	daly	2067511
17200	prenatal	2067285
17201	documenting	2067028
17202	scooby	2066885
17203	choral	2066632
17204	unrestricted	2066478
17205	happenings	2066040
17206	moby	2065962
17207	leicestershire	2065806
17208	neu	2065780
17209	contempt	2065319
17210	socialism	2065289
17211	hem	2064628
17212	leds	2064034
17213	mcbride	2063719
17214	edible	2063618
17215	anarchy	2063597
17216	arden	2063576
17217	clicked	2063357
17218	ineffective	2063276
17219	scorecard	2062533
17220	gln	2062418
17221	beirut	2062273
17222	drawers	2061328
17223	byrne	2060883
17224	conditioners	2060563
17225	acme	2060278
17226	leakage	2060270
17227	culturally	2059882
17228	ilug	2059669
17229	shady	2059463
17230	chemist	2059417
17231	evenly	2059380
17232	janitorial	2059299
17233	reclamation	2058885
17234	rove	2058665
17235	propane	2058626
17236	appendices	2058615
17237	collagen	2058332
17238	lionel	2058317
17239	praised	2058171
17240	rhymes	2057587
17241	blizzard	2057566
17242	erect	2057313
17243	gj	2057256
17244	nigerian	2057201
17245	refining	2057173
17246	concessions	2057023
17247	ect	2056954
17248	commandments	2056927
17249	malone	2056804
17250	confront	2056392
17251	sto	2056298
17252	vests	2056167
17253	lydia	2055299
17254	coyote	2055263
17255	makeover	2055242
17256	breeder	2055219
17257	electrode	2054669
17258	esc	2054520
17259	dragonball	2054347
17260	chow	2054077
17261	stp	2053839
17262	cookbooks	2053703
17263	pollen	2053694
17264	drunken	2053197
17265	mot	2052874
17266	avis	2052817
17267	valet	2052690
17268	spoiler	2052657
17269	cheng	2052211
17270	ari	2051728
17271	avr	2051178
17272	lamborghini	2050914
17273	polarized	2050842
17274	shrubs	2050241
17275	watering	2050112
17276	baroque	2050077
17277	ppt	2050070
17278	barrow	2049454
17279	eliot	2049290
17280	jung	2048884
17281	jihad	2048833
17282	transporting	2048610
17283	sharepoint	2048553
17284	rifles	2048020
17285	cts	2047919
17286	abit	2047773
17287	posterior	2047718
17288	aria	2047712
17289	elgin	2047683
17290	excise	2047155
17291	poetic	2047062
17292	abnormalities	2046863
17293	mortar	2046739
17294	qtr	2046531
17295	blamed	2046530
17296	rae	2046470
17297	recommending	2046455
17298	inmate	2046395
17299	dirk	2045987
17300	posture	2045913
17301	thereon	2045762
17302	valleys	2045542
17303	declaring	2045168
17304	blogshares	2044764
17305	motorsport	2044569
17306	septic	2044503
17307	commencing	2044467
17308	armada	2044394
17309	wrench	2044382
17310	thanked	2044216
17311	citroen	2044109
17312	arranging	2043604
17313	thrilled	2043399
17314	gz	2043349
17315	bas	2042968
17316	predicts	2042913
17317	amelia	2042715
17318	palmone	2042628
17319	jonah	2042513
17320	expedited	2042174
17321	discomfort	2041894
17322	curricula	2041759
17323	scar	2041756
17324	indictment	2041547
17325	apology	2041402
17326	wmd	2041245
17327	pms	2041156
17328	raped	2040735
17329	collars	2040558
17330	configurable	2040497
17331	andover	2040416
17332	denon	2040332
17333	sloan	2040295
17334	pudding	2040237
17335	flawed	2040094
17336	cfs	2040025
17337	checkpoint	2040010
17338	rosenberg	2039748
17339	ffi	2039721
17340	plato	2039668
17341	examiners	2039353
17342	salzburg	2039250
17343	iriver	2038924
17344	rot	2038597
17345	callaway	2038597
17346	tcm	2038565
17347	possesses	2038087
17348	dorm	2037885
17349	squared	2037543
17350	needless	2037409
17351	pies	2036827
17352	lakeside	2036381
17353	marquette	2036329
17354	palma	2035402
17355	barnett	2035309
17356	interconnection	2035162
17357	gilmore	2034986
17358	prc	2034927
17359	ther	2034749
17360	heterogeneous	2034451
17361	taxis	2034449
17362	hates	2034161
17363	aspirations	2034151
17364	gamefaqs	2034121
17365	fences	2033711
17366	excavation	2033197
17367	cookers	2032956
17368	luckily	2032217
17369	ultraviolet	2032114
17370	rutland	2031798
17371	lighted	2031416
17372	pneumonia	2031182
17373	monastery	2031139
17374	afc	2030457
17375	erected	2030236
17376	expresses	2030197
17377	haitian	2029984
17378	dialing	2029895
17379	migrate	2029846
17380	unicef	2028697
17381	carton	2028105
17382	lorraine	2028082
17383	councillors	2027884
17384	identifiers	2027762
17385	hague	2027435
17386	mentors	2026897
17387	transforms	2026401
17388	ammonia	2026351
17389	steiner	2026256
17390	licensure	2026109
17391	roxy	2026103
17392	outlaw	2025935
17393	tammy	2025634
17394	saws	2025375
17395	bovine	2025195
17396	tz	2025178
17397	dislike	2025063
17398	systematically	2024800
17399	ogden	2024597
17400	interruption	2024412
17401	demi	2024352
17402	imminent	2023614
17403	madam	2023575
17404	tights	2023147
17405	compelled	2023097
17406	criticized	2022870
17407	hypertext	2022676
17408	dcs	2022676
17409	soybean	2022297
17410	electra	2021948
17411	affirmed	2021161
17412	posix	2020927
17413	communal	2020689
17414	landlords	2020341
17415	brewers	2020281
17416	emu	2020275
17417	libby	2019919
17418	seite	2019463
17419	dynamite	2019294
17420	tease	2019275
17421	motley	2019182
17422	mci	2018864
17423	aroma	2018777
17424	pierced	2018684
17425	translates	2018620
17426	mais	2018544
17427	retractable	2018290
17428	cognition	2018120
17429	quickbooks	2018051
17430	cain	2017996
17431	townhouse	2017964
17432	verona	2017675
17433	stormwater	2017487
17434	syn	2017477
17435	sgi	2017460
17436	delegated	2017165
17437	coco	2016752
17438	chatting	2016434
17439	punish	2016120
17440	fishermen	2016086
17441	pipelines	2015779
17442	conforming	2015526
17443	causal	2015266
17444	rudy	2014882
17445	stringent	2014881
17446	rowan	2014844
17447	tia	2014530
17448	assigning	2014457
17449	dwell	2014411
17450	hacked	2013975
17451	inaugural	2013884
17452	awkward	2013836
17453	congrats	2013725
17454	msds	2013623
17455	weaving	2013543
17456	metropolis	2013253
17457	arafat	2013098
17458	srl	2012900
17459	psychologists	2012725
17460	diligence	2012672
17461	stair	2012524
17462	splitter	2012361
17463	dine	2012279
17464	wai	2011508
17465	standardization	2011213
17466	enforcing	2011186
17467	lakeland	2011077
17468	thiscategory	2011015
17469	classy	2010936
17470	struggled	2010667
17471	lookout	2010468
17472	arterial	2010430
17473	injustice	2010049
17474	mystical	2009920
17475	acxiom	2009879
17476	triathlon	2009762
17477	ironing	2009586
17478	kbytes	2009071
17479	thx	2008850
17480	commanded	2008832
17481	woodlands	2007640
17482	guardians	2007578
17483	manifesto	2007273
17484	slap	2007220
17485	jaws	2007131
17486	textured	2007120
17487	finn	2007078
17488	doppler	2006820
17489	pedestal	2006553
17490	entropy	2006551
17491	widening	2006534
17492	snooker	2005679
17493	unleashed	2005394
17494	underwood	2005381
17495	saline	2005218
17496	sonny	2004845
17497	longevity	2004715
17498	paw	2004599
17499	lux	2004493
17500	isabel	2004448
17501	nairobi	2004096
17502	sterile	2004050
17503	importer	2003477
17504	isl	2003376
17505	orioles	2003354
17506	botany	2003091
17507	dissolution	2003049
17508	rotor	2003039
17509	pauline	2003029
17510	quart	2002127
17511	theres	2002045
17512	bison	2002028
17513	suppressed	2002016
17514	allegro	2001576
17515	materially	2000903
17516	cit	2000858
17517	amor	2000838
17518	xvi	2000795
17519	fungi	2000715
17520	phyllis	2000386
17521	ttl	2000227
17522	dreamy	2000147
17523	bengal	1999971
17524	backstage	1999908
17525	scrolls	1999835
17526	awakening	1999637
17527	qq	1998977
17528	fairies	1998301
17529	prescribe	1998175
17530	lubbock	1998043
17531	greed	1997460
17532	nominate	1997305
17533	sparkle	1997295
17534	autograph	1997100
17535	suvs	1997046
17536	bmp	1997020
17537	migrating	1996478
17538	gasket	1996432
17539	refrain	1996424
17540	lastly	1996311
17541	overcoming	1996216
17542	wander	1996154
17543	kona	1995840
17544	relieved	1995685
17545	firearm	1995529
17546	dss	1995347
17547	luc	1995235
17548	elena	1994964
17549	bam	1994832
17550	closures	1994806
17551	participatory	1994106
17552	intermittent	1994067
17553	ante	1993948
17554	micron	1993771
17555	budgetary	1993701
17556	pcos	1993298
17557	vols	1993175
17558	revolving	1993058
17559	ssk	1992416
17560	bundled	1991914
17561	pantie	1991680
17562	bombers	1991459
17563	covert	1991310
17564	crater	1991071
17565	leah	1991022
17566	favored	1990643
17567	bred	1990553
17568	spongebob	1990490
17569	fractional	1990433
17570	markus	1990346
17571	ideological	1990291
17572	fostering	1990009
17573	wellbutrin	1989616
17574	rheumatoid	1989418
17575	thence	1989263
17576	birthplace	1989123
17577	bleed	1989071
17578	reverend	1988924
17579	transmitting	1988592
17580	swindon	1988222
17581	cabernet	1988133
17582	serie	1987888
17583	sek	1987463
17584	neptune	1987289
17585	dsm	1987204
17586	caucasian	1987029
17587	understandable	1986952
17588	shea	1986897
17589	goblet	1986831
17590	doctorate	1986782
17591	binaries	1986777
17592	inventions	1986727
17593	dea	1986635
17594	slovenian	1986617
17595	practicable	1986296
17596	showdown	1986109
17597	simone	1985976
17598	fronts	1985378
17599	ancestor	1985344
17600	russians	1985132
17601	spc	1984949
17602	potentials	1984611
17603	incur	1984112
17604	tempe	1984024
17605	hklm	1983948
17606	cores	1983675
17607	borrowers	1983348
17608	osx	1983123
17609	canonical	1982599
17610	nodded	1982403
17611	confronted	1982279
17612	believer	1982182
17613	bouvet	1982166
17614	multifunction	1982159
17615	australians	1982145
17616	nifty	1981740
17617	declines	1981620
17618	unveils	1981596
17619	peacock	1981500
17620	utmost	1981459
17621	skeletal	1981391
17622	dems	1981283
17623	oahu	1981256
17624	yates	1980900
17625	leroy	1980645
17626	rollover	1980601
17627	infos	1980341
17628	helpers	1979877
17629	lds	1979667
17630	elapsed	1979609
17631	thanx	1979526
17632	anthrax	1979121
17633	academies	1979091
17634	tout	1978808
17635	shockwave	1978764
17636	gre	1978625
17637	imitation	1978554
17638	harvested	1978518
17639	dab	1978263
17640	hopeful	1978152
17641	furnishing	1977961
17642	negatively	1977538
17643	westlife	1977531
17644	residences	1977445
17645	spinach	1977356
17646	bpm	1977162
17647	liquidation	1976877
17648	predecessor	1976404
17649	tamiflu	1976189
17650	cheeks	1976189
17651	hare	1976109
17652	beasts	1975860
17653	touchdown	1975719
17654	planar	1975442
17655	philanthropy	1975441
17656	adequacy	1975306
17657	iomega	1974846
17658	xa	1974728
17659	fetisch	1974600
17660	peanuts	1974558
17661	discovers	1974534
17662	eastman	1974520
17663	franchising	1974199
17664	coppermine	1974158
17665	discard	1974132
17666	cavalry	1974089
17667	ged	1973444
17668	breakers	1973331
17669	quorum	1973172
17670	forwards	1973103
17671	ecard	1972715
17672	prevalent	1972549
17673	plat	1972329
17674	exploits	1972178
17675	ue	1972074
17676	kn	1971771
17677	dukes	1971678
17678	offended	1971454
17679	trimmed	1971349
17680	py	1971270
17681	ferries	1971054
17682	worcestershire	1970957
17683	faqfaq	1970382
17684	bonn	1970357
17685	muller	1970236
17686	prostitution	1970168
17687	mosque	1969984
17688	fudge	1969555
17689	extractor	1969493
17690	horseback	1969441
17691	vested	1969347
17692	terribly	1969093
17693	earnest	1968639
17694	usergroupsusergroups	1968491
17695	svenska	1968158
17696	pcg	1968097
17697	myocardial	1967884
17698	homme	1967874
17699	clancy	1967790
17700	everytime	1967786
17701	callback	1967564
17702	tory	1967098
17703	encompasses	1967049
17704	rossi	1966867
17705	sander	1966734
17706	oldham	1966565
17707	gonzales	1966535
17708	conductivity	1966252
17709	vor	1966243
17710	confederate	1966184
17711	presumed	1966005
17712	annette	1965739
17713	climax	1965596
17714	blending	1965386
17715	atc	1965376
17716	weave	1965230
17717	vicki	1965107
17718	postponed	1964751
17719	danville	1964566
17720	philosophers	1964528
17721	speeding	1964427
17722	creditor	1963758
17723	exits	1963047
17724	pardon	1963040
17725	sedona	1963002
17726	oder	1962972
17727	skateboarding	1962882
17728	lexisnexis	1962739
17729	abby	1962559
17730	deepthroat	1962520
17731	outback	1962517
17732	teller	1962509
17733	mandates	1962363
17734	siena	1962358
17735	reiki	1962162
17736	biopsy	1962155
17737	peptides	1962139
17738	veil	1962101
17739	peck	1961752
17740	custodian	1961690
17741	dante	1961656
17742	lange	1961635
17743	quarry	1960848
17744	seneca	1960810
17745	oceanic	1960760
17746	tres	1960559
17747	helm	1960083
17748	burbank	1959857
17749	festive	1959678
17750	rosen	1959045
17751	awakenings	1959038
17752	pim	1958565
17753	alla	1958469
17754	preserves	1958403
17755	sediments	1957228
17756	appraiser	1957049
17757	smp	1957036
17758	ingram	1956959
17759	gaussian	1956833
17760	hustler	1956791
17761	jess	1956764
17762	tensions	1956635
17763	secretion	1956191
17764	linkages	1956143
17765	separator	1955991
17766	insult	1955836
17767	scraps	1955784
17768	waived	1955721
17769	cured	1955657
17770	schultz	1955591
17771	buggy	1955438
17772	adr	1955427
17773	concordia	1955347
17774	recon	1955124
17775	kennel	1954777
17776	drilled	1954737
17777	fileplanet	1954678
17778	souvenirs	1954524
17779	royals	1954389
17780	prescribing	1954318
17781	slack	1954286
17782	globalisation	1954029
17783	borland	1953653
17784	pastel	1953608
17785	gin	1953412
17786	nottinghamshire	1953320
17787	differentiate	1952913
17788	strollers	1952626
17789	jays	1952519
17790	uninsured	1952489
17791	picasso	1952319
17792	pilgrim	1952294
17793	vines	1952255
17794	susceptibility	1951706
17795	ambiguous	1951514
17796	mcgill	1951131
17797	disputed	1950655
17798	scouting	1950577
17799	royale	1950499
17800	instinct	1950318
17801	gorge	1950264
17802	righteousness	1950164
17803	carrot	1949964
17804	discriminatory	1949265
17805	opaque	1949046
17806	headquartered	1948865
17807	bullying	1948806
17808	saul	1948718
17809	flaming	1948600
17810	travelodge	1948242
17811	empower	1948139
17812	apis	1947925
17813	marian	1947893
17814	liens	1947603
17815	caterpillar	1947305
17816	hurley	1947191
17817	remington	1946473
17818	pedals	1946063
17819	chew	1946052
17820	teak	1946014
17821	benefited	1945952
17822	prevail	1945922
17823	bitmap	1945892
17824	migraine	1945823
17825	musik	1945809
17826	sli	1945369
17827	undermine	1945083
17828	enum	1944948
17829	omission	1944930
17830	boyle	1944635
17831	lamar	1944419
17832	mio	1944066
17833	diminished	1943681
17834	jonas	1943585
17835	aes	1943495
17836	locke	1943130
17837	cages	1943021
17838	methane	1942898
17839	pager	1942889
17840	snp	1942883
17841	jolla	1942048
17842	aclu	1942028
17843	capitals	1941886
17844	correctness	1941862
17845	westchester	1941725
17846	implication	1940990
17847	pap	1940941
17848	banjo	1940675
17849	shaker	1940611
17850	natives	1940192
17851	tive	1940019
17852	nimh	1940019
17853	quilting	1939935
17854	campgrounds	1939929
17855	adm	1939605
17856	stout	1939514
17857	rewarded	1939508
17858	densities	1939493
17859	isd	1939442
17860	athena	1939395
17861	deepest	1939355
17862	matthias	1939279
17863	tional	1939139
17864	duane	1939079
17865	sane	1938953
17866	turnaround	1938787
17867	climbed	1938305
17868	corrupted	1938248
17869	relays	1938030
17870	navigational	1937987
17871	stargate	1937911
17872	hanna	1937669
17873	husbands	1937668
17874	saskatoon	1937497
17875	cen	1937421
17876	fading	1936749
17877	colchester	1935549
17878	minh	1935500
17879	fingertips	1935481
17880	sba	1935316
17881	rockwell	1935237
17882	persuade	1934952
17883	vl	1934181
17884	pepsi	1933586
17885	rea	1933488
17886	roaming	1933359
17887	oversized	1933333
17888	snr	1932969
17889	sibling	1932847
17890	ecs	1932676
17891	determinations	1932467
17892	burberry	1932454
17893	weighed	1932161
17894	ashamed	1932143
17895	concierge	1932138
17896	nrs	1931998
17897	gorilla	1931906
17898	gatherings	1931581
17899	endure	1931473
17900	cfa	1931070
17901	inhibit	1931066
17902	nom	1931008
17903	pps	1930870
17904	cheltenham	1930716
17905	screenplay	1930533
17906	unabridged	1930281
17907	dickens	1930015
17908	ntp	1929658
17909	endpoint	1929656
17910	juniper	1929545
17911	repetition	1929109
17912	labelling	1928800
17913	siberian	1928755
17914	synchronous	1928462
17915	heartland	1928263
17916	preparatory	1927941
17917	cafeteria	1927924
17918	outfitters	1927586
17919	fielding	1927279
17920	dune	1927085
17921	hee	1926997
17922	adler	1926676
17923	opp	1926557
17924	homelessness	1926523
17925	yosemite	1926490
17926	cursed	1926459
17927	opengl	1926288
17928	efficiencies	1926128
17929	blowout	1926124
17930	youths	1926116
17931	tickboxes	1925998
17932	migrants	1925933
17933	massey	1925837
17934	tumble	1925795
17935	oversee	1925750
17936	thresholds	1925637
17937	stare	1925618
17938	unlocking	1925518
17939	missy	1925451
17940	isnt	1925347
17941	waveform	1924833
17942	deficits	1924803
17943	meade	1924752
17944	contradiction	1924222
17945	flair	1924190
17946	helium	1924142
17947	applegate	1923992
17948	wonderfully	1923818
17949	whitewater	1923559
17950	tableware	1923538
17951	bernie	1923481
17952	dug	1923261
17953	workgroup	1923165
17954	congenital	1923163
17955	trojans	1922895
17956	insanity	1922869
17957	clement	1922807
17958	embraced	1922457
17959	cli	1922413
17960	finely	1922347
17961	authenticated	1922327
17962	reformed	1921880
17963	tolerate	1921707
17964	robotic	1921045
17965	mana	1920430
17966	lest	1920286
17967	adhesion	1920249
17968	tic	1920206
17969	mississauga	1919778
17970	dialysis	1919732
17971	filmed	1919408
17972	staten	1919387
17973	carole	1919250
17974	noticeable	1919027
17975	cette	1918892
17976	aesthetics	1918859
17977	schwarzenegger	1918820
17978	smoker	1918369
17979	benign	1917931
17980	hypotheses	1917553
17981	afforded	1917385
17982	aisle	1917319
17983	dunno	1917052
17984	blur	1916915
17985	evidently	1916569
17986	summarizes	1916533
17987	limbs	1916350
17988	unforgettable	1916237
17989	punt	1916106
17990	sludge	1915962
17991	crypto	1915914
17992	christensen	1915098
17993	tanned	1915011
17994	altering	1914894
17995	bunker	1914784
17996	multiplication	1914709
17997	paved	1914582
17998	heavyweight	1914518
17999	lps	1914435
18000	fabricated	1914220
18001	zach	1914201
18002	pdp	1914022
18003	pasture	1913652
18004	phantomnode	1912963
18005	richest	1912591
18006	cruelty	1912399
18007	comptroller	1912122
18008	scalability	1912035
18009	creatine	1911679
18010	mormon	1911630
18011	embl	1911570
18012	minimizing	1911489
18013	scots	1911314
18014	genuinely	1911150
18015	gpo	1910748
18016	neighbouring	1910742
18017	plugged	1910661
18018	tyson	1910539
18019	souvenir	1910326
18020	dq	1910256
18021	mifflin	1910222
18022	relativity	1910212
18023	mojo	1909750
18024	econo	1909670
18025	cucumber	1909384
18026	occurrences	1909310
18027	shapiro	1909088
18028	marshal	1909071
18029	rituals	1909051
18030	anders	1909027
18031	seize	1908868
18032	decisive	1908846
18033	spawn	1908837
18034	pq	1908765
18035	blanks	1908523
18036	ub	1908430
18037	dungeons	1908328
18038	epoxy	1908076
18039	watercolor	1908061
18040	uncensored	1907883
18041	sailors	1907777
18042	stony	1907651
18043	fayette	1907150
18044	trainees	1906986
18045	tori	1906911
18046	shelving	1906815
18047	effluent	1906762
18048	infousa	1906554
18049	annals	1906359
18050	storytelling	1906358
18051	sadness	1906141
18052	periodical	1905817
18053	polarization	1905724
18054	moe	1905667
18055	dime	1905297
18056	losers	1905248
18057	bombings	1905009
18058	punta	1904881
18059	flavour	1904853
18060	smes	1904821
18061	ionamin	1904771
18062	fuckin	1904622
18063	crypt	1904607
18064	charlottesville	1904529
18065	accomplishment	1904294
18066	xu	1904177
18067	onwards	1904092
18068	bogus	1903710
18069	carp	1903390
18070	aniston	1903354
18071	prompts	1903336
18072	witches	1902655
18073	barred	1902400
18074	skinner	1902389
18075	equities	1902353
18076	dusk	1902302
18077	nouveau	1902062
18078	customary	1902031
18079	vertically	1901883
18080	crashing	1901462
18081	cautious	1901221
18082	possessions	1901072
18083	feeders	1900900
18084	urging	1900469
18085	jboss	1900466
18086	passions	1899754
18087	faded	1899648
18088	mobil	1899550
18089	scrolling	1899335
18090	counterpart	1899186
18091	utensils	1898846
18092	secretly	1898529
18093	tying	1898217
18094	lent	1898154
18095	diode	1897828
18096	kaufman	1897768
18097	magician	1897388
18098	indulgence	1897385
18099	aloe	1897124
18100	johan	1896738
18101	buckinghamshire	1896655
18102	melted	1896489
18103	lund	1896271
18104	medford	1896270
18105	fam	1896046
18106	nel	1895779
18107	extremes	1895768
18108	puff	1895753
18109	underlined	1895716
18110	whores	1895702
18111	galileo	1895638
18112	bloomfield	1895624
18113	obsessed	1895576
18114	flavored	1895495
18115	gemstones	1895376
18116	bmi	1894893
18117	viewpoints	1894699
18118	groceries	1894209
18119	motto	1894147
18120	exim	1894122
18121	singled	1894034
18122	alton	1894033
18123	appalachian	1893834
18124	staple	1893759
18125	dealings	1892511
18126	phillies	1892318
18127	pathetic	1892242
18128	ramblings	1892091
18129	janis	1891851
18130	craftsman	1891788
18131	irritation	1891655
18132	rulers	1891433
18133	centric	1891416
18134	collisions	1891241
18135	militia	1891032
18136	optionally	1890953
18137	eis	1890885
18138	conservatory	1890565
18139	nightclub	1890300
18140	bananas	1889918
18141	geophysical	1889900
18142	fictional	1889711
18143	adherence	1889709
18144	golfing	1889706
18145	defended	1889545
18146	rubin	1889443
18147	handlers	1889169
18148	grille	1888919
18149	elisabeth	1888877
18150	claw	1888837
18151	pushes	1888806
18152	alain	1888792
18153	flagship	1888773
18154	kittens	1888648
18155	topeka	1888246
18156	openoffice	1888045
18157	illegally	1887757
18158	bugzilla	1887604
18159	deter	1887521
18160	tyre	1887458
18161	furry	1887389
18162	cubes	1887321
18163	transcribed	1887302
18164	bouncing	1887098
18165	wand	1887049
18166	linus	1886948
18167	taco	1886915
18168	mcsg	1886728
18169	humboldt	1886590
18170	scarves	1886581
18171	cavalier	1886574
18172	ish	1886194
18173	rinse	1885846
18174	outfits	1885761
18175	mla	1885557
18176	charlton	1885536
18177	repertoire	1885297
18178	respectfully	1885188
18179	emeritus	1885157
18180	ulster	1885001
18181	macroeconomic	1884782
18182	tides	1884762
18183	chu	1884237
18184	weld	1883322
18185	venom	1883158
18186	gundam	1883151
18187	adaptec	1883112
18188	writ	1883109
18189	patagonia	1883102
18190	dispensing	1882818
18191	tailed	1882619
18192	puppets	1882434
18193	voyer	1882030
18194	tapping	1881871
18195	hostname	1881838
18196	excl	1881600
18197	bx	1881455
18198	arr	1881385
18199	typo	1881090
18200	immersion	1880347
18201	explode	1880264
18202	toulouse	1880219
18203	escapes	1879759
18204	berries	1879643
18205	merchantability	1879527
18206	happier	1879427
18207	autodesk	1879362
18208	mummy	1878933
18209	jn	1878849
18210	punjab	1878616
18211	stacked	1878493
18212	winged	1878347
18213	brighter	1878111
18214	cries	1878107
18215	speciality	1878029
18216	warranted	1878011
18217	attacker	1877889
18218	ruined	1877804
18219	catcher	1877712
18220	damp	1877710
18221	sanity	1877686
18222	ether	1877315
18223	suction	1877189
18224	haynes	1877095
18225	crusade	1876773
18226	siyabona	1876756
18227	rumble	1876665
18228	inverter	1876590
18229	correcting	1876523
18230	shattered	1876379
18231	abi	1876210
18232	heroic	1876003
18233	motivate	1875923
18234	retreats	1875848
18235	mackay	1875192
18236	formulate	1875065
18237	bridgeport	1874856
18238	assessor	1874796
18239	fullerton	1874593
18240	cpp	1874317
18241	sheds	1874143
18242	blockbuster	1873840
18243	dz	1873839
18244	amarillo	1873791
18245	pixmania	1873694
18246	pathfinder	1873650
18247	anomalies	1873581
18248	homogeneous	1873412
18249	bonsai	1873400
18250	windshield	1873343
18251	humphrey	1872611
18252	spheres	1872539
18253	belonged	1872474
18254	tomtom	1872437
18255	spf	1872233
18256	assigns	1872222
18257	croydon	1871954
18258	sofas	1871940
18259	croix	1871912
18260	cushions	1871837
18261	fern	1871772
18262	convection	1871233
18263	jdbc	1871105
18264	defenders	1870924
18265	debugger	1870843
18266	boing	1870671
18267	odessa	1870454
18268	lore	1870162
18269	ancillary	1869921
18270	pointless	1869860
18271	whipped	1869632
18272	vox	1869085
18273	alibris	1869078
18274	dinners	1868829
18275	rosie	1868709
18276	factoring	1868521
18277	genealogical	1868477
18278	gyms	1868252
18279	inhalation	1868078
18280	terre	1868063
18281	selfish	1867831
18282	eventual	1867679
18283	faucet	1867270
18284	nach	1867032
18285	mitigate	1866466
18286	bitpipe	1866371
18287	jamestown	1865726
18288	arguably	1865710
18289	techs	1865665
18290	electives	1865650
18291	walkman	1865649
18292	midget	1865119
18293	elisa	1864845
18294	shelton	1864801
18295	quan	1864487
18296	boiled	1864484
18297	commissioning	1864475
18298	neville	1864220
18299	experimentation	1864076
18300	saltwater	1863665
18301	natasha	1863553
18302	cpi	1863331
18303	endeavour	1863290
18304	roswell	1863160
18305	haute	1863024
18306	herring	1862420
18307	nis	1862128
18308	unfamiliar	1861916
18309	wacky	1861879
18310	expectancy	1861732
18311	deterioration	1861517
18312	sgml	1861506
18313	proclaimed	1860861
18314	arid	1860825
18315	anemia	1860823
18316	biting	1860757
18317	coincidence	1860675
18318	idiots	1860426
18319	mona	1860383
18320	reits	1860235
18321	muddy	1860188
18322	nuevo	1860127
18323	savanna	1859935
18324	crn	1859800
18325	hitchcock	1859719
18326	cid	1859604
18327	travestis	1859560
18328	neighbour	1858872
18329	mmf	1858564
18330	raspberry	1858023
18331	cancellations	1858014
18332	paging	1857998
18333	coe	1857824
18334	nudists	1857610
18335	illusions	1857577
18336	fac	1857488
18337	spikes	1857418
18338	asean	1857281
18339	airsoft	1857182
18340	bontril	1856680
18341	enumeration	1856507
18342	proliant	1856496
18343	keeling	1856424
18344	zh	1856363
18345	accesses	1856313
18346	suche	1856240
18347	permissible	1856048
18348	yielded	1855674
18349	nuisance	1855512
18350	jive	1855302
18351	siam	1855271
18352	latent	1855269
18353	marcia	1854936
18354	drowning	1854793
18355	bullshit	1854495
18356	casper	1854429
18357	spun	1854414
18358	shalt	1854326
18359	libstdc	1854248
18360	ric	1854210
18361	loch	1853882
18362	commanding	1853782
18363	sparrow	1853517
18364	poorest	1853484
18365	hector	1853371
18366	xpress	1853297
18367	datasets	1853293
18368	webdesign	1853133
18369	nicotine	1853123
18370	comeback	1852950
18371	brotherhood	1852927
18372	gannett	1852616
18373	milling	1852420
18374	sinking	1852249
18375	sulphur	1852248
18376	curricular	1852200
18377	downtime	1852159
18378	takeover	1852114
18379	wicker	1851813
18380	lolitas	1851731
18381	balm	1851587
18382	thessalonians	1851255
18383	figs	1851210
18384	upto	1851195
18385	browne	1851153
18386	nephew	1851122
18387	confess	1851099
18388	joaquin	1851027
18389	chit	1850962
18390	chaotic	1850672
18391	alexandre	1850656
18392	lays	1850526
18393	principally	1850427
18394	visor	1850201
18395	mundo	1850133
18396	transistor	1850114
18397	jarvis	1849756
18398	drip	1849747
18399	traced	1849483
18400	outright	1849385
18401	melodies	1849058
18402	spotting	1849039
18403	myriad	1848958
18404	stains	1848917
18405	sandal	1848638
18406	rubbing	1848582
18407	naive	1848489
18408	wien	1848436
18409	skeptical	1848184
18410	wagering	1848032
18411	remembrance	1847909
18412	detects	1847551
18413	everest	1846997
18414	disregard	1846860
18415	hanger	1846538
18416	outkast	1846516
18417	dragged	1846171
18418	pitbull	1845930
18419	foreman	1845679
18420	rtf	1845598
18421	allegiance	1845566
18422	fairview	1845315
18423	hires	1845244
18424	conduit	1845238
18425	alienware	1845134
18426	dependable	1845100
18427	mainframe	1845011
18428	echoes	1844974
18429	indo	1844946
18430	compilers	1844894
18431	ladders	1844710
18432	prudent	1844703
18433	glowing	1844686
18434	guinness	1844432
18435	heartbeat	1844397
18436	blazer	1843932
18437	alchemy	1843900
18438	linden	1843791
18439	timezone	1843665
18440	merck	1843606
18441	sven	1843315
18442	tanya	1843045
18443	geographically	1842958
18444	bmc	1842552
18445	alternating	1842467
18446	tristan	1842365
18447	audible	1842341
18448	folio	1842202
18449	eia	1841709
18450	presiding	1841676
18451	mans	1841660
18452	colleen	1841565
18453	bbbonline	1841284
18454	participates	1841017
18455	waterways	1840825
18456	syndicated	1840789
18457	lexicon	1840672
18458	aff	1840279
18459	fractures	1840184
18460	apprenticeship	1840066
18461	childbirth	1840004
18462	dumped	1839893
18463	integers	1839860
18464	zirconia	1839687
18465	barre	1839524
18466	shortages	1839326
18467	plumbers	1839191
18468	rama	1839130
18469	johannes	1838975
18470	fiery	1838655
18471	convex	1838604
18472	jfk	1838580
18473	raf	1838579
18474	richer	1838539
18475	igor	1838315
18476	hama	1838200
18477	mop	1838160
18478	urn	1838000
18479	soleil	1837747
18480	patton	1837400
18481	pei	1837362
18482	surfer	1837185
18483	diapers	1837022
18484	eas	1837012
18485	waco	1836775
18486	physiol	1836518
18487	connor	1836468
18488	adp	1836423
18489	northamptonshire	1836179
18490	biscuits	1835888
18491	disclaims	1835501
18492	sich	1835040
18493	outbound	1834727
18494	breakout	1834521
18495	restless	1834422
18496	unanswered	1833886
18497	paired	1833851
18498	fakes	1833800
18499	stderr	1833758
18500	kev	1833602
18501	fomit	1833316
18502	vaults	1833132
18503	injections	1832851
18504	ahmad	1832364
18505	remortgage	1832346
18506	yogurt	1832002
18507	complies	1831945
18508	tossed	1831899
18509	caucus	1831830
18510	workaround	1831806
18511	cooke	1830939
18512	polytechnic	1830938
18513	pillars	1830785
18514	katy	1830780
18515	zoe	1830206
18516	uber	1830169
18517	overwhelmed	1830158
18518	salute	1829803
18519	shoppe	1829764
18520	parody	1829413
18521	berlios	1829303
18522	csr	1829287
18523	penthouse	1828709
18524	compensated	1828676
18525	synthase	1828488
18526	lacked	1828230
18527	circulated	1828203
18528	soo	1828088
18529	pistons	1827651
18530	emule	1826567
18531	maltese	1826513
18532	sauvignon	1826243
18533	acorn	1825652
18534	bosses	1825578
18535	pint	1825570
18536	ascension	1825408
18537	bayer	1825243
18538	carrera	1825189
18539	ply	1824830
18540	mornings	1824695
18541	dvb	1824140
18542	cation	1824071
18543	mentioning	1823902
18544	scientology	1823503
18545	cdma	1823460
18546	flagstaff	1823335
18547	maxi	1823007
18548	pretoria	1822838
18549	thrive	1822797
18550	msm	1822715
18551	rac	1822698
18552	feminism	1822628
18553	rightly	1822243
18554	paragon	1822146
18555	basal	1821739
18556	topps	1821488
18557	webinar	1821435
18558	dewalt	1821351
18559	turnout	1821165
18560	bruins	1821057
18561	persist	1821030
18562	wilde	1820770
18563	indispensable	1820574
18564	clamps	1820337
18565	illicit	1820204
18566	firefly	1820064
18567	liar	1819814
18568	tabletop	1819329
18569	pledged	1818974
18570	monoclonal	1818772
18571	pictorial	1818744
18572	curling	1818738
18573	ares	1818295
18574	wholesaler	1818207
18575	smoky	1818184
18576	opus	1818130
18577	typekey	1817988
18578	aromatic	1817946
18579	flirt	1817719
18580	slang	1817718
18581	emporium	1817716
18582	princes	1817704
18583	restricting	1817556
18584	partnering	1817437
18585	promoters	1817398
18586	soothing	1817294
18587	freshmen	1817045
18588	mage	1816965
18589	departed	1816797
18590	sqrt	1816723
18591	aristotle	1816527
18592	israelis	1816120
18593	finch	1816047
18594	inherently	1815659
18595	cdp	1815535
18596	krishna	1815520
18597	forefront	1815372
18598	headlights	1815300
18599	monophonic	1814578
18600	largo	1814464
18601	proquest	1814389
18602	amazingly	1814293
18603	plural	1814292
18604	dominic	1814040
18605	sergio	1813840
18606	swapping	1813821
18607	skipped	1813764
18608	hereinafter	1813712
18609	nur	1813601
18610	extracting	1813039
18611	analogous	1812873
18612	mev	1812780
18613	hebrews	1812634
18614	particulate	1812618
18615	tally	1812605
18616	unpleasant	1812541
18617	uno	1812516
18618	tempted	1812384
18619	bedfordshire	1812325
18620	blindness	1812018
18621	creep	1811981
18622	staining	1811623
18623	rockport	1811479
18624	nist	1811393
18625	shaded	1811288
18626	cot	1811236
18627	plaster	1811197
18628	novo	1811148
18629	negotiable	1810941
18630	subcategories	1810920
18631	hearted	1810871
18632	quarterback	1810794
18633	obstruction	1810593
18634	agility	1810572
18635	complying	1810426
18636	sudbury	1810243
18637	otis	1809809
18638	overture	1809751
18639	newcomers	1809712
18640	hectares	1809579
18641	upscale	1809380
18642	scrabble	1809087
18643	noteworthy	1809005
18644	agile	1808955
18645	sdn	1808612
18646	mta	1808429
18647	sacks	1808394
18648	docbook	1808162
18649	kiosk	1808146
18650	ionic	1808092
18651	stray	1807545
18652	runaway	1807276
18653	slowing	1807065
18654	firstgov	1807047
18655	hoodie	1806748
18656	hoodia	1806153
18657	payout	1806070
18658	clinically	1805895
18659	watchers	1805728
18660	supplemented	1805290
18661	poppy	1805254
18662	monmouth	1805141
18663	metacritic	1805138
18664	obligated	1805015
18665	frenzy	1804848
18666	decoding	1804831
18667	jargon	1804602
18668	kangaroo	1804285
18669	sleeper	1804207
18670	elemental	1804206
18671	presenters	1804092
18672	teal	1803669
18673	unnamed	1803582
18674	epstein	1803579
18675	doncaster	1803298
18676	particulars	1803128
18677	jerking	1802926
18678	weblogic	1802850
18679	ity	1802837
18680	bungalow	1802670
18681	covington	1802550
18682	bazaar	1802544
18683	esd	1802539
18684	interconnect	1802363
18685	predicate	1802317
18686	recurrence	1802249
18687	chinatown	1802100
18688	mindless	1802081
18689	purifier	1802054
18690	recruits	1801916
18691	sharper	1801890
18692	kz	1801877
18693	tablespoons	1801389
18694	greedy	1801104
18695	rodgers	1800944
18696	gloryhole	1799765
18697	supervise	1799608
18698	termed	1798864
18699	frauen	1798839
18700	suppl	1798700
18701	stamping	1798269
18702	coolest	1798263
18703	reilly	1797737
18704	hotjobs	1797713
18705	downing	1797688
18706	gnd	1797544
18707	libc	1797538
18708	basque	1797455
18709	societal	1797259
18710	astros	1797196
18711	ire	1797064
18712	halogen	1797038
18713	pegasus	1796881
18714	silhouette	1796610
18715	wyndham	1796477
18716	osu	1796471
18717	tuesdays	1796297
18718	dorado	1796206
18719	daring	1796196
18720	realms	1796195
18721	maestro	1796104
18722	turin	1796014
18723	gus	1795932
18724	utp	1795706
18725	superpages	1795460
18726	forte	1795408
18727	coaxial	1795390
18728	tipping	1795369
18729	jpy	1795307
18730	holster	1794771
18731	fiddle	1794725
18732	crunch	1794603
18733	leipzig	1794559
18734	liam	1794042
18735	sesso	1793831
18736	bard	1793654
18737	kellogg	1793540
18738	arabidopsis	1793532
18739	reap	1793273
18740	argv	1793079
18741	hanoi	1792996
18742	ccm	1792700
18743	faucets	1792254
18744	ballistic	1792214
18745	exemplary	1791669
18746	payouts	1791650
18747	rockin	1791572
18748	caliber	1791378
18749	apostle	1790768
18750	playful	1790754
18751	supermarkets	1790671
18752	bmg	1790663
18753	icelandic	1790600
18754	multiplied	1790425
18755	enchanted	1789839
18756	belgrade	1789716
18757	styled	1789390
18758	nacional	1789379
18759	commanders	1789190
18760	csv	1789174
18761	telstra	1789094
18762	thor	1789033
18763	waive	1789027
18764	contraception	1788872
18765	bethany	1788665
18766	polaroid	1788581
18767	vance	1788288
18768	soprano	1788265
18769	polishing	1788195
18770	marquis	1788011
18771	underage	1787414
18772	cardio	1787338
18773	wen	1787310
18774	translating	1787091
18775	frontiers	1785820
18776	timeshares	1785716
18777	atk	1785517
18778	qi	1784611
18779	logger	1784581
18780	adjoining	1784248
18781	greet	1784219
18782	acclaim	1784066
18783	kool	1783769
18784	oki	1783673
18785	birding	1783424
18786	hardship	1782871
18787	detainees	1782662
18788	hast	1782598
18789	indi	1782497
18790	lymph	1781845
18791	barrie	1781427
18792	pollutant	1781371
18793	closeouts	1781209
18794	miriam	1780742
18795	cavaliers	1780571
18796	rollers	1780553
18797	carleton	1780543
18798	pumped	1780464
18799	tolkien	1780352
18800	differentiated	1780282
18801	sonia	1780227
18802	undp	1780179
18803	verifying	1780073
18804	jbl	1780016
18805	almighty	1780004
18806	weekday	1779661
18807	homecoming	1779345
18808	increments	1779202
18809	kurdish	1779184
18810	vel	1779042
18811	intuition	1778931
18812	revoked	1778921
18813	openness	1778779
18814	chromium	1778657
18815	circulating	1778611
18816	bryce	1778157
18817	ilo	1778064
18818	latch	1777882
18819	mccormick	1777843
18820	verbs	1777489
18821	drank	1777243
18822	pcm	1776396
18823	confrontation	1776377
18824	shreveport	1776343
18825	grower	1776182
18826	frederic	1775949
18827	darlington	1775884
18828	slippery	1775430
18829	unpredictable	1775357
18830	galerie	1775320
18831	dtd	1774926
18832	capacitor	1774424
18833	outpost	1774045
18834	burnett	1773894
18835	hilfiger	1773803
18836	mda	1773749
18837	litres	1773654
18838	moroccan	1773599
18839	seville	1773594
18840	mira	1773387
18841	nightwish	1773284
18842	chatter	1773184
18843	hess	1773182
18844	wheaton	1773035
18845	santo	1772980
18846	lettuce	1772273
18847	raging	1772182
18848	tidy	1771735
18849	motorized	1771577
18850	jong	1771554
18851	subgroup	1771255
18852	oppression	1770635
18853	chevelle	1770608
18854	vets	1770054
18855	bows	1769864
18856	yielding	1769641
18857	assays	1769636
18858	torso	1769562
18859	occult	1769403
18860	expeditions	1769110
18861	nok	1769062
18862	hooker	1768891
18863	ramon	1768774
18864	longhorn	1768593
18865	lorenzo	1768575
18866	beau	1768520
18867	backdrop	1768258
18868	subordinate	1768208
18869	lilies	1768158
18870	aerobic	1768075
18871	articulate	1767860
18872	vgroup	1767803
18873	ecstasy	1767792
18874	sweetheart	1767766
18875	fulfil	1767616
18876	calcutta	1767575
18877	thursdays	1767458
18878	dansk	1767344
18879	tenerife	1767294
18880	hobbs	1767270
18881	mayen	1766936
18882	mediator	1766824
18883	oldmedline	1766800
18884	dunlop	1766729
18885	caa	1766681
18886	tad	1766251
18887	modernization	1766223
18888	xe	1766054
18889	cultivated	1766032
18890	rang	1766026
18891	disconnected	1765840
18892	consulate	1765795
18893	fourier	1765463
18894	businessman	1765391
18895	watersports	1765286
18896	lucent	1765258
18897	wilkes	1764985
18898	commuter	1764943
18899	orthopedic	1764724
18900	disagreement	1764697
18901	hhs	1764661
18902	strands	1764600
18903	tyrosine	1764516
18904	sicily	1764441
18905	compost	1764308
18906	shenzhen	1764109
18907	adjourned	1764045
18908	familiarity	1764032
18909	initiating	1763456
18910	erroneous	1763330
18911	grabs	1763328
18912	erickson	1762803
18913	marlin	1762749
18914	pulses	1762742
18915	theses	1762669
18916	stuffing	1762615
18917	casserole	1762455
18918	canoeing	1762167
18919	cca	1761844
18920	jeux	1761780
18921	wilton	1761710
18922	ophthalmology	1761676
18923	flooded	1761295
18924	geile	1760913
18925	clubhouse	1760597
18926	reverted	1760512
18927	crackers	1760293
18928	greyhound	1760066
18929	corsair	1759975
18930	ironic	1759846
18931	licensees	1759775
18932	wards	1759766
18933	unsupported	1759017
18934	evaluates	1758929
18935	hinge	1758893
18936	svg	1758881
18937	ultima	1758712
18938	cockpit	1758707
18939	protesters	1758662
18940	fernandez	1758305
18941	venetian	1758092
18942	mvc	1757949
18943	sleazydream	1757798
18944	patti	1757474
18945	mz	1757035
18946	sew	1756454
18947	carrots	1756446
18948	faire	1756290
18949	laps	1756224
18950	memorials	1755971
18951	sennheiser	1755860
18952	resumed	1755501
18953	sheehan	1755249
18954	conversely	1755210
18955	emory	1755002
18956	stunt	1754828
18957	maven	1754819
18958	excuses	1754800
18959	commute	1754751
18960	staged	1754695
18961	vitae	1754634
18962	transgender	1754481
18963	hustle	1754467
18964	stimuli	1754387
18965	customizing	1754227
18966	subroutine	1754112
18967	upwards	1754032
18968	witty	1753886
18969	pong	1753774
18970	transcend	1753712
18971	loosely	1753674
18972	anchors	1753405
18973	hun	1753259
18974	hertz	1752925
18975	atheist	1752346
18976	capped	1752030
18977	oro	1751970
18978	myr	1751884
18979	bridgewater	1751832
18980	firefighter	1751763
18981	liking	1751628
18982	preacher	1751402
18983	propulsion	1751147
18984	complied	1750883
18985	intangible	1750721
18986	westfield	1750444
18987	compassionate	1750131
18988	catastrophic	1750033
18989	fuckers	1749825
18990	blower	1749788
18991	substitutes	1749749
18992	tata	1749694
18993	flown	1749635
18994	frau	1749573
18995	dubbed	1749520
18996	silky	1749406
18997	giclee	1749205
18998	groovy	1748998
18999	vows	1748880
19000	reusable	1748844
19001	macy	1748617
19002	actuarial	1748598
19003	distorted	1748105
19004	nathaniel	1747996
19005	attracts	1747958
19006	bern	1747705
19007	qualifies	1747672
19008	grizzly	1747623
19009	helpline	1747397
19010	micah	1747263
19011	erectile	1747215
19012	timeliness	1747177
19013	obstetrics	1746612
19014	chaired	1746595
19015	agri	1746559
19016	repay	1746487
19017	hurting	1746307
19018	homicide	1746195
19019	prognosis	1746165
19020	colombian	1745653
19021	pandemic	1745601
19022	await	1745587
19023	mpc	1745549
19024	fob	1745293
19025	sparse	1745258
19026	corridors	1745227
19027	sont	1745136
19028	mcdowell	1745095
19029	fossils	1744549
19030	victories	1744497
19031	dimage	1744370
19032	chemically	1744343
19033	fetus	1744267
19034	determinants	1744062
19035	compliments	1743968
19036	durango	1743916
19037	cider	1743446
19038	noncommercial	1743444
19039	opteron	1743410
19040	crooked	1743363
19041	gangs	1743105
19042	segregation	1743058
19043	superannuation	1742899
19044	nemo	1742847
19045	ifs	1742322
19046	overcast	1742067
19047	inverted	1742040
19048	lenny	1742017
19049	achieves	1741941
19050	haas	1741624
19051	wimbledon	1741563
19052	documentaries	1741319
19053	mpa	1741311
19054	rao	1741309
19055	remake	1741098
19056	arp	1740980
19057	braille	1740909
19058	forehead	1740391
19059	physiopathology	1739318
19060	skye	1739279
19061	seperate	1739278
19062	econpapers	1739158
19063	arxiv	1739110
19064	pax	1739062
19065	kalamazoo	1738974
19066	taj	1738911
19067	percy	1738888
19068	scratches	1738691
19069	conan	1738688
19070	lilac	1738684
19071	sinus	1738565
19072	maverick	1738027
19073	intellect	1737519
19074	charmed	1737442
19075	denny	1737409
19076	harman	1737285
19077	hears	1737280
19078	wilhelm	1737190
19079	nationalism	1737083
19080	pervasive	1736906
19081	auch	1736756
19082	enfield	1736186
19083	anabolic	1735977
19084	nie	1735620
19085	allegra	1735551
19086	lexar	1735397
19087	clears	1735009
19088	videotape	1734836
19089	educ	1734734
19090	knowingly	1734666
19091	pivot	1734444
19092	amplification	1734413
19093	larsen	1733946
19094	huron	1733830
19095	snippets	1733408
19096	undergraduates	1733291
19097	conserv	1733283
19098	digestion	1733208
19099	dustin	1733142
19100	wsop	1733066
19101	mixtures	1732860
19102	composites	1732843
19103	wolverhampton	1732599
19104	soaring	1732233
19105	dragging	1732154
19106	virtues	1732053
19107	banning	1732027
19108	flushing	1731756
19109	deprivation	1731701
19110	cpt	1731671
19111	delights	1731523
19112	gauteng	1731374
19113	foreword	1731359
19114	glide	1731344
19115	transverse	1731260
19116	ftc	1731233
19117	watertown	1730592
19118	pathogens	1730567
19119	engagements	1730526
19120	mft	1730512
19121	withstand	1730101
19122	uefa	1730090
19123	newbury	1729921
19124	authorizes	1729873
19125	blooms	1729847
19126	soar	1729736
19127	jacking	1729337
19128	radiohead	1729076
19129	uniformly	1728904
19130	ooh	1728850
19131	subsections	1728616
19132	todos	1728568
19133	definately	1728545
19134	bod	1728526
19135	piedmont	1728241
19136	yin	1727888
19137	tiki	1727671
19138	empowered	1727631
19139	homepages	1727557
19140	asi	1727387
19141	lena	1727154
19142	outlying	1727104
19143	slogan	1726936
19144	subdivisions	1726852
19145	handouts	1726843
19146	deducted	1726646
19147	ezekiel	1726351
19148	totaling	1726051
19149	elijah	1725901
19150	cpm	1725820
19151	marvelous	1725819
19152	bop	1725693
19153	asnblock	1725480
19154	compton	1725289
19155	stretches	1725140
19156	vigorous	1725085
19157	biloxi	1724937
19158	flee	1724638
19159	biscuit	1724569
19160	creme	1724183
19161	submits	1724029
19162	woes	1723747
19163	waltz	1723021
19164	menace	1722950
19165	emerges	1722457
19166	classify	1722440
19167	paige	1722305
19168	downstairs	1722288
19169	statesman	1722161
19170	indymedia	1722059
19171	clapton	1722038
19172	cheerful	1722018
19173	blush	1722003
19174	beyonce	1721914
19175	smf	1721911
19176	leaflet	1721894
19177	monde	1721758
19178	weymouth	1721736
19179	nabble	1721690
19180	spherical	1721397
19181	intracellular	1721340
19182	infoworld	1721182
19183	favourable	1721108
19184	informs	1720738
19185	boyz	1720724
19186	dramas	1720511
19187	cher	1720213
19188	waltham	1720163
19189	geisha	1720071
19190	billiard	1719723
19191	aut	1719687
19192	dblp	1719467
19193	briefcase	1719457
19194	malay	1719249
19195	unseen	1719077
19196	mcmahon	1718982
19197	optimism	1718844
19198	cq	1718834
19199	silica	1718742
19200	kara	1718693
19201	mcgregor	1718606
19202	modal	1718570
19203	marlboro	1718567
19204	grafton	1718545
19205	unusually	1718464
19206	phishing	1718427
19207	addendum	1718292
19208	widest	1718229
19209	foia	1718140
19210	impotence	1718043
19211	medley	1717954
19212	cadet	1717624
19213	redskins	1717572
19214	kirsten	1717505
19215	temper	1717493
19216	yorker	1717469
19217	memberlistmemberlist	1717438
19218	gam	1717331
19219	intravenous	1717195
19220	ashcroft	1716757
19221	asserts	1716692
19222	loren	1716418
19223	stew	1716385
19224	newsfeed	1716299
19225	hereafter	1716113
19226	carbs	1715865
19227	retiring	1715699
19228	smashing	1715544
19229	yakima	1715530
19230	accumulate	1715457
19231	realtones	1715315
19232	xtc	1715288
19233	vdata	1715219
19234	interpro	1715210
19235	tahiti	1715144
19236	engadget	1715041
19237	tracey	1714883
19238	wac	1714863
19239	mariner	1714677
19240	collier	1714633
19241	hush	1714301
19242	darfur	1714226
19243	fragmentation	1713949
19244	behavioural	1713933
19245	kiev	1713686
19246	paranormal	1713648
19247	whispered	1713415
19248	generosity	1713113
19249	vibrating	1712978
19250	glossaries	1712886
19251	sonyericsson	1712793
19252	lama	1712723
19253	artisan	1712683
19254	akin	1712538
19255	raphael	1712533
19256	dex	1712379
19257	lola	1712288
19258	embarrassing	1712216
19259	emoticons	1711990
19260	carbohydrates	1711985
19261	aqueous	1711766
19262	pembroke	1711698
19263	hms	1711533
19264	norwood	1711527
19265	appetizers	1711415
19266	stockholders	1711352
19267	webmin	1711276
19268	lillian	1711216
19269	stylesheet	1711035
19270	goldstein	1710805
19271	splinter	1710719
19272	ibn	1710709
19273	wnba	1710542
19274	preferable	1710276
19275	englewood	1710089
19276	juices	1709952
19277	ironically	1709792
19278	morale	1709786
19279	morales	1709780
19280	solder	1709674
19281	trench	1709629
19282	asf	1709180
19283	persuasion	1709135
19284	hottie	1709052
19285	stripper	1709042
19286	practise	1708987
19287	pfc	1708862
19288	adrenaline	1708838
19289	mammalian	1708141
19290	opted	1708067
19291	lodged	1707662
19292	revolt	1707658
19293	meteorology	1707620
19294	analyzes	1707607
19295	renders	1707602
19296	pioneering	1707231
19297	pristine	1707017
19298	francaise	1706997
19299	ctx	1706946
19300	shines	1706909
19301	catalan	1706666
19302	spreadsheets	1706515
19303	regain	1706471
19304	resize	1706367
19305	auditory	1706299
19306	applause	1705835
19307	medically	1705796
19308	tweak	1705761
19309	mmm	1705485
19310	trait	1705417
19311	popped	1705400
19312	busted	1704787
19313	alicante	1704556
19314	basins	1704483
19315	farmhouse	1704037
19316	pounding	1703575
19317	picturesque	1703451
19318	ottoman	1703262
19319	graders	1703102
19320	shrek	1703017
19321	eater	1702828
19322	universidad	1702603
19323	tuners	1702332
19324	utopia	1702159
19325	slider	1702058
19326	insists	1702056
19327	cymru	1702015
19328	fprintf	1701975
19329	willard	1701958
19330	irq	1701823
19331	lettering	1701761
19332	dads	1701718
19333	marlborough	1701619
19334	sdl	1701563
19335	ebusiness	1701555
19336	pouring	1701428
19337	hays	1700861
19338	cyrus	1700817
19339	concentrating	1700803
19340	soak	1700767
19341	buckingham	1700711
19342	courtroom	1700697
19343	hides	1700672
19344	goodwin	1700203
19345	manure	1700070
19346	savior	1699881
19347	dade	1699637
19348	secrecy	1699243
19349	wesleyan	1698794
19350	baht	1698791
19351	duplicated	1698585
19352	dreamed	1698003
19353	relocating	1697908
19354	fertile	1697599
19355	hinges	1697406
19356	plausible	1697354
19357	creepy	1697316
19358	synth	1697095
19359	filthy	1697059
19360	subchapter	1697052
19361	ttf	1696817
19362	narrator	1696653
19363	optimizations	1696643
19364	infocus	1696506
19365	bellsouth	1695999
19366	sweeney	1695974
19367	augustus	1695808
19368	aca	1695703
19369	fpo	1695624
19370	fahrenheit	1695334
19371	hillside	1695300
19372	standpoint	1695193
19373	layup	1695143
19374	laundering	1695135
19375	nationalist	1694902
19376	piazza	1694892
19377	fre	1694712
19378	denoted	1694637
19379	nazis	1694605
19380	cumfiesta	1694526
19381	oneself	1694392
19382	royalties	1694261
19383	newbies	1694214
19384	mds	1694073
19385	piles	1694029
19386	abbreviation	1693819
19387	vaginas	1693739
19388	blanco	1693499
19389	critiques	1693193
19390	stroll	1693118
19391	anomaly	1693007
19392	thighs	1692954
19393	boa	1692885
19394	expressive	1692880
19395	infect	1692791
19396	bezel	1692595
19397	avatars	1692560
19398	pers	1692509
19399	twiztid	1692451
19400	dotted	1692315
19401	frontal	1692246
19402	havoc	1692191
19403	ubiquitous	1692121
19404	arsenic	1691840
19405	synonym	1691819
19406	facilitation	1691730
19407	ncr	1691517
19408	xb	1691439
19409	voc	1690816
19410	yer	1690747
19411	rts	1690444
19412	doomed	1690352
19413	applets	1689646
19414	francs	1689190
19415	ballad	1689145
19416	pdfs	1688778
19417	sling	1688770
19418	contraction	1688692
19419	cac	1688583
19420	devised	1688301
19421	teh	1688205
19422	explorers	1687938
19423	billie	1687815
19424	undercover	1687786
19425	substrates	1687769
19426	evansville	1687761
19427	joystick	1687753
19428	knowledgebase	1687497
19429	forrester	1687469
19430	ravens	1686982
19431	xoops	1686781
19432	rican	1686637
19433	underline	1686466
19434	obscene	1686451
19435	uptime	1686290
19436	dooyoo	1686127
19437	spammers	1686038
19438	mes	1685857
19439	hymn	1685394
19440	continual	1685246
19441	nuclei	1685159
19442	gupta	1685132
19443	tummy	1685130
19444	axial	1685087
19445	slowed	1684926
19446	aladdin	1684894
19447	tolerated	1684559
19448	quay	1684371
19449	aest	1684328
19450	outing	1684303
19451	instruct	1684125
19452	wilcox	1684038
19453	topographic	1683986
19454	westport	1683984
19455	overhaul	1683953
19456	majordomo	1683560
19457	peruvian	1683521
19458	indemnity	1683423
19459	lev	1683199
19460	imaginative	1682880
19461	weir	1682833
19462	wednesdays	1682709
19463	burgers	1682693
19464	rai	1682546
19465	remarked	1682432
19466	portrayed	1682197
19467	watchlist	1682120
19468	clarendon	1681717
19469	campers	1681690
19470	phenotype	1681518
19471	countrywide	1681124
19472	ferris	1680944
19473	julio	1680926
19474	affirm	1680655
19475	directx	1680454
19476	spelled	1680303
19477	epoch	1680235
19478	mourning	1679985
19479	resistor	1679980
19480	phelps	1679928
19481	aft	1679356
19482	bhd	1679217
19483	plaid	1679093
19484	audubon	1678873
19485	fable	1678751
19486	rescued	1678575
19487	commentsblog	1678557
19488	snowmobile	1678313
19489	exploded	1678214
19490	publ	1678067
19491	cpg	1678065
19492	padres	1677708
19493	scars	1677547
19494	whisky	1677493
19495	tes	1677227
19496	uptown	1677197
19497	susie	1677048
19498	subparagraph	1676885
19499	batter	1676822
19500	weighting	1676674
19501	reyes	1676657
19502	rectal	1676607
19503	vivian	1676549
19504	nuggets	1676486
19505	silently	1676469
19506	pesos	1676404
19507	shakes	1676341
19508	dram	1676257
19509	mckinney	1676239
19510	impartial	1676218
19511	hershey	1676137
19512	embryos	1675714
19513	punctuation	1675694
19514	initials	1675671
19515	spans	1675632
19516	pallet	1675416
19517	pistols	1675315
19518	mara	1674798
19519	garages	1674739
19520	sds	1674693
19521	tanner	1674597
19522	avenues	1674437
19523	urology	1674293
19524	dun	1673771
19525	aforementioned	1673653
19526	rihanna	1673560
19527	tackling	1673414
19528	obese	1673406
19529	compress	1673026
19530	apostles	1673003
19531	melvin	1672835
19532	sober	1672710
19533	collaborations	1672642
19534	tread	1672572
19535	legitimacy	1672389
19536	zoology	1672374
19537	steals	1671902
19538	unwilling	1671798
19539	lis	1671786
19540	isolates	1671719
19541	velcro	1670690
19542	worksheets	1670687
19543	avaya	1670636
19544	srs	1670562
19545	wigan	1670281
19546	hua	1670186
19547	abba	1670093
19548	qd	1669759
19549	orig	1669655
19550	paddy	1668962
19551	huskies	1668798
19552	frey	1668686
19553	iz	1668645
19554	loyola	1668573
19555	plunge	1668493
19556	pearce	1668218
19557	gartner	1667973
19558	vos	1667880
19559	sinister	1667276
19560	xda	1667186
19561	burr	1666923
19562	arteries	1666760
19563	strapon	1666627
19564	chaser	1666136
19565	formations	1665874
19566	vantage	1665533
19567	texans	1665443
19568	diffuse	1665383
19569	boredom	1665375
19570	norma	1665222
19571	astra	1665170
19572	expasy	1665034
19573	crosse	1665028
19574	overdrive	1664969
19575	mondo	1664921
19576	ripley	1664786
19577	phosphorylation	1664605
19578	helpless	1664525
19579	cfo	1664414
19580	depletion	1664362
19581	neonatal	1664249
19582	qr	1663773
19583	mclaren	1663751
19584	wyatt	1663704
19585	rowling	1663619
19586	vhf	1663087
19587	flatbed	1663079
19588	spades	1663068
19589	slug	1662960
19590	visionary	1662608
19591	coffin	1662468
19592	otter	1662335
19593	golfers	1662265
19594	lira	1662242
19595	navajo	1662201
19596	earns	1661937
19597	amplified	1661309
19598	recess	1661246
19599	dispersed	1661192
19600	technics	1661003
19601	shouted	1660857
19602	damien	1660830
19603	clippers	1660416
19604	shilling	1660040
19605	resemble	1659654
19606	spirited	1659614
19607	gv	1659511
19608	carbonate	1659355
19609	mimi	1659350
19610	staa	1659242
19611	discriminate	1659114
19612	stared	1658945
19613	recharge	1658759
19614	crocodile	1658300
19615	openid	1658181
19616	sassy	1657970
19617	demux	1657605
19618	ratification	1657571
19619	ribosomal	1657412
19620	tdk	1657290
19621	vases	1657182
19622	filmmakers	1657073
19623	transnational	1656943
19624	advises	1656922
19625	sind	1656706
19626	coward	1656677
19627	paralegal	1656554
19628	spokesperson	1656553
19629	fha	1656402
19630	teamed	1656266
19631	preset	1656205
19632	inequalities	1656200
19633	iptables	1656176
19634	pocketpc	1656080
19635	garde	1655823
19636	nox	1655793
19637	jams	1655641
19638	pancreatic	1655615
19639	tran	1655487
19640	manicures	1655210
19641	dyes	1654912
19642	sca	1654674
19643	tls	1654661
19644	prweb	1654227
19645	holloway	1654216
19646	viz	1654193
19647	turbulence	1654172
19648	cdrw	1654118
19649	yell	1654034
19650	fins	1653999
19651	plz	1653411
19652	nadu	1653135
19653	ritchie	1652786
19654	underwriting	1652694
19655	dresser	1652504
19656	rulemaking	1652449
19657	rake	1652408
19658	valentino	1652315
19659	ornamental	1651866
19660	riches	1651697
19661	resign	1651672
19662	prolyte	1651670
19663	millenium	1651652
19664	collectable	1651566
19665	stephan	1651479
19666	aries	1651320
19667	ramps	1651245
19668	tackles	1651206
19669	injunction	1651173
19670	intervene	1650973
19671	poised	1650755
19672	dsa	1650744
19673	barking	1650384
19674	walden	1650383
19675	josephine	1650169
19676	dread	1649823
19677	dag	1649705
19678	catchment	1649610
19679	targus	1649605
19680	tactic	1649523
19681	ess	1649372
19682	partitioning	1649370
19683	voicemail	1649324
19684	acct	1649312
19685	handwriting	1649048
19686	shimano	1649044
19687	serpent	1648778
19688	lingere	1648759
19689	tapped	1648690
19690	articulated	1648485
19691	pitched	1648460
19692	parentheses	1648298
19693	contextual	1648180
19694	qwest	1647591
19695	jira	1647487
19696	cerevisiae	1647315
19697	wisely	1647283
19698	accustomed	1647188
19699	bremen	1646953
19700	steaks	1646745
19701	dyson	1646710
19702	playhouse	1646694
19703	superficial	1646666
19704	toxins	1646568
19705	camaro	1646532
19706	suns	1646060
19707	josef	1645922
19708	casts	1645690
19709	bunk	1645649
19710	cryptography	1645630
19711	stab	1645553
19712	sanction	1645521
19713	dyer	1645507
19714	effected	1645475
19715	signalling	1645433
19716	daycare	1645407
19717	murakami	1645371
19718	tubular	1645135
19719	merriam	1644972
19720	moi	1644951
19721	ode	1644895
19722	scorpio	1644846
19723	attr	1644822
19724	avoids	1644683
19725	richter	1643979
19726	emp	1643968
19727	ultrasonic	1643762
19728	evidenced	1643586
19729	heinz	1643518
19730	argos	1643473
19731	dit	1643411
19732	larvae	1643319
19733	dyke	1643250
19734	ashford	1643196
19735	intergovernmental	1643136
19736	cassidy	1642823
19737	paranoid	1642722
19738	kernels	1642563
19739	mobilization	1642231
19740	dino	1642153
19741	xvid	1642146
19742	dmoz	1642050
19743	amt	1642018
19744	ivtools	1641821
19745	barron	1641518
19746	wilkins	1641416
19747	snorkeling	1641053
19748	chilean	1640779
19749	avs	1640739
19750	suny	1640693
19751	gifs	1640560
19752	qualifier	1640552
19753	manipulated	1640498
19754	hannover	1640496
19755	alleviate	1640342
19756	fungal	1640076
19757	ligand	1640021
19758	seam	1639943
19759	aust	1639808
19760	peoplesoft	1639680
19761	freelists	1639612
19762	riddle	1639366
19763	coastline	1639278
19764	comedies	1638987
19765	fainter	1638739
19766	omit	1638380
19767	respectful	1638205
19768	flamingo	1638181
19769	cabaret	1638162
19770	deformation	1637818
19771	orf	1637492
19772	recession	1637070
19773	pfizer	1637013
19774	assembler	1636918
19775	awaited	1636799
19776	renovations	1636788
19777	nozzle	1636320
19778	externally	1636144
19779	needy	1636137
19780	genbank	1636056
19781	broadcasters	1635981
19782	employability	1635488
19783	wheeled	1635339
19784	booksellers	1635125
19785	noodles	1635016
19786	darn	1634807
19787	diners	1634176
19788	greeks	1634087
19789	retardation	1633781
19790	supervising	1633723
19791	freeport	1633516
19792	lyme	1633476
19793	corning	1633459
19794	prov	1633255
19795	reich	1633237
19796	dishnetwork	1633145
19797	armored	1633124
19798	amg	1633010
19799	weary	1632945
19800	solitary	1632552
19801	claremont	1632386
19802	moo	1631972
19803	photographed	1631912
19804	tweed	1631867
19805	snowy	1631719
19806	pianist	1631518
19807	emmanuel	1630708
19808	acapulco	1630701
19809	surrounds	1630581
19810	knocking	1630521
19811	cosmopolitan	1630506
19812	magistrate	1630373
19813	everlasting	1630054
19814	cpe	1630035
19815	childs	1630010
19816	pigment	1629945
19817	faction	1629665
19818	tous	1629578
19819	bizkit	1629348
19820	argentine	1628903
19821	blogosphere	1628801
19822	endocrine	1628780
19823	scandinavia	1628695
19824	minnie	1628627
19825	resp	1627990
19826	genie	1627726
19827	carlsbad	1627556
19828	ammo	1627385
19829	bling	1627355
19830	chars	1627316
19831	linn	1627255
19832	mcguire	1627195
19833	utilisation	1626717
19834	rulings	1626664
19835	sst	1626557
19836	handel	1626082
19837	geophysics	1625942
19838	microscopic	1625493
19839	clarified	1625482
19840	coherence	1625467
19841	slater	1625418
19842	broccoli	1625392
19843	foreach	1625352
19844	oakwood	1625162
19845	sensations	1624802
19846	orphan	1624738
19847	conferred	1624719
19848	mcgee	1624565
19849	kissimmee	1624516
19850	acp	1624489
19851	disturbances	1624387
19852	chandelier	1624310
19853	linker	1624265
19854	embryonic	1624255
19855	tetris	1624134
19856	carver	1623528
19857	paterson	1623389
19858	tds	1623347
19859	delle	1622985
19860	graceful	1622934
19861	synchronized	1622900
19862	intercept	1622820
19863	hsbc	1622585
19864	shellfish	1622561
19865	shouts	1622397
19866	ascertain	1622362
19867	astoria	1622194
19868	veto	1621850
19869	trajectory	1621591
19870	epsilon	1621534
19871	exhaustive	1621192
19872	annoyed	1620937
19873	bureaucracy	1620932
19874	knowles	1620869
19875	astrophysics	1620767
19876	paz	1620531
19877	stalls	1620379
19878	fined	1620321
19879	bien	1620307
19880	hansard	1620240
19881	inward	1620214
19882	reflector	1620203
19883	greeted	1620123
19884	lai	1620043
19885	hartley	1619873
19886	defenses	1619699
19887	meaningless	1619312
19888	authorisation	1619249
19889	clam	1619041
19890	vampires	1618754
19891	relocate	1618749
19892	nerd	1618569
19893	francesco	1618462
19894	hes	1618232
19895	georg	1618208
19896	dac	1618101
19897	negligible	1617964
19898	starch	1617686
19899	melinda	1617518
19900	godfather	1617454
19901	apron	1617357
19902	glazing	1617235
19903	guts	1617220
19904	ros	1617065
19905	pragmatic	1616640
19906	tyranny	1616527
19907	provisioning	1616424
19908	warehouses	1616363
19909	mnt	1615936
19910	regimen	1615927
19911	axel	1615778
19912	expandable	1615574
19913	antony	1615554
19914	hahn	1615475
19915	maserati	1615447
19916	fluffy	1614981
19917	marianne	1614854
19918	slender	1614730
19919	hereford	1614622
19920	bender	1614611
19921	reliably	1614581
19922	aides	1614522
19923	forma	1614466
19924	fas	1614215
19925	sendo	1613683
19926	absorbing	1613367
19927	cherries	1613245
19928	hasbro	1613216
19929	gaelic	1613146
19930	gomez	1613018
19931	alec	1613007
19932	corba	1612985
19933	polski	1612907
19934	distinguishing	1612685
19935	multidisciplinary	1612652
19936	ventricular	1612393
19937	glazed	1612347
19938	judd	1612165
19939	dashed	1611726
19940	petersen	1611576
19941	libyan	1611446
19942	dickson	1611275
19943	distressed	1611230
19944	bans	1611048
19945	macquarie	1611045
19946	shouting	1610846
19947	pta	1610659
19948	poy	1610489
19949	mao	1610486
19950	bullock	1610451
19951	villagers	1610143
19952	transferable	1609980
19953	yummy	1609762
19954	acknowledgments	1609662
19955	ethiopian	1609503
19956	momma	1609120
19957	lehigh	1609100
19958	mermaid	1609095
19959	buds	1608970
19960	concordance	1608773
19961	greenberg	1608552
19962	trish	1608418
19963	sexes	1608110
19964	wilder	1607947
19965	sire	1607933
19966	centred	1607604
19967	confinement	1607573
19968	islanders	1607540
19969	ding	1607311
19970	uncover	1607309
19971	contested	1607211
19972	coma	1607183
19973	husky	1606901
19974	conserve	1606807
19975	bland	1606490
19976	electrodes	1606426
19977	svcd	1606193
19978	cron	1606172
19979	darth	1606166
19980	abatement	1606065
19981	cramer	1605899
19982	yup	1605889
19983	originator	1605760
19984	ching	1605671
19985	whipping	1605514
19986	skipping	1605494
19987	melanoma	1605480
19988	thug	1604910
19989	routed	1604615
19990	rudolph	1604547
19991	abigail	1604495
19992	missionaries	1604411
19993	yugoslav	1604248
19994	householder	1603467
19995	occ	1603222
19996	cpan	1603146
19997	plotting	1603097
19998	yan	1602598
19999	succeeding	1602365
20000	bizjournalshire	1602219
20001	tco	1602155
20002	shaver	1602119
20003	grammy	1602115
20004	elmer	1601986
20005	fibrosis	1601917
20006	sails	1601569
20007	opel	1601543
20008	schuster	1601402
20009	hummingbird	1601201
20010	overlook	1601141
20011	ported	1600981
20012	robes	1600721
20013	eeo	1600660
20014	sham	1600637
20015	fungus	1600543
20016	astonishing	1600443
20017	polyethylene	1600441
20018	graveyard	1600393
20019	chunks	1600392
20020	bourne	1600189
20021	revert	1600125
20022	ignores	1599932
20023	parametric	1599852
20024	popping	1599836
20025	captains	1599805
20026	loaf	1599779
20027	awarding	1599577
20028	dkk	1599292
20029	superbowl	1599172
20030	sse	1599055
20031	pandora	1598918
20032	haskell	1598864
20033	flatware	1598636
20034	skid	1598538
20035	eyeglasses	1598397
20036	fenton	1598301
20037	polaris	1598232
20038	gabrielle	1598182
20039	stad	1598154
20040	formulations	1598134
20041	abel	1597985
20042	bgp	1597907
20043	enigma	1597665
20044	glands	1597505
20045	parenthood	1597338
20046	militant	1596979
20047	latinos	1596708
20048	artworks	1596687
20049	doherty	1596634
20050	dnc	1596534
20051	jug	1596524
20052	inferno	1596428
20053	bci	1596096
20054	allegheny	1595875
20055	arenas	1595857
20056	aaaa	1595769
20057	torrents	1595707
20058	compressors	1595673
20059	outset	1595557
20060	confuse	1595533
20061	exclusives	1595494
20062	yvonne	1595484
20063	attaching	1595347
20064	adept	1595303
20065	lounges	1595240
20066	doubtful	1595099
20067	consultative	1594458
20068	ratified	1594263
20069	insecure	1593854
20070	explosions	1593698
20071	lst	1593082
20072	ais	1593010
20073	conveyor	1592655
20074	normative	1592501
20075	trunks	1592472
20076	gareth	1592256
20077	surg	1592244
20078	rst	1592042
20079	longtime	1592041
20080	versatility	1591891
20081	ecm	1591302
20082	mckay	1591040
20083	lothian	1590987
20084	fem	1590900
20085	spe	1590892
20086	intricate	1590775
20087	strata	1590600
20088	solver	1590469
20089	ani	1590450
20090	lacie	1590396
20091	solvents	1590391
20092	depository	1590375
20093	hubert	1590361
20094	proclamation	1590224
20095	beauties	1590126
20096	hybrids	1589976
20097	kudos	1589906
20098	gillian	1589767
20099	darrell	1589607
20100	jens	1589493
20101	creams	1589183
20102	irrespective	1589154
20103	poo	1589025
20104	handbooks	1588969
20105	agm	1588758
20106	imposition	1588551
20107	shawnee	1588383
20108	crowley	1588300
20109	ensured	1588066
20110	butalbital	1588045
20111	kidnapped	1587915
20112	sai	1587821
20113	cereals	1587782
20114	outrage	1587325
20115	poop	1587193
20116	scrubs	1587097
20117	orchestral	1587007
20118	artifact	1586626
20119	mdot	1586556
20120	coldwell	1586519
20121	qs	1586259
20122	depts	1586217
20123	bellingham	1585888
20124	veterinarian	1585882
20125	dripping	1585865
20126	merseyside	1585657
20127	cso	1585638
20128	krona	1585436
20129	afterward	1585402
20130	disseminate	1585078
20131	devote	1585046
20132	facets	1585021
20133	musique	1585002
20134	frightened	1584949
20135	noises	1584814
20136	ambiguity	1584695
20137	booths	1584453
20138	discourage	1584422
20139	elusive	1584397
20140	speculative	1584294
20141	puget	1584283
20142	madeira	1584124
20143	coasters	1584062
20144	intimacy	1583608
20145	geologic	1583318
20146	fleetwood	1583233
20147	hallway	1582743
20148	feldman	1582726
20149	whey	1582597
20150	ripping	1582529
20151	endocrinology	1582526
20152	replicas	1582449
20153	mei	1582288
20154	polygon	1582268
20155	mcg	1582176
20156	hob	1582154
20157	reloaded	1582037
20158	garry	1581995
20159	ester	1581770
20160	kwazulu	1581738
20161	servo	1581719
20162	riparian	1581501
20163	annan	1581335
20164	thriving	1581303
20165	hampers	1581237
20166	bragg	1581030
20167	gracious	1580782
20168	guelph	1580713
20169	tenuate	1580670
20170	snail	1580640
20171	curator	1580529
20172	curt	1580485
20173	jaime	1580471
20174	demise	1580466
20175	theoretically	1580262
20176	grooves	1580123
20177	sutra	1580071
20178	mower	1579636
20179	conveyed	1579407
20180	gamestats	1579020
20181	lvl	1578980
20182	swine	1578713
20183	faxing	1578666
20184	meyers	1578190
20185	typographical	1578094
20186	ellison	1578082
20187	testsuite	1577877
20188	ado	1577461
20189	trophies	1577448
20190	quicken	1577333
20191	stressful	1576993
20192	werden	1576992
20193	heron	1576813
20194	extranet	1576742
20195	remastered	1576551
20196	teac	1576427
20197	graft	1576259
20198	neg	1576110
20199	moth	1575719
20200	crossings	1575678
20201	derrick	1575574
20202	rma	1575379
20203	eastwood	1575302
20204	mash	1575231
20205	handspring	1575000
20206	germ	1574711
20207	envoy	1574245
20208	gerber	1573869
20209	breckenridge	1573851
20210	duran	1573846
20211	pug	1573807
20212	antoine	1573767
20213	aquarius	1573734
20214	domingo	1573611
20215	resembles	1573324
20216	stencil	1573182
20217	doorway	1573175
20218	srp	1572924
20219	scifi	1572905
20220	grandson	1572610
20221	tat	1572566
20222	catalina	1572280
20223	redding	1572221
20224	redirection	1572132
20225	accompaniment	1572132
20226	derivation	1572113
20227	showcases	1571980
20228	warden	1571954
20229	voir	1571876
20230	tug	1571859
20231	hmv	1570993
20232	refinery	1570958
20233	margarita	1570778
20234	clans	1570521
20235	instituted	1570486
20236	notary	1570481
20237	abort	1569892
20238	drs	1569784
20239	schroeder	1569724
20240	indent	1569632
20241	thi	1569597
20242	sociological	1569545
20243	chardonnay	1569430
20244	removals	1569412
20245	antrim	1569314
20246	offending	1569179
20247	forgetting	1569161
20248	macedonian	1568882
20249	accelerating	1568747
20250	votre	1568413
20251	guesthouse	1568387
20252	reservoirs	1568325
20253	barlow	1568078
20254	tyrone	1568048
20255	halle	1568027
20256	edged	1568009
20257	bz	1567991
20258	insiders	1567972
20259	encompass	1567719
20260	duvet	1567578
20261	spade	1567565
20262	hermes	1567382
20263	glare	1567097
20264	metaphysical	1566885
20265	decode	1566785
20266	looney	1566768
20267	insignificant	1566578
20268	exchanging	1566510
20269	pledges	1565915
20270	mentality	1565457
20271	brigham	1565408
20272	turbulent	1565195
20273	mts	1564993
20274	jewelers	1564984
20275	pip	1564790
20276	pup	1564770
20277	juneau	1564732
20278	dilution	1564616
20279	fortunes	1564213
20280	sultan	1564160
20281	masked	1564129
20282	casing	1563984
20283	veterinarians	1563930
20284	plotted	1563400
20285	colourful	1563266
20286	grids	1562935
20287	sightings	1562930
20288	binutils	1562757
20289	spacer	1562582
20290	microprocessor	1562364
20291	haley	1562075
20292	deloitte	1562056
20293	claiborne	1561918
20294	clie	1561906
20295	cdm	1561876
20296	generously	1561858
20297	spills	1561773
20298	assistive	1561563
20299	amounted	1561483
20300	chronograph	1561111
20301	refunded	1560964
20302	sunnyvale	1560875
20303	icy	1560875
20304	repression	1560857
20305	reaper	1560609
20306	honoring	1560520
20307	spamcop	1560492
20308	facto	1560335
20309	lovin	1560205
20310	embracing	1560166
20311	climatic	1559502
20312	minimise	1559484
20313	broaden	1559424
20314	salinity	1559333
20315	nbsp	1559280
20316	begging	1559218
20317	specialising	1559090
20318	handout	1558920
20319	wharton	1558777
20320	routledge	1558736
20321	ramirez	1558500
20322	sui	1558304
20323	freddy	1558215
20324	bushes	1558141
20325	contend	1558005
20326	haiku	1557648
20327	restraints	1557441
20328	paisley	1557028
20329	telemarketing	1556849
20330	cutoff	1556770
20331	truncated	1556768
20332	gibbons	1556714
20333	nitric	1556649
20334	visuals	1556628
20335	ccs	1556558
20336	breads	1556548
20337	seg	1556532
20338	atop	1556394
20339	glover	1556346
20340	railroads	1555995
20341	unicorn	1555934
20342	normandy	1555892
20343	martina	1555878
20344	mclaughlin	1555875
20345	floats	1555518
20346	headlight	1555481
20347	kemp	1555393
20348	justices	1555220
20349	orderly	1555095
20350	sla	1554815
20351	pipermail	1554736
20352	sonneries	1554455
20353	wafer	1554217
20354	clinicians	1554198
20355	puck	1553945
20356	entertainers	1553828
20357	tripp	1553758
20358	peterthoeny	1553749
20359	blockers	1553747
20360	stash	1553737
20361	roofs	1553687
20362	reefs	1553553
20363	jamaican	1553520
20364	semen	1553302
20365	hover	1553261
20366	endogenous	1553194
20367	quarantine	1553168
20368	memorex	1552940
20369	showtime	1552926
20370	narcotics	1552907
20371	detrimental	1552843
20372	oceanfront	1552758
20373	molds	1552621
20374	elias	1552410
20375	flange	1552260
20376	realplayer	1552237
20377	mcc	1552215
20378	hou	1552160
20379	subsistence	1552081
20380	chilled	1551811
20381	foe	1551784
20382	citadel	1551634
20383	mpaa	1551570
20384	gogh	1551463
20385	topography	1551402
20386	allentown	1551378
20387	leaflets	1551366
20388	romero	1551270
20389	bnwt	1551208
20390	wrinkle	1551149
20391	contemplated	1551104
20392	predefined	1550681
20393	adolescence	1550535
20394	nun	1550442
20395	harmon	1550285
20396	indulge	1550268
20397	bernhard	1550073
20398	hearth	1549883
20399	buzznet	1549740
20400	edna	1549523
20401	embarrassed	1549509
20402	aggressively	1549351
20403	melodic	1549236
20404	coincide	1548922
20405	isi	1548687
20406	naics	1548551
20407	transgenic	1548492
20408	axim	1548319
20409	maynard	1548244
20410	brookfield	1548226
20411	endorsements	1548038
20412	genoa	1548016
20413	enlightened	1547532
20414	viscosity	1547408
20415	clippings	1547267
20416	radicals	1546947
20417	cve	1546877
20418	bengals	1546736
20419	estimator	1546672
20420	cls	1546659
20421	concurrently	1546489
20422	penetrate	1546460
20423	stride	1546387
20424	catastrophe	1546227
20425	leafs	1545582
20426	greatness	1545552
20427	electrician	1545500
20428	mayfield	1545493
20429	ftse	1545171
20430	archie	1545155
20431	samui	1545060
20432	parasites	1544973
20433	bleach	1544694
20434	entertained	1544676
20435	inventors	1543847
20436	unauthorised	1543425
20437	ferret	1543424
20438	louisa	1543294
20439	agony	1543205
20440	wolverine	1542951
20441	marseille	1542837
20442	taller	1542678
20443	doubling	1542664
20444	stupidity	1542655
20445	moor	1542580
20446	individualized	1542512
20447	ecn	1542466
20448	stephenson	1542254
20449	enrich	1542232
20450	foreground	1541989
20451	revelations	1541983
20452	replying	1541973
20453	raffle	1541879
20454	shredder	1541718
20455	incapable	1541556
20456	parte	1541532
20457	acknowledgment	1541230
20458	embedding	1541093
20459	hydrology	1541011
20460	mascot	1540949
20461	lube	1540706
20462	launcher	1540699
20463	mech	1540606
20464	labyrinth	1540575
20465	africans	1540301
20466	sway	1540207
20467	primers	1539508
20468	undergone	1539398
20469	lacey	1539328
20470	preach	1539268
20471	caregiver	1538863
20472	triangular	1538792
20473	disabling	1538700
20474	cones	1538688
20475	lupus	1538621
20476	sachs	1538324
20477	inversion	1538266
20478	thankfully	1538033
20479	qtek	1537887
20480	oy	1537880
20481	taxed	1537786
20482	presumption	1537386
20483	excitation	1537381
20484	twn	1537367
20485	salesman	1537227
20486	hatfield	1537123
20487	constantine	1537093
20488	confederation	1536984
20489	keane	1536978
20490	petals	1536666
20491	gator	1536519
20492	imprisoned	1536490
20493	memberlist	1536412
20494	utd	1536024
20495	nordstrom	1535891
20496	roseville	1535824
20497	heller	1535624
20498	dishwashers	1535552
20499	walla	1535192
20500	remixes	1535030
20501	cozumel	1534699
20502	replicate	1534588
20503	taped	1534342
20504	mcgrath	1534261
20505	docks	1534076
20506	biometric	1533923
20507	landowners	1533757
20508	sul	1533755
20509	incubation	1533624
20510	aggregates	1533450
20511	wrangler	1533415
20512	juno	1532810
20513	deux	1532778
20514	defiance	1532737
20515	asymmetric	1532639
20516	bully	1532418
20517	cytochrome	1532268
20518	valiant	1532221
20519	xfm	1532105
20520	constructions	1532063
20521	youngsters	1531841
20522	sps	1531716
20523	toad	1531662
20524	shure	1531591
20525	breasted	1531413
20526	banging	1531392
20527	vertigo	1531090
20528	unsatisfactory	1530984
20529	mcs	1530966
20530	fluent	1530869
20531	rhyme	1530733
20532	donating	1530273
20533	antec	1530204
20534	giveaway	1530090
20535	cmc	1529724
20536	alyssa	1529613
20537	cnt	1529574
20538	renter	1529377
20539	vmware	1529130
20540	eros	1529044
20541	patel	1528841
20542	aan	1528815
20543	honeywell	1528789
20544	mcintosh	1528560
20545	suffice	1528469
20546	nightclubs	1528451
20547	barrington	1528410
20548	luxor	1528236
20549	caterers	1528136
20550	capacitors	1527792
20551	rockefeller	1527746
20552	convened	1527545
20553	checkbox	1527484
20554	nah	1527428
20555	accusations	1527028
20556	debated	1526868
20557	itineraries	1526597
20558	stallion	1526497
20559	reagents	1526408
20560	christoph	1526337
20561	walkers	1526057
20562	eek	1525973
20563	equipments	1525907
20564	necessities	1525898
20565	ensembl	1525776
20566	weekdays	1525737
20567	camelot	1525571
20568	computations	1525533
20569	wineries	1525510
20570	vdc	1525497
20571	booker	1525480
20572	mattel	1525188
20573	deserted	1525106
20574	diversification	1524994
20575	wsdl	1524985
20576	matic	1524664
20577	xyz	1524657
20578	keepers	1524631
20579	antioxidant	1524520
20580	logically	1523845
20581	caravans	1523818
20582	esrb	1523789
20583	archos	1523685
20584	oranges	1523633
20585	bum	1523602
20586	presse	1523582
20587	olga	1523371
20588	semesters	1523286
20589	naruto	1523226
20590	contends	1522978
20591	snort	1522943
20592	occupants	1522882
20593	storyline	1522878
20594	melrose	1522808
20595	streamlined	1522734
20596	analysing	1522577
20597	airway	1522558
20598	iconv	1522476
20599	organiser	1522308
20600	vim	1522278
20601	commas	1521986
20602	vicky	1521949
20603	luminous	1521841
20604	crowe	1521823
20605	helvetica	1521708
20606	ssp	1521575
20607	submitter	1521555
20608	unparalleled	1521531
20609	anyhow	1521509
20610	cambria	1521463
20611	waterfalls	1521358
20612	obtains	1521339
20613	antwerp	1521246
20614	ulrich	1520871
20615	hardened	1520707
20616	primal	1520572
20617	straits	1520307
20618	icp	1520260
20619	upheld	1520200
20620	manifestation	1520142
20621	wir	1520137
20622	malt	1520084
20623	subsets	1520074
20624	blazers	1519924
20625	jupitermedia	1519918
20626	merritt	1519662
20627	triad	1519533
20628	webpages	1519531
20629	yp	1519044
20630	clinique	1518938
20631	fitch	1518593
20632	charting	1518351
20633	sinai	1518310
20634	ugm	1518233
20635	fixation	1518138
20636	bsa	1518101
20637	lenovo	1518003
20638	endowed	1517872
20639	alamos	1517447
20640	cameo	1517437
20641	attire	1517340
20642	blaine	1516978
20643	leach	1516929
20644	gravitational	1516658
20645	typewriter	1516482
20646	cyrillic	1516306
20647	prevacid	1516266
20648	pomona	1516249
20649	goddard	1516197
20650	designee	1516146
20651	fanny	1516099
20652	sunni	1516089
20653	plagiarism	1515932
20654	milky	1515925
20655	netflix	1515389
20656	combs	1515329
20657	monoxide	1515230
20658	upland	1515055
20659	groupee	1514994
20660	hardin	1514925
20661	colorectal	1514858
20662	outage	1514405
20663	unconstitutional	1514294
20664	chunky	1514128
20665	adopts	1514082
20666	raptor	1513893
20667	ima	1513442
20668	coulter	1513376
20669	macao	1512986
20670	iain	1512803
20671	mtn	1512743
20672	snaps	1512455
20673	defends	1512358
20674	depicts	1512323
20675	pbx	1512302
20676	pilgrimage	1512182
20677	quantify	1512122
20678	dmesg	1512027
20679	elevators	1512024
20680	elfwood	1511846
20681	substitutions	1511821
20682	lancome	1511774
20683	galleria	1511593
20684	inv	1511462
20685	hillsborough	1511429
20686	booklets	1511249
20687	pln	1511242
20688	ohne	1511131
20689	cin	1511114
20690	msp	1510916
20691	gluten	1510870
20692	narrowed	1510821
20693	spanked	1510290
20694	orthopaedic	1510178
20695	medi	1510110
20696	nrt	1510098
20697	eighteenth	1509937
20698	hurst	1509915
20699	inscription	1509871
20700	ascent	1509864
20701	obispo	1509863
20702	minogue	1509663
20703	turbines	1509425
20704	notepad	1508900
20705	pisa	1508743
20706	tedious	1508727
20707	pods	1508594
20708	universally	1508293
20709	crappy	1508129
20710	golfer	1508058
20711	afs	1507706
20712	receivables	1507083
20713	chewing	1507050
20714	scripps	1506924
20715	accommodated	1506562
20716	tendencies	1506469
20717	livermore	1506467
20718	rowland	1506408
20719	welded	1505853
20720	conforms	1505656
20721	cirque	1505418
20722	ost	1505328
20723	marxism	1505010
20724	reggie	1504876
20725	escondido	1504848
20726	diffraction	1504807
20727	aha	1504696
20728	outlining	1504562
20729	subtract	1504291
20730	bosnian	1504285
20731	refreshments	1503788
20732	depict	1503760
20733	coils	1503707
20734	callers	1503661
20735	hydration	1503550
20736	havent	1503150
20737	preferential	1503135
20738	dre	1503087
20739	navel	1503077
20740	arbitrator	1503052
20741	interns	1502965
20742	quotas	1502658
20743	prolific	1502628
20744	nurseries	1502618
20745	methodological	1502334
20746	aarp	1502235
20747	gettysburg	1502113
20748	iseries	1502012
20749	menlo	1501940
20750	walkthrough	1501819
20751	footsteps	1501774
20752	indefinitely	1501553
20753	sucker	1501371
20754	bumps	1501221
20755	bikinis	1501192
20756	frightening	1501182
20757	wildly	1501136
20758	sable	1501050
20759	aopen	1501032
20760	retarded	1500950
20761	bookcrossing	1500813
20762	addicts	1500797
20763	epithelial	1500752
20764	drastically	1500749
20765	neatly	1500725
20766	singleton	1500424
20767	spaniel	1500052
20768	somerville	1500009
20769	worthless	1499925
20770	clarks	1499873
20771	git	1499593
20772	spool	1499516
20773	groupware	1499310
20774	matchmaking	1499003
20775	dict	1498809
20776	jeopardy	1498553
20777	descriptors	1498536
20778	rovers	1498515
20779	voiced	1498292
20780	aeronautics	1498200
20781	radiography	1498196
20782	norsk	1498173
20783	nps	1498002
20784	afr	1497917
20785	annoy	1497815
20786	expr	1497764
20787	clap	1497714
20788	ejb	1497479
20789	aspiring	1497326
20790	refereed	1497174
20791	dazzling	1497109
20792	cornelius	1496992
20793	afi	1496874
20794	scientifically	1496742
20795	grandpa	1496650
20796	cornish	1496564
20797	guessed	1496547
20798	kennels	1496215
20799	sera	1496043
20800	toxin	1495922
20801	axiom	1495473
20802	stamina	1495462
20803	hardness	1495434
20804	abound	1494791
20805	poynter	1494768
20806	curing	1494526
20807	socrates	1494423
20808	aztec	1494241
20809	confer	1494223
20810	vents	1493908
20811	mater	1493901
20812	oneida	1493805
20813	filmmaker	1493747
20814	aiken	1493709
20815	crowned	1493663
20816	sandstone	1493641
20817	adapting	1493600
20818	grounding	1493410
20819	smartphones	1493396
20820	calvert	1493348
20821	fiduciary	1493249
20822	cranes	1493208
20823	rooster	1493153
20824	bayesian	1493135
20825	saccharomyces	1493077
20826	cfp	1493033
20827	proctor	1492965
20828	prehistoric	1492829
20829	humps	1492758
20830	balkans	1492755
20831	osi	1492702
20832	dictate	1492381
20833	joker	1492319
20834	zimmerman	1492257
20835	javier	1492255
20836	romantics	1492239
20837	trimmer	1492133
20838	bookkeeping	1492064
20839	hmo	1491986
20840	hikes	1491709
20841	kickoff	1491629
20842	wiped	1491628
20843	contours	1490989
20844	magick	1490735
20845	abdomen	1490684
20846	hillsboro	1490608
20847	baden	1490601
20848	blm	1490407
20849	tudor	1490389
20850	fractal	1490337
20851	paws	1490242
20852	mtg	1490213
20853	villains	1490210
20854	poke	1490170
20855	prayed	1490059
20856	inefficient	1490006
20857	heirs	1489908
20858	parasite	1489862
20859	guildford	1489589
20860	twill	1489583
20861	therapeutics	1489353
20862	shortcomings	1489316
20863	cures	1489176
20864	disruptive	1488954
20865	kicker	1488808
20866	protease	1488691
20867	concentrates	1488683
20868	preclude	1488523
20869	abrams	1488470
20870	moreno	1488410
20871	newsforge	1488133
20872	fasting	1488012
20873	timex	1487849
20874	duffy	1487687
20875	loudly	1487472
20876	racers	1487449
20877	horseshoe	1487445
20878	zeus	1487171
20879	constellation	1487144
20880	recital	1487036
20881	cma	1486918
20882	pairing	1486812
20883	utrecht	1486742
20884	kirkland	1486570
20885	freud	1486467
20886	bedtime	1486429
20887	thinkers	1486220
20888	gujarat	1486026
20889	hume	1485786
20890	dkny	1485690
20891	reminiscent	1485658
20892	rapport	1485476
20893	ephesians	1485036
20894	catfish	1485016
20895	dope	1485011
20896	doubletree	1484992
20897	brink	1484879
20898	transex	1484848
20899	tdd	1484708
20900	hotpoint	1484411
20901	truss	1484384
20902	kiln	1484251
20903	anthologies	1484212
20904	retirees	1484015
20905	peaches	1483832
20906	depressing	1483701
20907	dcc	1483624
20908	btu	1483619
20909	investigates	1483596
20910	strangely	1483377
20911	chelmsford	1483062
20912	narratives	1482906
20913	sud	1482894
20914	skipper	1482870
20915	gy	1482775
20916	drains	1482766
20917	anonymity	1482647
20918	gotham	1482536
20919	lyle	1482527
20920	maxima	1482496
20921	unification	1482459
20922	sous	1481941
20923	pinot	1481847
20924	responsiveness	1481807
20925	testimonial	1481582
20926	khaki	1481504
20927	gazetteer	1481445
20928	distributes	1481334
20929	jacobson	1481272
20930	kda	1481243
20931	navigating	1481130
20932	imitrex	1480884
20933	monash	1480640
20934	binghamton	1480518
20935	connolly	1480510
20936	homology	1480388
20937	slough	1480201
20938	prodigy	1480016
20939	embossed	1480003
20940	mould	1479845
20941	jock	1479745
20942	rpms	1479563
20943	psychedelic	1479060
20944	blasts	1479035
20945	gyn	1478793
20946	rhinestone	1478557
20947	poorer	1478500
20948	ely	1478336
20949	anglia	1478289
20950	dyed	1478243
20951	quadratic	1478159
20952	dissatisfied	1477991
20953	philharmonic	1477989
20954	dynamical	1477917
20955	cantonese	1477895
20956	quran	1477824
20957	turnovr	1477818
20958	keychain	1477785
20959	shakers	1477675
20960	bourbon	1477640
20961	staggering	1477324
20962	bismarck	1477177
20963	hoe	1477042
20964	rubbed	1476964
20965	wasp	1476640
20966	inhibited	1476480
20967	bookseller	1476151
20968	lexical	1475986
20969	openssl	1475963
20970	ugg	1475746
20971	mathematica	1475684
20972	karachi	1475630
20973	missoula	1475616
20974	abilene	1475478
20975	fdid	1475405
20976	fuss	1475395
20977	muir	1475331
20978	uterus	1475031
20979	snes	1474755
20980	swat	1474739
20981	pune	1474718
20982	trashy	1474429
20983	chimes	1474244
20984	expended	1473940
20985	webct	1473937
20986	webber	1473773
20987	pvr	1473685
20988	handycam	1473603
20989	aggregated	1473210
20990	zn	1473198
20991	strategically	1473002
20992	dms	1472768
20993	anus	1472531
20994	pico	1472515
20995	dnr	1472344
20996	exhibiting	1472106
20997	gimme	1471759
20998	deputies	1471758
20999	emergent	1471526
21000	erika	1471358
21001	authenticate	1471179
21002	aligning	1471019
21003	nee	1470805
21004	beaufort	1470562
21005	nautilus	1470549
21006	radically	1470365
21007	doulton	1470112
21008	terminating	1470085
21009	platter	1470060
21010	rtp	1469435
21011	dracula	1469183
21012	umm	1468963
21013	modding	1468884
21014	chamberlain	1468782
21015	eap	1468506
21016	steamboat	1468483
21017	brewster	1468464
21018	inferred	1468285
21019	shaman	1468264
21020	letra	1468238
21021	croft	1468213
21022	ism	1467998
21023	uplifting	1467569
21024	mandriva	1467306
21025	seti	1467270
21026	extracellular	1467215
21027	penal	1467202
21028	exclusions	1467108
21029	jaipur	1466947
21030	pageant	1466870
21031	henley	1466836
21032	purchasers	1466738
21033	stockport	1466640
21034	eiffel	1466622
21035	plywood	1466424
21036	dnp	1466338
21037	morbidity	1466314
21038	wimax	1466055
21039	effexor	1465969
21040	binders	1465698
21041	pitchers	1465415
21042	custodial	1465414
21043	combi	1465296
21044	integrator	1465218
21045	sonnerie	1465138
21046	teri	1464801
21047	tracts	1464728
21048	sectoral	1464663
21049	trombone	1464599
21050	postsecondary	1464473
21051	morally	1464424
21052	rbd	1464119
21053	hosiery	1463980
21054	yt	1463976
21055	ambulatory	1463943
21056	lookin	1463900
21057	reptile	1463849
21058	xff	1463722
21059	camouflage	1463509
21060	beckham	1463499
21061	overdue	1463329
21062	dispensers	1463256
21063	cowan	1463253
21064	firebird	1463235
21065	qu	1463168
21066	mohawk	1463078
21067	riots	1463036
21068	showbiz	1462893
21069	hassan	1462884
21070	schwarz	1462740
21071	hbox	1462700
21072	waikiki	1462620
21073	persuaded	1462185
21074	teasing	1462090
21075	rejecting	1462022
21076	emphasizing	1461735
21077	unbound	1461734
21078	quentin	1461699
21079	lng	1461692
21080	pds	1461648
21081	antiqua	1461276
21082	shepard	1461257
21083	sacrifices	1461250
21084	delinquent	1461031
21085	contrasting	1460652
21086	nestle	1460619
21087	correspondents	1460510
21088	boxers	1460437
21089	guthrie	1460409
21090	imperfect	1460287
21091	disguise	1460125
21092	eleventh	1460049
21093	embassies	1460032
21094	asics	1459949
21095	barbeque	1459910
21096	workouts	1459725
21097	lapse	1459542
21098	ini	1459517
21099	mrc	1459491
21100	seamlessly	1459376
21101	wally	1459126
21102	ncc	1459114
21103	girlfriends	1459086
21104	phenomenal	1459077
21105	songbook	1459064
21106	civilizations	1458966
21107	hepatic	1458940
21108	friendships	1458801
21109	copeland	1458496
21110	marjorie	1458423
21111	shrub	1458217
21112	kindred	1458000
21113	reconsider	1457854
21114	sanctioned	1457827
21115	swanson	1457728
21116	aquifer	1457623
21117	parfums	1457497
21118	condemn	1457478
21119	renegade	1457463
21120	ldl	1457107
21121	pgs	1456934
21122	awaits	1456869
21123	hue	1456848
21124	xga	1456754
21125	augmented	1456196
21126	amends	1456157
21127	svensk	1456153
21128	fullest	1456067
21129	shafts	1455982
21130	finer	1455912
21131	ys	1455822
21132	stereotypes	1455594
21133	marlins	1455521
21134	burdens	1455496
21135	invocation	1455268
21136	shelly	1455235
21137	gillespie	1455196
21138	exiting	1455185
21139	brooch	1455013
21140	saginaw	1454712
21141	polyurethane	1454696
21142	motifs	1454600
21143	seks	1454588
21144	textus	1454439
21145	johansson	1453825
21146	nineteen	1453770
21147	spraying	1453737
21148	griffiths	1453682
21149	hamburger	1453555
21150	reactivity	1453536
21151	invaders	1453269
21152	edmond	1453269
21153	lieberman	1453150
21154	volunteered	1452642
21155	windchill	1452367
21156	swollen	1452350
21157	liste	1452288
21158	storefront	1452144
21159	grasses	1452117
21160	scatter	1452106
21161	eof	1452081
21162	steward	1452024
21163	ito	1452008
21164	cherished	1452003
21165	smack	1451860
21166	incidentally	1451850
21167	codeine	1451633
21168	tetex	1451618
21169	cheerleading	1451494
21170	wellbeing	1451477
21171	sine	1451457
21172	pkwy	1451404
21173	depleted	1451247
21174	holiness	1451199
21175	divinity	1451025
21176	campaigning	1450863
21177	hairdryer	1450828
21178	tougher	1450525
21179	sherlock	1450489
21180	punitive	1450376
21181	comprehend	1450194
21182	cloak	1450056
21183	exon	1450047
21184	outsource	1449957
21185	thier	1449952
21186	siebel	1449890
21187	captions	1449881
21188	pamphlet	1449812
21189	clipper	1449564
21190	kf	1449519
21191	umbrellas	1449421
21192	chromosomes	1449404
21193	priceless	1449362
21194	mig	1449194
21195	assassin	1449166
21196	emailing	1448963
21197	exploiting	1448872
21198	cynical	1448585
21199	toro	1448569
21200	manic	1448525
21201	etched	1448486
21202	novotel	1448276
21203	bray	1448180
21204	choke	1448146
21205	ndp	1448007
21206	transmitters	1447981
21207	nicola	1447929
21208	minidv	1447555
21209	underwent	1447554
21210	collaborating	1447540
21211	tuxedo	1447475
21212	receptus	1446992
21213	michelin	1446870
21214	comforts	1446565
21215	appoints	1446521
21216	bicycling	1446498
21217	itt	1446494
21218	keene	1446253
21219	rachael	1446161
21220	swallowed	1446160
21221	blueberry	1446148
21222	schumacher	1445820
21223	imperialism	1445473
21224	mouths	1445454
21225	socioeconomic	1445397
21226	halter	1444780
21227	ley	1444718
21228	hamster	1444712
21229	bushnell	1444571
21230	ergonomics	1444416
21231	finalize	1444341
21232	ike	1444273
21233	lumens	1444161
21234	pumpkins	1444083
21235	sudanese	1443864
21236	softpedia	1443677
21237	iff	1443652
21238	shrinking	1443476
21239	roar	1443087
21240	novelist	1442956
21241	faceplate	1442881
21242	packer	1442731
21243	ibs	1442729
21244	potomac	1442637
21245	arroyo	1442621
21246	tipped	1442382
21247	amidst	1442041
21248	insurgents	1442024
21249	wanda	1441976
21250	etching	1441884
21251	discouraged	1441752
21252	gall	1441714
21253	oblivion	1441405
21254	gravy	1441099
21255	broward	1441074
21256	globus	1440925
21257	inherit	1440810
21258	pir	1440730
21259	sprinkle	1440676
21260	stitching	1440632
21261	reco	1440533
21262	softcore	1440350
21263	advisable	1440101
21264	loi	1439968
21265	meme	1439956
21266	referencing	1439923
21267	gladstone	1439747
21268	typ	1439556
21269	guangzhou	1439409
21270	jugs	1439342
21271	congregations	1439118
21272	handing	1439044
21273	payer	1439009
21274	ze	1438804
21275	beforehand	1438671
21276	nader	1438522
21277	laborer	1438510
21278	militants	1438386
21279	resins	1438186
21280	watcher	1438120
21281	vibrations	1437915
21282	apes	1437895
21283	strawberries	1437661
21284	abbas	1437558
21285	moods	1437510
21286	cougar	1437459
21287	montrose	1437339
21288	dobson	1437255
21289	surreal	1437237
21290	ives	1437217
21291	soaked	1437194
21292	irradiation	1437097
21293	redesigned	1436962
21294	raster	1436870
21295	abridged	1436609
21296	credential	1436353
21297	checklists	1436283
21298	quirky	1436076
21299	oscillator	1435927
21300	palate	1435844
21301	finalists	1435819
21302	encrypt	1435748
21303	mgt	1435720
21304	thierry	1435458
21305	sneakers	1435326
21306	incontinence	1435118
21307	pajamas	1435077
21308	masculine	1435005
21309	murdoch	1434963
21310	dali	1434946
21311	lubricant	1434673
21312	realizes	1434600
21313	kahn	1434282
21314	quests	1434216
21315	mgr	1434030
21316	petitioners	1433951
21317	outsourced	1433830
21318	constable	1433656
21319	jody	1433607
21320	sayings	1433495
21321	unconditional	1433458
21322	plasmid	1433142
21323	vue	1433007
21324	schiavo	1432633
21325	unbeatable	1432468
21326	progressively	1432156
21327	upstate	1431975
21328	lymphocytes	1431783
21329	topping	1431763
21330	repayments	1431761
21331	baird	1431753
21332	chilling	1431748
21333	translucent	1431676
21334	transsexuals	1431610
21335	fueled	1431603
21336	glaze	1431525
21337	newcomer	1431456
21338	branching	1431164
21339	mex	1431119
21340	xanga	1431099
21341	unmarried	1431009
21342	sverige	1430998
21343	extrait	1430993
21344	pelvic	1430981
21345	monochrome	1430835
21346	activating	1430694
21347	antioxidants	1430458
21348	gynecology	1430339
21349	unexpectedly	1430243
21350	mythtv	1430065
21351	funniest	1430018
21352	bona	1429954
21353	probabilistic	1429903
21354	scorpion	1429532
21355	mirrored	1429502
21356	cooperating	1429352
21357	calibrated	1429316
21358	sel	1429135
21359	phased	1428708
21360	anatomical	1428439
21361	godzilla	1428182
21362	eweek	1427986
21363	airbus	1427894
21364	simplex	1427802
21365	webhome	1427629
21366	misdemeanor	1427390
21367	aerobics	1427149
21368	sabrina	1427091
21369	tobias	1426681
21370	salle	1426680
21371	infra	1426499
21372	strasbourg	1426430
21373	commemorative	1426393
21374	condor	1426304
21375	gated	1426083
21376	gaap	1426015
21377	implicitly	1425958
21378	sasha	1425914
21379	ebayer	1425732
21380	ewing	1425635
21381	hmc	1425449
21382	austen	1425435
21383	assurances	1425420
21384	bitrate	1425215
21385	karnataka	1425198
21386	comedian	1425171
21387	rascal	1424891
21388	nid	1424780
21389	amish	1424712
21390	roberta	1424481
21391	ffm	1424480
21392	duh	1424410
21393	hyperlinks	1424368
21394	dizzy	1424316
21395	clitoris	1424208
21396	outbreaks	1424181
21397	annuities	1424126
21398	hse	1424092
21399	slit	1424036
21400	cribs	1423971
21401	whitening	1423889
21402	occupying	1423879
21403	reliant	1423814
21404	subcontractor	1423710
21405	fendi	1423618
21406	giveaways	1423502
21407	depicting	1423344
21408	ordnance	1423287
21409	wah	1423019
21410	psych	1422877
21411	hydrochloride	1422759
21412	verge	1422550
21413	ransom	1422526
21414	magnification	1422443
21415	nomad	1422041
21416	twelfth	1421983
21417	dagger	1421836
21418	thorn	1421673
21419	preamble	1421535
21420	mor	1421481
21421	proponents	1421390
21422	priceline	1421297
21423	ecco	1421088
21424	spins	1421064
21425	solicit	1420983
21426	provoking	1420847
21427	backpackers	1420824
21428	orchids	1420607
21429	buckets	1420493
21430	kohler	1420344
21431	irb	1419944
21432	initialized	1419923
21433	ava	1419781
21434	silverado	1419386
21435	amr	1419331
21436	spoil	1419320
21437	ecu	1419299
21438	psychiatrist	1419189
21439	lauder	1419067
21440	soldering	1419022
21441	phono	1418855
21442	crd	1418753
21443	daryl	1418692
21444	blazing	1418665
21445	trp	1418657
21446	palermo	1418570
21447	lehman	1418186
21448	daihatsu	1418153
21449	grantee	1418138
21450	enhancer	1418098
21451	anglers	1417800
21452	snapped	1417653
21453	alligator	1417637
21454	detectives	1417524
21455	rochelle	1417520
21456	rottweiler	1417341
21457	nomenclature	1417189
21458	abdullah	1417098
21459	filefront	1416956
21460	invade	1416953
21461	visualize	1416743
21462	psd	1416527
21463	regulates	1416413
21464	adb	1416413
21465	hoses	1416325
21466	bidpay	1416224
21467	rendezvous	1416074
21468	ias	1415876
21469	strives	1415683
21470	trapping	1415594
21471	gardeners	1415307
21472	clemens	1415259
21473	turntable	1415247
21474	deuteronomy	1415148
21475	diminish	1415066
21476	screenings	1415030
21477	britannia	1415005
21478	pivotal	1414963
21479	pai	1414879
21480	heuer	1414480
21481	fic	1414405
21482	manifestations	1414392
21483	nix	1414384
21484	tak	1414341
21485	lineno	1414293
21486	stitches	1414175
21487	promulgated	1413938
21488	mediocre	1413922
21489	fdi	1413836
21490	provo	1413618
21491	passports	1413465
21492	checkins	1413301
21493	ayrshire	1413242
21494	plating	1413106
21495	invent	1413087
21496	eagerly	1413031
21497	lycra	1412522
21498	planck	1412481
21499	damascus	1412476
21500	yugioh	1412415
21501	reactors	1412400
21502	npc	1412376
21503	reformation	1412334
21504	kingsley	1412293
21505	careerbuilder	1412092
21506	hypocrisy	1411958
21507	gillette	1411925
21508	fluoride	1411775
21509	parishes	1411736
21510	stacking	1411723
21511	cochran	1411718
21512	suomi	1410932
21513	sissy	1410911
21514	trooper	1410909
21515	trang	1410775
21516	bun	1410710
21517	calculates	1410700
21518	compendium	1410624
21519	thunderstorms	1410569
21520	disappears	1410391
21521	cip	1410346
21522	transcriptional	1409835
21523	hymns	1409831
21524	monotone	1409778
21525	finalized	1409711
21526	referees	1409698
21527	palsy	1409502
21528	deerfield	1409276
21529	propositions	1409249
21530	lsc	1409103
21531	locomotive	1409043
21532	cochrane	1409039
21533	debating	1408931
21534	eldorado	1408905
21535	esmtp	1408738
21536	cuffs	1408615
21537	conservancy	1408516
21538	otrs	1408461
21539	omim	1408458
21540	prosperous	1408407
21541	famine	1408340
21542	dielectric	1408275
21543	orally	1408223
21544	elliptical	1408104
21545	anand	1407981
21546	electrophoresis	1407931
21547	grabbing	1407769
21548	jogging	1407601
21549	sprinkler	1407590
21550	stipulated	1407557
21551	imbalance	1407312
21552	persuasive	1407248
21553	cine	1407160
21554	horrors	1406992
21555	scarlett	1406903
21556	bearer	1406898
21557	pastors	1406684
21558	xen	1406658
21559	novak	1406646
21560	acquainted	1406439
21561	dependents	1406197
21562	dizziness	1405652
21563	backcountry	1405528
21564	artistdirect	1405359
21565	outboard	1405276
21566	ture	1405222
21567	brilliance	1404955
21568	nicky	1404900
21569	originate	1404765
21570	pitches	1404744
21571	respectable	1404442
21572	scc	1404249
21573	lockheed	1404241
21574	raj	1404214
21575	horace	1403852
21576	prohibiting	1403843
21577	disappearance	1403596
21578	iana	1403449
21579	morals	1403442
21580	elmo	1403397
21581	invaded	1403322
21582	unmatched	1403008
21583	scranton	1403005
21584	spoiled	1402980
21585	ixus	1402904
21586	pinpoint	1402675
21587	monet	1402373
21588	gabbana	1402320
21589	pickle	1402073
21590	neumann	1401942
21591	outta	1401625
21592	dieting	1401469
21593	andhra	1401441
21594	ralf	1401434
21595	quaker	1401179
21596	haunting	1401138
21597	manipulating	1401011
21598	tangent	1400698
21599	tempest	1400397
21600	appraisers	1400100
21601	petra	1400057
21602	xenon	1400039
21603	dominique	1399933
21604	hybridization	1399809
21605	waving	1399803
21606	anh	1399801
21607	abercrombie	1399587
21608	trax	1399503
21609	otherosfs	1399389
21610	dai	1399309
21611	ssc	1399206
21612	uneven	1399055
21613	danbury	1399025
21614	plata	1398884
21615	plurality	1398870
21616	nofx	1398859
21617	warrington	1398854
21618	sharma	1398581
21619	adventurous	1398567
21620	rockers	1398547
21621	palliative	1398546
21622	recieve	1398473
21623	luigi	1398437
21624	bayou	1397958
21625	accueil	1397930
21626	cufflinks	1397899
21627	queues	1397894
21628	relisted	1397754
21629	beep	1397739
21630	dunedin	1397412
21631	remanufactured	1397097
21632	confluence	1396948
21633	staffed	1396548
21634	blossoms	1396310
21635	succeeds	1396163
21636	orphans	1396159
21637	louder	1396143
21638	lightspeed	1396034
21639	grilling	1395994
21640	stalin	1395973
21641	boilers	1395953
21642	kaye	1395905
21643	bps	1395862
21644	reunions	1395828
21645	camo	1395772
21646	shoutbox	1395741
21647	toms	1395597
21648	yelling	1395556
21649	homeschool	1395527
21650	ccg	1395440
21651	lifehouse	1395290
21652	windsurfing	1395104
21653	trough	1395096
21654	leaned	1394618
21655	quadrant	1394521
21656	discrepancy	1394502
21657	slid	1394401
21658	pattaya	1394244
21659	relocated	1394184
21660	antioch	1394175
21661	untreated	1394151
21662	mkdir	1394035
21663	riaa	1393849
21664	divisional	1393818
21665	chihuahua	1393574
21666	mcconnell	1393422
21667	tonic	1393402
21668	resell	1393254
21669	chandigarh	1393194
21670	centrino	1392987
21671	osbourne	1392941
21672	magnus	1392937
21673	burnout	1392731
21674	classpath	1392665
21675	designations	1392625
21676	harrow	1392535
21677	jig	1392504
21678	spl	1392410
21679	reckless	1392393
21680	microwaves	1392298
21681	raining	1392293
21682	peasant	1392268
21683	vader	1392214
21684	coliseum	1392116
21685	ephedra	1392069
21686	qua	1392046
21687	spawning	1391705
21688	endothelial	1391647
21689	figuring	1391448
21690	citrate	1391411
21691	eduardo	1391136
21692	crushing	1391123
21693	snowman	1391103
21694	thorpe	1390854
21695	ordained	1390770
21696	edmonds	1390733
21697	hodges	1390646
21698	saucer	1390639
21699	chinook	1390622
21700	potty	1390617
21701	microbiol	1390552
21702	shooters	1390360
21703	passover	1390098
21704	norwalk	1390070
21705	bacillus	1389914
21706	fk	1389757
21707	byzantine	1389126
21708	tomas	1389089
21709	triangles	1388860
21710	cla	1388822
21711	spooky	1388735
21712	curvature	1388596
21713	rites	1388265
21714	sideways	1387766
21715	devious	1387678
21716	belleville	1387535
21717	venezuelan	1387486
21718	dreamer	1387422
21719	acknowledging	1387381
21720	estuary	1387115
21721	burglary	1386802
21722	cbr	1386776
21723	colby	1386754
21724	pouches	1386474
21725	pab	1386417
21726	hom	1386246
21727	subpoena	1386235
21728	thrilling	1386231
21729	spectacle	1386188
21730	hons	1386143
21731	sentiments	1386131
21732	interpretive	1386070
21733	ditto	1386002
21734	bareback	1385982
21735	nana	1385908
21736	extender	1385864
21737	waiter	1385770
21738	glucosamine	1385726
21739	proj	1385494
21740	oddly	1385252
21741	modesto	1385021
21742	designjet	1384984
21743	typhoon	1384872
21744	launchcast	1384829
21745	referrer	1384649
21746	zhejiang	1384568
21747	suchen	1384538
21748	raft	1384375
21749	cul	1384373
21750	nutshell	1384131
21751	arrogant	1384122
21752	ricci	1383784
21753	hermann	1383768
21754	superhero	1383752
21755	induces	1383718
21756	tooling	1383684
21757	tomography	1383672
21758	thrift	1383578
21759	berman	1383248
21760	vocalist	1383147
21761	sae	1382983
21762	tidbits	1382872
21763	admired	1382872
21764	stunts	1382862
21765	cystic	1382824
21766	pacifica	1382454
21767	kostenlos	1382358
21768	anniversaries	1382289
21769	iaea	1381700
21770	infrastructures	1381499
21771	littleton	1381377
21772	youthful	1381263
21773	commenters	1381213
21774	cali	1380876
21775	fairway	1380868
21776	postdoctoral	1380688
21777	stumbled	1380668
21778	prs	1380548
21779	fairchild	1380544
21780	ssb	1380344
21781	emitted	1380227
21782	spinner	1380109
21783	evanston	1379903
21784	homeopathic	1379703
21785	ordinarily	1379609
21786	hines	1379557
21787	sufficiency	1379490
21788	tempered	1379477
21789	slipping	1379406
21790	solitude	1379342
21791	cylindrical	1379287
21792	cpd	1379260
21793	destroyer	1378814
21794	braking	1378811
21795	ece	1378756
21796	fide	1378595
21797	undesirable	1378592
21798	platelet	1378519
21799	messageboard	1378430
21800	mongolian	1377751
21801	weakly	1377605
21802	parsley	1377594
21803	undue	1377567
21804	setback	1377551
21805	stunned	1377494
21806	smiths	1377482
21807	magyar	1377369
21808	recipezaar	1377285
21809	installers	1377247
21810	hostility	1377207
21811	groves	1377169
21812	subcategory	1377124
21813	pursuits	1376989
21814	markov	1376937
21815	reflux	1376882
21816	factbook	1376872
21817	tuple	1376804
21818	fibromyalgia	1376780
21819	adaptations	1376721
21820	jurisprudence	1376456
21821	rootsweb	1376408
21822	culver	1376258
21823	invariably	1376202
21824	lecturers	1376176
21825	progressed	1376073
21826	brow	1375648
21827	elves	1375481
21828	bratz	1375448
21829	kearney	1374990
21830	graeme	1374867
21831	bucharest	1374724
21832	kimball	1374652
21833	ntl	1374631
21834	chant	1374428
21835	lacoste	1374363
21836	turnkey	1374262
21837	sprays	1374214
21838	renters	1374199
21839	timberlake	1374196
21840	zack	1374002
21841	markham	1373936
21842	gels	1373875
21843	iframes	1373867
21844	tighten	1373432
21845	thinkgeek	1373330
21846	nafta	1373278
21847	revolver	1373255
21848	advertisment	1373235
21849	mountaineering	1373229
21850	screwdriver	1373116
21851	hutch	1373107
21852	beckett	1373060
21853	crowns	1372974
21854	intermediary	1372814
21855	matted	1372746
21856	apricot	1372632
21857	tufts	1372589
21858	homeschooling	1372375
21859	dealerships	1372362
21860	cuckold	1372071
21861	sakura	1372000
21862	byu	1371972
21863	unreliable	1371893
21864	jupiterweb	1371869
21865	rosewood	1371656
21866	parry	1371591
21867	existent	1371448
21868	phosphatase	1371318
21869	mahal	1371252
21870	killings	1371222
21871	tongues	1371081
21872	dictator	1370656
21873	robyn	1370570
21874	jehovah	1370498
21875	fanatics	1370272
21876	adirondack	1370037
21877	casablanca	1369924
21878	coeur	1369748
21879	perpendicular	1369633
21880	sdp	1369535
21881	pulaski	1369398
21882	mantra	1369355
21883	sourced	1369225
21884	carousel	1369112
21885	fay	1368931
21886	mpumalanga	1368735
21887	hedgehog	1368651
21888	raves	1368538
21889	mamma	1368416
21890	entails	1368267
21891	folly	1367992
21892	thermostat	1367967
21893	wheeling	1367716
21894	sharpe	1367636
21895	infarction	1367559
21896	hawthorn	1367531
21897	mural	1367338
21898	bankrupt	1367273
21899	polypropylene	1367126
21900	mailboxes	1367074
21901	southend	1367034
21902	maxell	1366997
21903	wager	1366964
21904	tundra	1366669
21905	vars	1366514
21906	youngstown	1366457
21907	farmland	1366419
21908	purge	1366135
21909	skater	1366115
21910	iep	1366037
21911	imho	1365983
21912	interpolation	1365967
21913	adjournment	1365842
21914	pitfalls	1365762
21915	disrupt	1365748
21916	stationed	1365418
21917	ambrose	1365272
21918	nightmares	1365166
21919	rampage	1365049
21920	aggravated	1365039
21921	fink	1364952
21922	jurassic	1364811
21923	deem	1364711
21924	gpg	1364699
21925	gnupg	1364527
21926	melville	1364503
21927	cavern	1364330
21928	ene	1363827
21929	sumner	1363674
21930	descended	1363212
21931	disgusting	1363181
21932	flax	1363175
21933	weakened	1363046
21934	imposes	1362910
21935	withdrew	1362840
21936	aliasing	1362818
21937	comix	1362567
21938	tart	1362374
21939	guerrilla	1362022
21940	solves	1361886
21941	hiroshima	1361832
21942	spoons	1361668
21943	jiang	1361610
21944	persona	1361500
21945	oscars	1361177
21946	poser	1361002
21947	boosting	1360956
21948	knownsite	1360954
21949	macarthur	1360953
21950	tram	1360948
21951	distinctions	1360738
21952	powerhouse	1360693
21953	peabody	1360631
21954	deodorant	1360554
21955	youre	1360397
21956	alia	1360176
21957	compulsive	1360158
21958	iced	1360088
21959	perky	1360009
21960	faulkner	1359931
21961	reinforcing	1359602
21962	scarcely	1359474
21963	extensible	1359254
21964	excused	1359136
21965	mtb	1359115
21966	fused	1359038
21967	catheter	1358691
21968	madeleine	1358505
21969	roaring	1358322
21970	practicum	1358209
21971	witchcraft	1358086
21972	stopper	1358043
21973	fibres	1357736
21974	photocopy	1357693
21975	cullen	1357674
21976	zipcode	1357623
21977	mcpherson	1357563
21978	saharan	1357514
21979	crested	1357509
21980	pixma	1357507
21981	hubbell	1357452
21982	lesbienne	1357274
21983	timeframe	1357260
21984	stump	1357079
21985	scalp	1356840
21986	gunn	1356678
21987	disarmament	1356677
21988	aed	1356539
21989	actin	1356491
21990	erwin	1356404
21991	interviewer	1356390
21992	vms	1356380
21993	wno	1356364
21994	conductors	1356348
21995	dbi	1356286
21996	criticisms	1356135
21997	waikato	1356086
21998	syslog	1355919
21999	orr	1355860
22000	gastroenterology	1355859
22001	hadley	1355795
22002	travelmate	1355617
22003	composting	1355576
22004	diplomat	1355414
22005	mackie	1355386
22006	sylvester	1355352
22007	choi	1355333
22008	uva	1355326
22009	melon	1355214
22010	fga	1355065
22011	tablespoon	1355051
22012	manganese	1354932
22013	siren	1354779
22014	oceanography	1354587
22015	vastly	1354491
22016	clasp	1354393
22017	stardust	1354145
22018	olives	1354049
22019	radiological	1354035
22020	nino	1354029
22021	commando	1354026
22022	summons	1353994
22023	lucrative	1353990
22024	porous	1353861
22025	bathtub	1353848
22026	shrewsbury	1353810
22027	urdu	1353695
22028	aedst	1353574
22029	greer	1353554
22030	motorway	1353494
22031	bile	1353296
22032	siegel	1353204
22033	cara	1353082
22034	ese	1353074
22035	ils	1352844
22036	hinduism	1352820
22037	elevations	1352758
22038	repositories	1352444
22039	freaky	1352418
22040	guangdong	1352331
22041	merlot	1352308
22042	thirst	1352279
22043	endeavors	1352012
22044	civ	1351849
22045	sportsman	1351806
22046	spielberg	1351688
22047	scratching	1351529
22048	lesley	1351518
22049	thom	1351508
22050	iodine	1351488
22051	phoebe	1351263
22052	phoneid	1351248
22053	salinas	1351166
22054	legged	1351011
22055	unilateral	1350929
22056	wipes	1350866
22057	fro	1350640
22058	krone	1350253
22059	dsn	1350213
22060	urgently	1350180
22061	shri	1350127
22062	exposes	1349895
22063	aegis	1349788
22064	natures	1349681
22065	colloquium	1349618
22066	matrox	1349548
22067	liberalism	1349410
22068	vk	1349329
22069	springsteen	1349177
22070	uhf	1348919
22071	fatalities	1348842
22072	supplementation	1348734
22073	meer	1348708
22074	derry	1348652
22075	suisse	1348414
22076	embodied	1348384
22077	altec	1348273
22078	mohammad	1347878
22079	frankenstein	1347765
22080	parc	1347723
22081	verbose	1347618
22082	heir	1347595
22083	phy	1347534
22084	successors	1347505
22085	eccentric	1347362
22086	yarmouth	1347356
22087	marbella	1347282
22088	transports	1347066
22089	sth	1347033
22090	amour	1346779
22091	iterator	1346616
22092	recieved	1346533
22093	slc	1346401
22094	cfl	1346254
22095	deterministic	1346097
22096	nci	1345929
22097	predictor	1345907
22098	salmonella	1345832
22099	nga	1345823
22100	nantucket	1345816
22101	viewable	1345812
22102	subnet	1345624
22103	maximise	1345439
22104	illustrative	1345429
22105	lotr	1345397
22106	prosecuted	1345345
22107	sailed	1345188
22108	isn	1345149
22109	chalets	1344986
22110	reimbursed	1344886
22111	lau	1344810
22112	craving	1344800
22113	advocating	1344667
22114	titel	1344553
22115	leaking	1344431
22116	watermark	1344334
22117	escaping	1344327
22118	totes	1344312
22119	possessing	1344167
22120	suicidal	1344100
22121	cruisers	1343786
22122	masonic	1343624
22123	forage	1343473
22124	mohamed	1343314
22125	dyslexia	1343235
22126	hubble	1343202
22127	thugs	1343168
22128	loco	1343167
22129	hellenic	1343144
22130	organics	1343136
22131	dearborn	1343045
22132	feds	1342978
22133	kwh	1342950
22134	ethel	1342863
22135	yiddish	1342730
22136	dopamine	1342414
22137	multiplier	1342155
22138	winzip	1342129
22139	sacd	1341944
22140	payoff	1341939
22141	distinctly	1341851
22142	spv	1341832
22143	sonar	1341822
22144	assertions	1341764
22145	baba	1341717
22146	pebble	1341583
22147	monticello	1341468
22148	flasher	1341269
22149	staffs	1341238
22150	subcontractors	1341210
22151	ets	1341111
22152	evangelism	1340905
22153	hoo	1340710
22154	denomination	1340584
22155	abortions	1340486
22156	patched	1340483
22157	patriotism	1340427
22158	battling	1340424
22159	lesion	1340294
22160	tickle	1340122
22161	bandit	1339877
22162	akira	1339862
22163	progesterone	1339832
22164	acquaintance	1339448
22165	ethyl	1339385
22166	lambs	1339048
22167	earthlink	1339045
22168	caramel	1339028
22169	immunodeficiency	1339002
22170	washburn	1338659
22171	xtra	1338464
22172	capitalized	1338350
22173	ceos	1338221
22174	maint	1338067
22175	pancreas	1337924
22176	loom	1337864
22177	blouse	1337862
22178	octopus	1337780
22179	xena	1337674
22180	neuro	1337649
22181	ara	1337611
22182	receptionist	1337492
22183	heightened	1337473
22184	chests	1337446
22185	cessna	1337437
22186	ambitions	1337349
22187	tru	1337210
22188	feline	1337137
22189	zombies	1337112
22190	grub	1337005
22191	ulcer	1336605
22192	cambodian	1336560
22193	interagency	1336501
22194	slew	1336497
22195	activision	1336410
22196	synchronize	1336374
22197	jenn	1336244
22198	juegos	1336228
22199	titties	1336162
22200	tay	1336095
22201	hornets	1336044
22202	crossfire	1335814
22203	menstrual	1335681
22204	canals	1335666
22205	negatives	1335659
22206	ankara	1335650
22207	threading	1335630
22208	duet	1335288
22209	intolerance	1335075
22210	ammonium	1334961
22211	spandex	1334917
22212	zephyr	1334891
22213	hdmi	1334600
22214	tamara	1334577
22215	ctc	1334557
22216	capcom	1334511
22217	tearing	1334273
22218	cato	1334200
22219	muffins	1333924
22220	peachtree	1333922
22221	naar	1333918
22222	autor	1333530
22223	fannie	1333454
22224	handyman	1333399
22225	aeg	1333387
22226	foothills	1333322
22227	ethic	1333320
22228	harlan	1333159
22229	taxon	1333053
22230	lcs	1333031
22231	indefinite	1332966
22232	slackware	1332904
22233	cougars	1332775
22234	atrium	1332575
22235	thine	1332569
22236	superiority	1332318
22237	gestures	1332261
22238	earch	1332161
22239	ambience	1332141
22240	genet	1332113
22241	nemesis	1332098
22242	engel	1332057
22243	confessional	1332052
22244	photopost	1332037
22245	cardigan	1332008
22246	uo	1331930
22247	infor	1331748
22248	neuronal	1331665
22249	taunton	1331655
22250	evaporation	1331645
22251	devise	1331534
22252	carrollton	1331478
22253	abolished	1331439
22254	sorrento	1331285
22255	blanchard	1331166
22256	checkers	1331147
22257	torrance	1331132
22258	uns	1331118
22259	toying	1331063
22260	parma	1330679
22261	yuma	1330659
22262	spokeswoman	1330418
22263	baccalaureate	1330383
22264	tripods	1330358
22265	wreath	1330354
22266	plight	1330333
22267	opium	1330299
22268	logistic	1330254
22269	middlesbrough	1330252
22270	personalization	1330092
22271	enema	1329511
22272	easement	1329506
22273	goalie	1329458
22274	darkroom	1329388
22275	irrational	1329359
22276	hydrocarbons	1328870
22277	gpm	1328603
22278	arches	1328319
22279	hoh	1328073
22280	naturalist	1327928
22281	encompassing	1327557
22282	hla	1327538
22283	penetrating	1327533
22284	destroys	1327503
22285	donaldson	1327414
22286	prussia	1327260
22287	lowers	1326880
22288	tiscover	1326767
22289	recor	1326646
22290	mori	1326515
22291	adi	1326458
22292	rockland	1326334
22293	cookery	1326261
22294	uniqueness	1326240
22295	hfs	1326150
22296	cascading	1326136
22297	metros	1326055
22298	hangers	1325872
22299	nal	1325684
22300	beatrice	1325653
22301	policeman	1325650
22302	cartilage	1325533
22303	broadcaster	1325424
22304	turnpike	1325099
22305	migratory	1324637
22306	jurors	1324485
22307	mea	1324431
22308	enumerated	1324371
22309	sheltered	1324275
22310	musculus	1324028
22311	degraded	1323960
22312	doctrines	1323892
22313	seams	1323885
22314	pleaded	1323774
22315	pca	1323349
22316	elasticity	1323328
22317	topo	1323260
22318	viewcvs	1323001
22319	eisenhower	1322947
22320	flashlights	1322939
22321	cel	1322845
22322	gutter	1322843
22323	ulcers	1322752
22324	myyahoo	1322679
22325	rosenthal	1322661
22326	affordability	1322617
22327	sloppy	1322519
22328	latham	1322412
22329	flannel	1322321
22330	volcanoes	1322196
22331	jailed	1322095
22332	ridden	1322007
22333	depp	1321689
22334	grapefruit	1321427
22335	contradictory	1321302
22336	trna	1321221
22337	motorbikes	1321203
22338	verdana	1320980
22339	bonita	1320501
22340	misunderstood	1320461
22341	nippon	1320399
22342	steamer	1320395
22343	cong	1320389
22344	barometer	1320357
22345	decorators	1320345
22346	dwl	1320263
22347	jizz	1320138
22348	pendleton	1320088
22349	exclaimed	1320051
22350	diem	1319948
22351	barge	1319916
22352	psoriasis	1319757
22353	spartan	1319649
22354	mavericks	1319608
22355	nea	1319530
22356	dianne	1319517
22357	crystalline	1319380
22358	rumours	1319120
22359	earnhardt	1319105
22360	famed	1319098
22361	brandt	1319098
22362	riga	1318977
22363	bengali	1318787
22364	amtrak	1318727
22365	resid	1318706
22366	tostring	1318593
22367	lessee	1318539
22368	respite	1318533
22369	goodyear	1318472
22370	utica	1318194
22371	grimm	1317982
22372	overclocking	1317894
22373	shetland	1317849
22374	kitchenaid	1317798
22375	cbt	1317693
22376	peacekeeping	1317554
22377	provocative	1317415
22378	guido	1317298
22379	oti	1317269
22380	interferon	1317188
22381	aas	1317123
22382	selectable	1317026
22383	chechnya	1316899
22384	rory	1316863
22385	woodbridge	1316839
22386	jas	1316739
22387	intersections	1316609
22388	tasted	1316517
22389	sma	1316487
22390	licked	1316428
22391	capitalization	1316045
22392	banged	1316034
22393	epi	1315354
22394	responder	1315336
22395	qv	1315301
22396	rufus	1315206
22397	thoracic	1315168
22398	phaser	1315140
22399	forensics	1315107
22400	hopeless	1315103
22401	infiltration	1314890
22402	henrik	1314884
22403	safest	1314785
22404	daphne	1314777
22405	ame	1314750
22406	serine	1314674
22407	bing	1314612
22408	pollock	1314501
22409	meteor	1314334
22410	schemas	1314254
22411	granville	1314240
22412	orthogonal	1314156
22413	ohms	1314152
22414	boosts	1314011
22415	stabilized	1313848
22416	veneer	1313843
22417	anonymously	1313723
22418	manageable	1313633
22419	wordperfect	1313376
22420	msgs	1313348
22421	slant	1313083
22422	zhou	1313077
22423	disciplined	1313063
22424	selenium	1312892
22425	grinders	1312851
22426	mpn	1312813
22427	pollard	1312749
22428	comme	1312621
22429	chops	1312600
22430	cse	1312436
22431	broom	1312361
22432	plainly	1312242
22433	ibrahim	1312229
22434	assn	1312220
22435	punches	1312203
22436	snare	1311615
22437	masturbate	1311597
22438	shank	1311484
22439	parachute	1311422
22440	uphold	1311296
22441	glider	1311196
22442	revising	1311172
22443	chesney	1311139
22444	insignia	1310533
22445	taos	1310519
22446	nurture	1310338
22447	tong	1310252
22448	lotions	1310250
22449	leash	1310125
22450	hunts	1310081
22451	faber	1310033
22452	adrenal	1309847
22453	plantations	1309778
22454	sixties	1309750
22455	factions	1309625
22456	falmouth	1309237
22457	humility	1309175
22458	commentators	1309132
22459	impeachment	1309121
22460	acton	1309016
22461	booting	1308810
22462	engages	1308799
22463	carbide	1308718
22464	cunts	1308527
22465	pullman	1308431
22466	dri	1308376
22467	ozzy	1308242
22468	characterised	1308115
22469	elearning	1307820
22470	kinder	1307814
22471	deems	1307732
22472	outsiders	1307640
22473	zx	1307553
22474	valuations	1307541
22475	dodd	1307507
22476	dissolve	1307386
22477	kidman	1307126
22478	jpn	1307013
22479	adrienne	1306669
22480	deduct	1306644
22481	crawling	1306643
22482	postoperative	1306536
22483	modifier	1306506
22484	cytology	1306449
22485	nye	1306440
22486	biennial	1306238
22487	ifndef	1306211
22488	bq	1306049
22489	circuitry	1305986
22490	cdw	1305841
22491	robb	1305758
22492	muck	1305552
22493	kinja	1305090
22494	tweaks	1305012
22495	colombo	1304950
22496	readership	1304887
22497	hoax	1304864
22498	northstar	1304745
22499	cohesion	1304739
22500	dif	1304707
22501	worthington	1304703
22502	reconnaissance	1304699
22503	groundbreaking	1304637
22504	antagonists	1304448
22505	transducer	1304419
22506	bachelors	1304345
22507	serotonin	1304253
22508	complements	1304168
22509	isc	1304021
22510	observes	1303947
22511	params	1303933
22512	radiators	1303928
22513	corporal	1303585
22514	ligne	1303464
22515	beagle	1303392
22516	wary	1303191
22517	cadmium	1303073
22518	bodoni	1302983
22519	speedo	1302913
22520	locust	1302839
22521	detachable	1302471
22522	condenser	1302457
22523	articulation	1302431
22524	simplifies	1302397
22525	sleeveless	1302246
22526	motorists	1302021
22527	villain	1301918
22528	tbsp	1301901
22529	waivers	1301886
22530	forsyth	1301768
22531	tre	1301732
22532	oft	1301717
22533	ricerca	1301654
22534	secures	1301645
22535	agilent	1301508
22536	leviticus	1301436
22537	impending	1301330
22538	rejoice	1301321
22539	pickering	1300963
22540	plumper	1300925
22541	poisson	1300878
22542	uterine	1300507
22543	bursts	1300477
22544	apartheid	1300164
22545	versailles	1300145
22546	bnc	1300125
22547	businessweek	1300028
22548	morphological	1299968
22549	hurdles	1299924
22550	windham	1299923
22551	lucie	1299778
22552	ellington	1299442
22553	ria	1299359
22554	cdi	1299250
22555	geese	1299115
22556	condemnation	1299011
22557	candies	1298890
22558	polio	1298845
22559	sidewalks	1298816
22560	clp	1298786
22561	formidable	1298736
22562	pun	1298700
22563	sharm	1298573
22564	autres	1298491
22565	mecca	1298392
22566	alvarez	1298258
22567	regatta	1298113
22568	rested	1297976
22569	chatroom	1297966
22570	paused	1297918
22571	macbeth	1297856
22572	polarity	1297690
22573	overrides	1297543
22574	abandonment	1297503
22575	riff	1297450
22576	widths	1297416
22577	dest	1297352
22578	attenuation	1297336
22579	nada	1297254
22580	bertrand	1297253
22581	broth	1297117
22582	kluwer	1296986
22583	martins	1296812
22584	italiana	1296797
22585	wentworth	1296741
22586	telford	1296709
22587	seduction	1296699
22588	fertilizers	1296340
22589	shuman	1296336
22590	grapevine	1296319
22591	maison	1296048
22592	contrasts	1295820
22593	russo	1295753
22594	daunting	1295706
22595	topples	1295649
22596	giuseppe	1295203
22597	tae	1295188
22598	improperly	1295182
22599	futuristic	1294993
22600	nebula	1294884
22601	autofocus	1294850
22602	chai	1294847
22603	obsessive	1294838
22604	crows	1294733
22605	transplants	1294723
22606	referrers	1294626
22607	junkie	1294569
22608	admitting	1294545
22609	alsa	1294398
22610	galactica	1294367
22611	blooming	1294311
22612	mace	1294167
22613	wkh	1294130
22614	seminole	1294071
22615	taper	1294069
22616	rotational	1293795
22617	withdrawals	1293348
22618	pageviews	1293267
22619	hartman	1293117
22620	synagogue	1292897
22621	finalist	1292891
22622	pornographic	1292757
22623	sugars	1292666
22624	burnham	1292627
22625	armageddon	1292606
22626	smallville	1292591
22627	selectively	1292565
22628	albans	1292321
22629	fallout	1292211
22630	allure	1292131
22631	brownsville	1292108
22632	intestine	1292080
22633	ambassadors	1292040
22634	galeria	1291998
22635	stalker	1291772
22636	reclaim	1291641
22637	kathmandu	1291418
22638	nyu	1291372
22639	isla	1291309
22640	kingdoms	1291134
22641	kristina	1291129
22642	richness	1291074
22643	converge	1291053
22644	dps	1290835
22645	icmp	1290767
22646	pianos	1290758
22647	dol	1290674
22648	workings	1290621
22649	penelope	1290594
22650	sophistication	1290552
22651	extinct	1290530
22652	ponder	1290410
22653	wrt	1290357
22654	messed	1290228
22655	oceanside	1290126
22656	revue	1290094
22657	lunches	1290036
22658	foxpro	1290011
22659	taiwanese	1289801
22660	officejet	1289705
22661	fooled	1289616
22662	helens	1289590
22663	smear	1289528
22664	rigging	1289503
22665	derives	1289433
22666	praises	1289337
22667	ppg	1289322
22668	sym	1289278
22669	detachment	1289268
22670	luca	1289251
22671	combos	1289126
22672	cloned	1288962
22673	fulham	1288945
22674	caracas	1288885
22675	dahl	1288812
22676	pla	1288766
22677	nfc	1288757
22678	mathews	1288615
22679	bestseller	1288316
22680	lids	1288238
22681	enrique	1288139
22682	pore	1288093
22683	minidisc	1287945
22684	ey	1287922
22685	radiance	1287790
22686	downside	1287746
22687	malvinas	1287464
22688	honcode	1287459
22689	reissue	1287311
22690	oily	1286829
22691	quitting	1286725
22692	ina	1286713
22693	striker	1286700
22694	memos	1286640
22695	grover	1286635
22696	screams	1286631
22697	masking	1286584
22698	tensor	1286574
22699	whitehead	1286485
22700	whoa	1286431
22701	brookings	1286376
22702	accomodations	1285819
22703	integra	1285813
22704	patchwork	1285768
22705	heinrich	1285402
22706	laredo	1285387
22707	nntp	1285208
22708	logiciel	1285097
22709	breton	1285069
22710	jaguars	1285032
22711	assures	1284980
22712	mga	1284861
22713	joys	1284745
22714	tracer	1284708
22715	frist	1284684
22716	involuntary	1284621
22717	allegation	1284509
22718	lsd	1284458
22719	infinitely	1284436
22720	synthesizer	1284428
22721	ejaculating	1284226
22722	biodiesel	1284181
22723	dorchester	1283964
22724	mcleod	1283950
22725	serge	1283914
22726	morphine	1283748
22727	waldorf	1283644
22728	gymnasium	1283632
22729	microfilm	1283628
22730	waldo	1283521
22731	diese	1283461
22732	lear	1283330
22733	subsidized	1283216
22734	chiefly	1283186
22735	judah	1283019
22736	conjecture	1283018
22737	mich	1283008
22738	simons	1282890
22739	optimizer	1282890
22740	restitution	1282669
22741	indicted	1282603
22742	blasting	1282601
22743	zire	1282354
22744	confronting	1282338
22745	pituitary	1282102
22746	sow	1282086
22747	repeater	1282082
22748	teamxbox	1282051
22749	bytecode	1282013
22750	mccall	1281971
22751	wiz	1281900
22752	autopsy	1281821
22753	mastered	1281794
22754	powders	1281550
22755	joltsearch	1281511
22756	debtors	1281454
22757	grit	1281375
22758	ym	1281281
22759	itv	1281267
22760	slain	1281084
22761	colo	1280975
22762	ying	1280737
22763	bce	1280527
22764	inode	1280372
22765	glenwood	1280317
22766	allstate	1280314
22767	horticultural	1280262
22768	hahaha	1280072
22769	spamming	1280034
22770	nearer	1280000
22771	ancestral	1279982
22772	mujeres	1279808
22773	ssn	1279707
22774	wartime	1279693
22775	mou	1279615
22776	faithfully	1279442
22777	hpv	1279432
22778	jain	1279356
22779	revolutions	1279333
22780	sei	1279042
22781	geriatric	1279000
22782	quail	1278967
22783	tanker	1278916
22784	mayan	1278824
22785	navman	1278559
22786	administrations	1278511
22787	futon	1278430
22788	grannies	1278265
22789	hairstyles	1278230
22790	sho	1278114
22791	rector	1278087
22792	nays	1278006
22793	ballast	1277921
22794	immature	1277806
22795	webspace	1277762
22796	recognises	1277746
22797	taxing	1277669
22798	icing	1277602
22799	rds	1277587
22800	substituting	1277543
22801	mellitus	1277528
22802	multiples	1277478
22803	executes	1277454
22804	originality	1276869
22805	pinned	1276850
22806	cryptographic	1276731
22807	gables	1276634
22808	discontinue	1276606
22809	disparate	1276596
22810	bantam	1276580
22811	boardwalk	1276569
22812	ineligible	1276417
22813	homeopathy	1276327
22814	entrants	1276155
22815	rallies	1276149
22816	simplification	1276047
22817	abb	1275914
22818	insolvency	1275891
22819	bianca	1275855
22820	zimmer	1275605
22821	earthly	1275576
22822	roleplaying	1275469
22823	affective	1275468
22824	wilma	1275432
22825	compusa	1275328
22826	histogram	1275220
22827	conceive	1275176
22828	wheelchairs	1275168
22829	usaf	1274931
22830	pennington	1274839
22831	lesbiana	1274738
22832	liberalization	1274688
22833	insensitive	1274594
22834	forfeiture	1274559
22835	greenpeace	1274546
22836	genotype	1274508
22837	contaminant	1274269
22838	informa	1274230
22839	disastrous	1274124
22840	collaborators	1274121
22841	malvern	1274103
22842	proxies	1274057
22843	rewind	1274043
22844	gladiator	1273979
22845	poplar	1273824
22846	issuers	1273782
22847	ence	1273693
22848	sinh	1273535
22849	recourse	1273523
22850	martian	1273255
22851	equinox	1273041
22852	kerberos	1272838
22853	schoolgirls	1272781
22854	hinder	1272772
22855	hilo	1272757
22856	fredericksburg	1272742
22857	presume	1272666
22858	stratton	1272445
22859	idx	1272392
22860	astronaut	1272333
22861	weil	1272278
22862	armchair	1272149
22863	instituto	1272104
22864	cecilia	1272020
22865	lowry	1271991
22866	constipation	1271923
22867	aec	1271838
22868	sheryl	1271753
22869	nashua	1271630
22870	strut	1271153
22871	kari	1271114
22872	ikea	1271048
22873	pavel	1271012
22874	oswego	1270792
22875	gbr	1270719
22876	appropriateness	1270661
22877	koi	1270462
22878	sues	1270296
22879	tame	1270260
22880	cba	1270193
22881	solstice	1270139
22882	oats	1270000
22883	italien	1269867
22884	mckenna	1269806
22885	eudora	1269763
22886	candida	1269644
22887	wolff	1269426
22888	sildenafil	1269245
22889	adjusts	1269156
22890	plume	1269109
22891	sqft	1268804
22892	pickups	1268677
22893	sparta	1268632
22894	squaretrade	1268444
22895	chandra	1268354
22896	calypso	1268267
22897	cheesecake	1268229
22898	pantry	1268228
22899	etienne	1268223
22900	italics	1268200
22901	reversing	1268143
22902	murderer	1268134
22903	oth	1267942
22904	courteous	1267713
22905	wilt	1267600
22906	smoothing	1267558
22907	billet	1267502
22908	porting	1267433
22909	lubrication	1267423
22910	pretending	1267391
22911	hammock	1267376
22912	shootout	1267279
22913	receptions	1267234
22914	racine	1267167
22915	webserver	1266982
22916	vnu	1266812
22917	fragmented	1266674
22918	revoke	1266673
22919	intruder	1266644
22920	chevron	1266619
22921	reinsurance	1266544
22922	slated	1266404
22923	wagons	1266327
22924	tera	1265968
22925	jennie	1265932
22926	guantanamo	1265920
22927	reina	1265881
22928	energizer	1265855
22929	platte	1265736
22930	clarksville	1265699
22931	vandalism	1265676
22932	acpi	1265428
22933	plank	1265284
22934	acetaminophen	1265258
22935	paddling	1265200
22936	wolfram	1265149
22937	ofthe	1265129
22938	contraceptive	1264966
22939	necrosis	1264854
22940	ting	1264826
22941	iva	1264734
22942	interrogation	1264580
22943	neue	1264460
22944	bonanza	1264434
22945	lumbar	1264361
22946	disparities	1264326
22947	umass	1264213
22948	longing	1264187
22949	irresistible	1264179
22950	pilgrims	1264176
22951	flamenco	1263952
22952	osprey	1263936
22953	disappearing	1263910
22954	sau	1263695
22955	enact	1263603
22956	flammable	1263036
22957	biometrics	1262923
22958	buspar	1262903
22959	inertia	1262749
22960	misunderstanding	1262717
22961	wasnt	1262688
22962	nds	1262478
22963	softwares	1262446
22964	deity	1262430
22965	dbm	1262425
22966	pruning	1262424
22967	alchemist	1262419
22968	marr	1262364
22969	ssw	1262203
22970	mcdonalds	1261999
22971	hormonal	1261979
22972	vh	1261925
22973	agra	1261719
22974	mandolin	1261566
22975	rolf	1261505
22976	calender	1261303
22977	swiftly	1261168
22978	distro	1260982
22979	claws	1260902
22980	brightly	1260823
22981	virgo	1260695
22982	manly	1260481
22983	emit	1260296
22984	shortened	1259942
22985	rink	1259898
22986	jesolo	1259860
22987	unrealistic	1259705
22988	rhonda	1259699
22989	fearful	1259606
22990	potency	1259570
22991	pov	1259520
22992	ifc	1259499
22993	pings	1259320
22994	flawless	1259140
22995	pcp	1259132
22996	peril	1258951
22997	inxs	1258931
22998	desy	1258916
22999	alessandro	1258914
23000	teaser	1258793
23001	breaches	1258688
23002	resultant	1258443
23003	nestled	1258420
23004	hairs	1258412
23005	impairments	1258385
23006	dumfries	1258304
23007	drastic	1258227
23008	courageous	1258094
23009	rho	1258046
23010	promos	1257928
23011	transceiver	1257900
23012	warhammer	1257679
23013	iterative	1257662
23014	catered	1257516
23015	guarded	1257448
23016	callahan	1257441
23017	neuron	1257316
23018	xlibmesa	1257219
23019	pulsar	1257106
23020	enewsletter	1256972
23021	dav	1256877
23022	celery	1256388
23023	pedagogy	1256372
23024	reconcile	1256296
23025	bcc	1256239
23026	grammatical	1256167
23027	collin	1256162
23028	afrikaans	1256133
23029	ven	1256056
23030	ecb	1256010
23031	cinematic	1255895
23032	admiration	1255669
23033	ugh	1255553
23034	malik	1255552
23035	zanzibar	1255355
23036	tshirts	1255236
23037	fellowes	1255139
23038	illus	1255038
23039	offend	1254866
23040	telefon	1254844
23041	maguire	1254812
23042	nlm	1254807
23043	severance	1254666
23044	numeracy	1254632
23045	somali	1254574
23046	caviar	1254529
23047	popups	1254426
23048	sleepwear	1254319
23049	quads	1254291
23050	combating	1254280
23051	numb	1254217
23052	retina	1254145
23053	grady	1254116
23054	maids	1253811
23055	tempting	1253805
23056	bureaus	1253506
23057	voyages	1253448
23058	kelsey	1253360
23059	galatians	1253356
23060	enforceable	1253250
23061	flo	1253201
23062	planters	1253136
23063	bouncy	1253106
23064	vcrs	1253069
23065	retinal	1253019
23066	rocco	1252959
23067	sheath	1252872
23068	louie	1252710
23069	chaplain	1252671
23070	benefiting	1252603
23071	dubious	1252536
23072	sponsorships	1252378
23073	textrm	1252322
23074	screenwriter	1252314
23075	occupies	1252031
23076	mammal	1251818
23077	shielded	1251762
23078	degeneration	1251754
23079	listens	1251574
23080	swirl	1251090
23081	emery	1251050
23082	twists	1250953
23083	vendio	1250887
23084	otago	1250883
23085	ducati	1250748
23086	allele	1250569
23087	sylvania	1250538
23088	optio	1250379
23089	purifiers	1250271
23090	scot	1250219
23091	commuting	1250178
23092	intrigue	1250162
23093	hiphop	1250161
23094	kato	1250129
23095	kama	1249987
23096	bcs	1249837
23097	keating	1249759
23098	blanche	1249687
23099	eczema	1249564
23100	northland	1249512
23101	icu	1249209
23102	veg	1249104
23103	roadster	1249088
23104	dialect	1248837
23105	nominating	1248835
23106	fanatic	1248832
23107	upton	1248681
23108	pave	1248651
23109	confetti	1248493
23110	fv	1248479
23111	coverings	1248303
23112	raptors	1248218
23113	danced	1248001
23114	slightest	1247920
23115	libre	1247864
23116	bromley	1247856
23117	revive	1247670
23118	irda	1247460
23119	corolla	1247399
23120	veggie	1247371
23121	dharma	1247164
23122	chameleon	1247136
23123	hooper	1246832
23124	predominant	1246796
23125	luciano	1246770
23126	abode	1246541
23127	savoy	1246516
23128	grp	1246412
23129	abrasive	1246390
23130	vogel	1246363
23131	henti	1246351
23132	insecurity	1246155
23133	koruna	1246139
23134	edp	1245975
23135	ensembles	1245829
23136	backpacker	1245672
23137	trustworthy	1245589
23138	bainbridge	1245551
23139	scs	1245524
23140	uniformity	1245452
23141	comfy	1245404
23142	assuring	1245395
23143	conquered	1245330
23144	alarming	1245253
23145	gettext	1245175
23146	dur	1245154
23147	registries	1244915
23148	eradication	1244873
23149	amused	1244733
23150	horizontally	1244673
23151	herefordshire	1244667
23152	ectaco	1244561
23153	knitted	1244471
23154	doh	1244449
23155	exploding	1244277
23156	jodi	1243824
23157	narrowly	1243642
23158	campo	1243547
23159	quintet	1243505
23160	groupwise	1243376
23161	ambiance	1243313
23162	chun	1243227
23163	rampant	1243101
23164	suitcase	1243043
23165	damian	1242944
23166	bakeries	1242917
23167	dmr	1242805
23168	fucker	1242729
23169	polka	1242601
23170	embarrassment	1242414
23171	wiper	1242341
23172	wrappers	1242242
23173	giochi	1242118
23174	spectators	1241932
23175	iterations	1241775
23176	svs	1241680
23177	ntfs	1241647
23178	namespaces	1241562
23179	mismatch	1241513
23180	fdic	1241397
23181	icd	1241343
23182	coronado	1241330
23183	retaliation	1241314
23184	vj	1241196
23185	oxides	1241167
23186	qualifiers	1241115
23187	inquirer	1240799
23188	battered	1240729
23189	wellesley	1240700
23190	dreadful	1240347
23191	smokey	1240190
23192	passwd	1240094
23193	metaphysics	1239930
23194	drifting	1239908
23195	ritter	1239889
23196	vacuums	1239682
23197	attends	1239579
23198	falun	1239295
23199	nicer	1239249
23200	mellow	1239234
23201	precip	1239111
23202	lagos	1239091
23203	boast	1239080
23204	gents	1239020
23205	respiration	1239001
23206	rapper	1238941
23207	absentee	1238718
23208	duplicates	1238629
23209	hooters	1238422
23210	calligraphy	1238383
23211	dubois	1238292
23212	advantageous	1238029
23213	mustek	1238005
23214	corollary	1237974
23215	tighter	1237965
23216	predetermined	1237901
23217	asparagus	1237837
23218	monique	1237728
23219	fearless	1237723
23220	airy	1237643
23221	ortiz	1237626
23222	pref	1237465
23223	progresses	1237331
23224	canister	1237325
23225	morningstar	1237271
23226	stiffness	1237262
23227	recessed	1237194
23228	thrifty	1237174
23229	canning	1237146
23230	fmt	1237140
23231	workmanship	1237052
23232	palladium	1236873
23233	totaled	1236803
23234	levitt	1236782
23235	complexities	1236710
23236	vd	1236666
23237	shipper	1236491
23238	darryl	1236271
23239	shan	1236170
23240	hobo	1236134
23241	nys	1236130
23242	merrell	1236026
23243	cra	1235909
23244	wrinkles	1235825
23245	illustrating	1235806
23246	sly	1235755
23247	reductase	1235682
23248	raul	1235638
23249	shenandoah	1235408
23250	harnesses	1235407
23251	wtc	1235406
23252	loma	1235395
23253	oshkosh	1235350
23254	multivariate	1235305
23255	perch	1235177
23256	geil	1234808
23257	craven	1234807
23258	divergence	1234790
23259	kitchenware	1234755
23260	homage	1234717
23261	atrocities	1234612
23262	unigene	1234604
23263	lans	1234522
23264	immunoglobulin	1234289
23265	londonderry	1234214
23266	hops	1234190
23267	silverstone	1234174
23268	uniden	1234114
23269	telechargement	1234094
23270	remstats	1233627
23271	unitary	1233534
23272	emmy	1233343
23273	chez	1233100
23274	admittedly	1233033
23275	ruiz	1232996
23276	getnetwise	1232974
23277	hospitalization	1232916
23278	clubbing	1232841
23279	microelectronics	1232801
23280	observational	1232646
23281	waverly	1232617
23282	crashers	1232504
23283	schwab	1232368
23284	angst	1232364
23285	liturgy	1232361
23286	nativity	1232181
23287	surety	1231980
23288	deregulation	1231873
23289	vba	1231870
23290	tranquil	1231687
23291	carpentry	1231684
23292	disseminated	1231545
23293	steinberg	1231528
23294	staircase	1231474
23295	cutler	1231345
23296	sweetie	1231301
23297	cradles	1231258
23298	electorate	1231254
23299	mideast	1231196
23300	airs	1231177
23301	reconstructed	1231139
23302	resent	1231007
23303	hispanics	1230856
23304	podium	1230847
23305	opposes	1230729
23306	paranoia	1230604
23307	faceted	1230444
23308	silvia	1230323
23309	distraction	1230299
23310	sito	1230278
23311	dominates	1230223
23312	kimberley	1230220
23313	gecko	1230211
23314	despatch	1230187
23315	fullscreen	1230158
23316	fugitive	1229796
23317	tucked	1229771
23318	interchangeable	1229679
23319	rollins	1229619
23320	scp	1229601
23321	hst	1229552
23322	jericho	1229510
23323	starship	1229480
23324	turmoil	1229472
23325	miele	1229402
23326	seeded	1229258
23327	gilles	1229186
23328	dietrich	1229075
23329	haines	1228925
23330	unjust	1228906
23331	cyclists	1228897
23332	fey	1228854
23333	markedly	1228846
23334	cmt	1228764
23335	fascinated	1228746
23336	disturb	1228732
23337	terminates	1228728
23338	exempted	1228595
23339	bounced	1228595
23340	rankin	1228587
23341	brightest	1228553
23342	nurturing	1228377
23343	saddles	1228266
23344	enzymology	1228135
23345	amadeus	1228023
23346	usm	1227972
23347	galapagos	1227813
23348	uconn	1227524
23349	scotsman	1227492
23350	fitzpatrick	1227285
23351	gushing	1227270
23352	picker	1227005
23353	distracted	1226846
23354	xls	1226805
23355	secluded	1226750
23356	criticize	1226742
23357	bog	1226534
23358	livelihood	1226471
23359	mulder	1226271
23360	lesbicas	1226111
23361	godfrey	1226024
23362	dialer	1225981
23363	minerva	1225712
23364	superseded	1225670
23365	iceberg	1225495
23366	caleb	1225445
23367	christening	1225355
23368	jealousy	1225297
23369	mooney	1225291
23370	syntactic	1225175
23371	plumber	1225144
23372	envision	1225007
23373	jetta	1224994
23374	downey	1224990
23375	hagen	1224974
23376	codex	1224930
23377	squeezed	1224837
23378	lsb	1224767
23379	userid	1224740
23380	judas	1224674
23381	valle	1224514
23382	cosmology	1224470
23383	dole	1224388
23384	wick	1224351
23385	gertrude	1224240
23386	communists	1224226
23387	noodle	1224073
23388	gromit	1223919
23389	owes	1223866
23390	scents	1223833
23391	sargent	1223779
23392	bangle	1223618
23393	bertha	1223467
23394	levied	1223424
23395	humping	1223356
23396	sag	1223285
23397	barns	1223270
23398	covenants	1223140
23399	peat	1223084
23400	donnie	1223068
23401	privatisation	1223030
23402	proprietor	1222912
23403	tofu	1222741
23404	rq	1222681
23405	unhcr	1222536
23406	battlestar	1222500
23407	lizzie	1222470
23408	raids	1222441
23409	intuit	1222292
23410	adoptive	1222288
23411	cda	1222241
23412	solos	1222232
23413	compartments	1222206
23414	minimized	1222201
23415	partnered	1221939
23416	twat	1221912
23417	maj	1221844
23418	filibuster	1221836
23419	glamorgan	1221784
23420	adwords	1221777
23421	tulane	1221736
23422	usp	1221517
23423	facet	1221287
23424	foi	1221236
23425	behaviours	1221081
23426	importation	1221062
23427	redneck	1221019
23428	imax	1220958
23429	xpath	1220951
23430	synthesized	1220873
23431	encapsulation	1220769
23432	samsonite	1220680
23433	accordion	1220579
23434	mss	1220495
23435	planter	1220396
23436	rooney	1220359
23437	minimally	1220266
23438	webpreferences	1220126
23439	skoda	1220058
23440	ici	1219966
23441	metz	1219819
23442	matchups	1219795
23443	immaculate	1219765
23444	ucc	1219474
23445	pur	1219454
23446	mailings	1219364
23447	reindeer	1219300
23448	ono	1219081
23449	beachfront	1219052
23450	telegram	1219049
23451	ruben	1218721
23452	cem	1218648
23453	shaken	1218549
23454	crosswords	1218510
23455	wares	1218442
23456	pubchem	1218420
23457	integrative	1218387
23458	rivalry	1218286
23459	kelowna	1218259
23460	verve	1218256
23461	charley	1218174
23462	carpenters	1218145
23463	spree	1218040
23464	embed	1217930
23465	gurus	1217822
23466	sunk	1217793
23467	morley	1217494
23468	bespoke	1217478
23469	inflicted	1217476
23470	abbreviated	1217434
23471	allotted	1217411
23472	shutterfly	1217310
23473	drowned	1217295
23474	gerhard	1217254
23475	escorted	1217210
23476	watersheds	1217085
23477	brute	1216912
23478	trimester	1216502
23479	barracks	1216474
23480	clickable	1216458
23481	kidneys	1216443
23482	spyder	1216370
23483	electricians	1216354
23484	warbler	1216351
23485	nexium	1216290
23486	onward	1216039
23487	capricorn	1216037
23488	kidnapping	1216019
23489	inducing	1215951
23490	dipped	1215912
23491	lancet	1215888
23492	antelope	1215883
23493	terminus	1215859
23494	castings	1215845
23495	flanders	1215722
23496	perm	1215568
23497	rte	1215424
23498	spectrometry	1215251
23499	snippet	1215241
23500	pellets	1215032
23501	pha	1214862
23502	permeability	1214520
23503	enclosing	1214363
23504	starred	1214232
23505	waukesha	1214199
23506	deacon	1214127
23507	kabul	1213882
23508	sweeps	1213879
23509	butch	1213820
23510	igg	1213796
23511	scart	1213599
23512	mercure	1213575
23513	wsu	1213414
23514	normalization	1213382
23515	skillet	1212990
23516	bookcase	1212892
23517	neoprene	1212726
23518	vlc	1212616
23519	offeror	1212585
23520	assembling	1212486
23521	thermo	1212207
23522	diaphragm	1212110
23523	questo	1212006
23524	huber	1212001
23525	chores	1211813
23526	jarrett	1211791
23527	consignment	1211676
23528	yarns	1211638
23529	farechase	1211360
23530	maintainers	1211328
23531	liv	1211265
23532	maarten	1211169
23533	ginseng	1211113
23534	blackout	1211055
23535	detergent	1211009
23536	seedlings	1210993
23537	rosetta	1210991
23538	fortified	1210684
23539	reconsideration	1210658
23540	barnard	1210624
23541	grenade	1210206
23542	occured	1210068
23543	profoundly	1209930
23544	karin	1209918
23545	lana	1209857
23546	fontana	1209838
23547	bartender	1209797
23548	mayfair	1209760
23549	jag	1209711
23550	maneuver	1209634
23551	kang	1209372
23552	ridder	1209367
23553	vanished	1209355
23554	crafting	1209082
23555	lair	1209040
23556	enclose	1209007
23557	ivillage	1208740
23558	mowers	1208690
23559	bratislava	1208639
23560	sinners	1208415
23561	policymakers	1208400
23562	lille	1208368
23563	sienna	1208342
23564	watford	1208282
23565	calves	1208012
23566	misco	1207931
23567	defer	1207925
23568	givenchy	1207922
23569	desmond	1207804
23570	liars	1207786
23571	els	1207650
23572	sod	1207500
23573	lacy	1207457
23574	pharaoh	1207358
23575	advocated	1207217
23576	itching	1206981
23577	alles	1206859
23578	reimburse	1206798
23579	devotional	1206612
23580	esperanto	1206278
23581	taft	1206273
23582	modalities	1206215
23583	pcc	1206183
23584	lighters	1206079
23585	comparatively	1205974
23586	shutting	1205847
23587	spartans	1205788
23588	endemic	1205766
23589	tourney	1205705
23590	reasoned	1205666
23591	lawton	1205651
23592	spr	1205599
23593	carly	1205583
23594	degli	1205567
23595	hydrologic	1205528
23596	stansted	1205489
23597	saith	1205270
23598	astral	1205159
23599	nep	1205112
23600	ach	1205052
23601	huddersfield	1205032
23602	parallels	1204896
23603	aimee	1204884
23604	yelled	1204763
23605	davey	1204647
23606	wren	1204605
23607	csp	1204352
23608	ait	1204086
23609	terence	1204083
23610	hamper	1203919
23611	balkan	1203769
23612	transduction	1203679
23613	silverman	1203673
23614	blurred	1203526
23615	clarifying	1203505
23616	aortic	1203393
23617	drc	1203380
23618	smuggling	1203317
23619	hoa	1203065
23620	starcraft	1202927
23621	martens	1202872
23622	instincts	1202792
23623	ficken	1202700
23624	hutton	1202649
23625	masquerade	1202457
23626	deans	1202452
23627	structuring	1202302
23628	konami	1202154
23629	duality	1202153
23630	sensational	1202129
23631	kites	1202129
23632	lipids	1202098
23633	jurisdictional	1201956
23634	smoother	1201781
23635	desi	1201653
23636	cellphones	1201610
23637	expulsion	1201583
23638	cordoba	1201447
23639	xj	1201394
23640	withhold	1201289
23641	romano	1201287
23642	sheppard	1201022
23643	grievances	1200994
23644	betrayed	1200949
23645	dpkg	1200534
23646	folsom	1200531
23647	triggering	1200514
23648	dumps	1200377
23649	mapa	1200340
23650	aip	1200331
23651	rackmount	1200262
23652	binocular	1200231
23653	buckles	1200203
23654	joyful	1200200
23655	generalization	1200162
23656	eda	1200135
23657	specialise	1200116
23658	rar	1199968
23659	hin	1199932
23660	remortgages	1199867
23661	mckinley	1199853
23662	hanks	1199778
23663	pancakes	1199765
23664	dosing	1199682
23665	crave	1199466
23666	cordova	1199387
23667	strobe	1199249
23668	focussed	1199162
23669	waffle	1199095
23670	detectable	1199069
23671	pmi	1199061
23672	arrowhead	1198937
23673	nigga	1198910
23674	mcfarlane	1198901
23675	ripple	1198877
23676	paycheck	1198864
23677	sweeper	1198591
23678	claimants	1198404
23679	freelancers	1198389
23680	consolidating	1198303
23681	seinfeld	1198120
23682	tdm	1197978
23683	shen	1197926
23684	goldsmith	1197840
23685	responders	1197839
23686	inclination	1197709
23687	keepsake	1197679
23688	birthdate	1197392
23689	gettin	1197311
23690	measles	1197305
23691	arcs	1197124
23692	upbeat	1196797
23693	portman	1196679
23694	ayes	1196545
23695	amenity	1196507
23696	donuts	1196447
23697	salty	1196416
23698	interacial	1196382
23699	cuisinart	1196203
23700	baptized	1196165
23701	expelled	1196114
23702	nautica	1196049
23703	estradiol	1195949
23704	rupees	1195946
23705	hanes	1195641
23706	noticias	1195621
23707	betrayal	1195306
23708	gmp	1195200
23709	schaefer	1195190
23710	prototyping	1195134
23711	mth	1195054
23712	flourish	1194963
23713	zeros	1194886
23714	heed	1194819
23715	mein	1194720
23716	sporty	1194690
23717	graf	1194635
23718	hawking	1194571
23719	tumour	1194461
23720	fpic	1194422
23721	pdc	1194344
23722	atpase	1194206
23723	pooled	1194178
23724	bora	1194117
23725	shu	1194075
23726	divides	1194034
23727	stabilize	1193707
23728	subwoofers	1193643
23729	tcs	1193567
23730	composing	1193544
23731	handicrafts	1193497
23732	healed	1193454
23733	burmese	1193406
23734	clueless	1193405
23735	boon	1193354
23736	sofitel	1193175
23737	valor	1193133
23738	pedestrians	1193075
23739	woodruff	1193004
23740	southport	1192902
23741	walkthroughs	1192778
23742	radiotherapy	1192760
23743	gathers	1192558
23744	pawn	1192557
23745	stitched	1192536
23746	camille	1192138
23747	minifig	1192038
23748	ceases	1191983
23749	dorsal	1191905
23750	transfusion	1191882
23751	sams	1191871
23752	collie	1191722
23753	zend	1191627
23754	newtown	1191486
23755	mcmillan	1191476
23756	hereditary	1191152
23757	exaggerated	1191139
23758	csf	1191120
23759	lyn	1191078
23760	witt	1190795
23761	buccaneers	1190784
23762	mcd	1190717
23763	unep	1190574
23764	newsflash	1190486
23765	spleen	1190381
23766	allotment	1190325
23767	recombination	1190311
23768	messing	1190210
23769	jeu	1190201
23770	multiplying	1190135
23771	empress	1190035
23772	orbits	1189963
23773	budgeted	1189863
23774	whence	1189837
23775	bois	1189697
23776	slogans	1189647
23777	flashback	1189561
23778	trusting	1189507
23779	photometry	1189460
23780	sabre	1189329
23781	stigma	1189307
23782	sutter	1189190
23783	inr	1189134
23784	knicks	1188900
23785	abduction	1188510
23786	ingestion	1188366
23787	mindset	1188254
23788	banda	1187929
23789	attaches	1187711
23790	adulthood	1187666
23791	inject	1187647
23792	tartan	1187619
23793	prolog	1187552
23794	twisting	1187497
23795	tore	1187333
23796	dunk	1187317
23797	goofy	1187234
23798	eth	1187222
23799	mimic	1187154
23800	mcintyre	1187061
23801	aga	1186967
23802	guilford	1186964
23803	shielding	1186790
23804	stormy	1186775
23805	raglan	1186757
23806	photonics	1186739
23807	cdf	1186726
23808	celtics	1186705
23809	heterosexual	1186643
23810	vulgar	1186559
23811	pathological	1186406
23812	mappings	1186365
23813	jel	1186313
23814	hodge	1186264
23815	snip	1186200
23816	fascism	1186008
23817	galerias	1185917
23818	trimming	1185796
23819	audiovisual	1185766
23820	diagnosing	1185641
23821	emanuel	1185579
23822	serene	1185408
23823	neutrino	1185359
23824	obligatory	1185319
23825	wouldnt	1185260
23826	mq	1185160
23827	codecs	1185012
23828	corrugated	1184999
23829	queenstown	1184954
23830	certifying	1184880
23831	dvp	1184835
23832	forbid	1184790
23833	unhealthy	1184748
23834	felicity	1184673
23835	traduzca	1184642
23836	csb	1184432
23837	subj	1184420
23838	asymptotic	1184419
23839	ticks	1184410
23840	fascination	1184058
23841	isotope	1183977
23842	sono	1183971
23843	moblog	1183948
23844	locales	1183870
23845	experimenting	1183850
23846	preventative	1183776
23847	splendor	1183490
23848	vigil	1183443
23849	robbed	1183375
23850	brampton	1183362
23851	temperate	1183312
23852	lott	1183307
23853	srv	1183105
23854	meier	1182864
23855	crore	1182812
23856	rebirth	1182806
23857	winona	1182765
23858	progressing	1182520
23859	fragrant	1182515
23860	deserving	1182463
23861	banco	1182286
23862	diagnoses	1182199
23863	defeating	1182099
23864	thermaltake	1182086
23865	ultracet	1182058
23866	cortical	1182050
23867	hotter	1181980
23868	itchy	1181967
23869	instantaneous	1181806
23870	operatives	1181576
23871	carmichael	1181572
23872	bulky	1181562
23873	exponent	1181496
23874	desperation	1181444
23875	glaucoma	1181381
23876	homosexuals	1181346
23877	mhc	1181286
23878	estee	1181090
23879	wysiwyg	1181080
23880	oversees	1180981
23881	parlor	1180891
23882	setter	1180860
23883	odp	1180835
23884	categorised	1180778
23885	thelist	1180764
23886	diss	1180761
23887	monumental	1180641
23888	olaf	1180633
23889	fer	1180616
23890	cta	1180406
23891	diamondbacks	1180392
23892	nzd	1180160
23893	stirred	1180019
23894	subtype	1179798
23895	toughest	1179707
23896	fil	1179476
23897	facade	1179361
23898	psx	1179327
23899	frankfort	1179105
23900	thessaloniki	1178911
23901	monograph	1178904
23902	dmv	1178787
23903	leafstaff	1178771
23904	literate	1178745
23905	booze	1178694
23906	ayp	1178560
23907	widen	1178278
23908	bikers	1178175
23909	harcourt	1178157
23910	bubba	1178018
23911	mutt	1177682
23912	adjective	1177613
23913	disciple	1177478
23914	cipher	1177442
23915	orwell	1177438
23916	mietwagen	1177421
23917	arrears	1177409
23918	rhythmic	1177228
23919	unaffected	1177035
23920	bakeware	1176958
23921	starving	1176943
23922	vide	1176718
23923	cleanser	1176623
23924	lennox	1176565
23925	sil	1176563
23926	hearty	1176527
23927	lonsdale	1176487
23928	triton	1176486
23929	deus	1176484
23930	velocities	1176391
23931	devine	1176339
23932	renewals	1176302
23933	adore	1176240
23934	entertainer	1176183
23935	tsx	1176175
23936	colds	1175947
23937	dependant	1175892
23938	dnl	1175816
23939	thicker	1175797
23940	weeping	1175714
23941	mtu	1175653
23942	salford	1175624
23943	ephedrine	1175618
23944	longview	1175564
23945	closeup	1175476
23946	venous	1175332
23947	hereunder	1175002
23948	chandeliers	1174940
23949	moneys	1174915
23950	ouch	1174728
23951	infancy	1174715
23952	teflon	1174667
23953	cys	1174659
23954	debadmin	1174639
23955	cleans	1174622
23956	dips	1174527
23957	honoured	1174505
23958	yachting	1174398
23959	cleanse	1174251
23960	fpga	1174138
23961	chilly	1173528
23962	everton	1173526
23963	rosters	1173435
23964	herbicide	1173356
23965	digs	1173214
23966	bolivar	1173166
23967	marlene	1173099
23968	womb	1173095
23969	irritating	1172816
23970	monarchy	1172749
23971	futura	1172644
23972	smd	1172498
23973	cheddar	1172483
23974	corset	1172480
23975	hinged	1172468
23976	ql	1172450
23977	tucows	1172377
23978	regex	1172064
23979	bukake	1171985
23980	chs	1171872
23981	mcclellan	1171830
23982	attendants	1171665
23983	gopher	1171418
23984	distal	1171371
23985	cummins	1171350
23986	zar	1171036
23987	frommer	1171036
23988	robins	1170991
23989	booming	1170560
23990	artikel	1170455
23991	joss	1170180
23992	shortfall	1170077
23993	scandals	1170051
23994	screamed	1170041
23995	harmonica	1169994
23996	cramps	1169978
23997	enid	1169949
23998	geothermal	1169879
23999	texmf	1169866
24000	atlases	1169823
24001	kohl	1169730
24002	herrera	1169586
24003	digger	1169511
24004	lorazepam	1169442
24005	hosp	1169302
24006	lewiston	1169283
24007	stowe	1169154
24008	fluke	1168887
24009	khi	1168772
24010	estes	1168709
24011	espionage	1168656
24012	pups	1168445
24013	hdr	1168400
24014	avenged	1168291
24015	caches	1168115
24016	stomp	1168038
24017	norte	1168018
24018	glade	1168016
24019	acidic	1167972
24020	anc	1167914
24021	doin	1167898
24022	tld	1167876
24023	pendulum	1167816
24024	gangster	1167811
24025	deliverables	1167801
24026	bounces	1167784
24027	censored	1167729
24028	fascist	1167590
24029	nehemiah	1167564
24030	lido	1167509
24031	matchbox	1167342
24032	trl	1167317
24033	thinner	1167153
24034	noch	1167102
24035	licks	1166907
24036	soto	1166878
24037	caste	1166877
24038	businessmen	1166763
24039	jus	1166646
24040	bpo	1166525
24041	daft	1166488
24042	sampson	1166451
24043	incubator	1166449
24044	experiential	1166382
24045	psyche	1166306
24046	eraser	1166247
24047	rudolf	1166229
24048	angling	1166195
24049	jordanian	1166082
24050	jiwire	1165886
24051	libra	1165757
24052	rtl	1165603
24053	stubborn	1165445
24054	diplomats	1165251
24055	physicist	1165020
24056	iea	1164903
24057	tagalog	1164866
24058	coo	1164824
24059	uniprot	1164803
24060	requiem	1164661
24061	statystyki	1164630
24062	pkgsrc	1164528
24063	nonprofits	1164506
24064	desnudos	1164495
24065	bleu	1164481
24066	redeemed	1164450
24067	czk	1164377
24068	sighed	1164310
24069	lures	1164163
24070	ethylene	1164058
24071	slows	1163999
24072	opm	1163870
24073	inhibits	1163694
24074	bavaria	1163680
24075	devastation	1163666
24076	exploratory	1163652
24077	spectrometer	1163594
24078	heroine	1163455
24079	bingham	1163408
24080	achilles	1163397
24081	outsole	1163206
24082	lista	1163149
24083	tmc	1163137
24084	flaps	1163036
24085	inset	1162898
24086	indifferent	1162837
24087	polynomials	1162786
24088	cadence	1162711
24089	frosted	1162704
24090	schubert	1162692
24091	rhine	1162642
24092	manifested	1162641
24093	elegans	1162601
24094	denominations	1162579
24095	interrupts	1162573
24096	openers	1162298
24097	rattle	1162261
24098	shasta	1161985
24099	dob	1161965
24100	inet	1161949
24101	cov	1161811
24102	insults	1161798
24103	oatmeal	1161768
24104	fallon	1161513
24105	marta	1161440
24106	distilled	1161329
24107	stricken	1161119
24108	sidekick	1161100
24109	tcb	1160901
24110	dmca	1160634
24111	rewriting	1160587
24112	bahama	1160583
24113	unrest	1160513
24114	idl	1160460
24115	loretta	1160225
24116	cascades	1160207
24117	druid	1160196
24118	dunbar	1160179
24119	outsider	1160162
24120	lingvosoft	1160159
24121	dax	1160128
24122	ris	1160073
24123	abstinence	1160063
24124	allocating	1159986
24125	newell	1159830
24126	juveniles	1159818
24127	gamermetrics	1159814
24128	nag	1159702
24129	poodle	1159696
24130	wunder	1159650
24131	stefano	1159471
24132	lcds	1159334
24133	sitter	1159109
24134	ortholog	1159045
24135	colder	1159029
24136	laborers	1158941
24137	tasmanian	1158924
24138	hydrocarbon	1158791
24139	lobbyist	1158764
24140	kelvin	1158690
24141	whispers	1158619
24142	secondhand	1158335
24143	xo	1158214
24144	swarm	1158175
24145	elise	1157976
24146	cheatscodesguides	1157927
24147	mdl	1157828
24148	clientele	1157771
24149	ledge	1157598
24150	winthrop	1157573
24151	technica	1157509
24152	gratuito	1157499
24153	historia	1157460
24154	peasants	1157447
24155	nectar	1157393
24156	hts	1157369
24157	arkon	1157353
24158	anecdotes	1157336
24159	hort	1157221
24160	bureaucratic	1157025
24161	gilt	1157006
24162	masterpieces	1156953
24163	cooperatives	1156924
24164	raceway	1156900
24165	sopranos	1156891
24166	symbolism	1156872
24167	monsoon	1156756
24168	hotties	1156635
24169	gq	1156624
24170	terrell	1156533
24171	yc	1156265
24172	closings	1156205
24173	registrars	1156172
24174	strlen	1156142
24175	drown	1156106
24176	strife	1156084
24177	esprit	1155937
24178	faye	1155766
24179	cto	1155741
24180	attaining	1155741
24181	lakeview	1155649
24182	consular	1155600
24183	ospf	1155531
24184	tunneling	1155527
24185	treason	1155400
24186	reckon	1155335
24187	gaston	1155324
24188	prosper	1155265
24189	napier	1155222
24190	methamphetamine	1155164
24191	supremacy	1155145
24192	murals	1154937
24193	capillary	1154362
24194	germain	1154136
24195	islington	1154072
24196	bangs	1154062
24197	asic	1154035
24198	knockout	1153966
24199	radon	1153935
24200	avantgo	1153650
24201	anchored	1153474
24202	yong	1153459
24203	vers	1153450
24204	mulberry	1153421
24205	sinful	1153153
24206	asl	1152868
24207	cheeses	1152848
24208	obi	1152801
24209	bradshaw	1152734
24210	timelines	1152650
24211	mythical	1152422
24212	abyss	1152408
24213	roget	1152376
24214	cristina	1152297
24215	visio	1152259
24216	whitehall	1152191
24217	malachi	1152183
24218	autoimmune	1152087
24219	coder	1152037
24220	replicated	1152035
24221	pom	1152017
24222	timetables	1151874
24223	kline	1151736
24224	anorexia	1151696
24225	errno	1151525
24226	ble	1151300
24227	clipping	1151299
24228	workplaces	1151267
24229	niece	1151039
24230	irresponsible	1151026
24231	harpercollins	1150983
24232	pleas	1150940
24233	softer	1150923
24234	clk	1150818
24235	paralysis	1150763
24236	heartburn	1150762
24237	devastated	1150759
24238	empathy	1150746
24239	ica	1150640
24240	tarzan	1150597
24241	motivating	1150453
24242	clockwise	1150363
24243	shutters	1150202
24244	flask	1150132
24245	arisen	1150039
24246	femmes	1150014
24247	relentless	1149916
24248	ribbed	1149880
24249	omnibus	1149829
24250	stables	1149823
24251	frisco	1149767
24252	inhabited	1149721
24253	hereof	1149693
24254	untold	1149599
24255	observable	1149409
24256	mitzvah	1149399
24257	gretchen	1149394
24258	chong	1149303
24259	lanterns	1149215
24260	tulips	1149010
24261	bashing	1148941
24262	boosters	1148923
24263	cyl	1148854
24264	vigorously	1148581
24265	interfering	1148534
24266	grupo	1148201
24267	idols	1147911
24268	designating	1147879
24269	mikhail	1147872
24270	denominator	1147752
24271	nugget	1147435
24272	reminding	1147429
24273	gusts	1147366
24274	changeset	1147310
24275	cec	1147280
24276	xviii	1147271
24277	jovencitas	1147167
24278	texttt	1147143
24279	islamabad	1146741
24280	magistrates	1146738
24281	freestanding	1146641
24282	resilient	1146560
24283	procession	1146478
24284	eyewitness	1146458
24285	spiritually	1146331
24286	spartanburg	1146292
24287	hippo	1146063
24288	trung	1146054
24289	tenancy	1146050
24290	attentive	1146029
24291	rupture	1145976
24292	trad	1145826
24293	assimilation	1145825
24294	lyrical	1145693
24295	offsite	1145311
24296	realaudio	1145289
24297	clements	1145220
24298	dogsex	1145147
24299	concorde	1144903
24300	angelica	1144808
24301	braided	1144706
24302	ticketing	1144683
24303	heterogeneity	1144613
24304	wooded	1144287
24305	bodied	1144243
24306	intensely	1144112
24307	dudes	1144089
24308	maytag	1144054
24309	norco	1143881
24310	altos	1143776
24311	sleeved	1143664
24312	overs	1143660
24313	watercraft	1143465
24314	propelled	1143427
24315	artisans	1143402
24316	bastards	1143397
24317	bassett	1143338
24318	aspiration	1143291
24319	appended	1143227
24320	scully	1143151
24321	cellulose	1143131
24322	cathode	1143031
24323	monographs	1142969
24324	nra	1142935
24325	slammed	1142783
24326	aviator	1142767
24327	implicated	1142711
24328	seriousness	1142658
24329	conformation	1142434
24330	intimidation	1142172
24331	paladin	1141998
24332	ihr	1141976
24333	nests	1141883
24334	civilized	1141850
24335	marched	1141750
24336	digitized	1141575
24337	rotated	1141540
24338	gaia	1141431
24339	motown	1141421
24340	cassandra	1141291
24341	pryor	1141248
24342	cath	1141153
24343	sato	1141078
24344	greeley	1141010
24345	ccr	1140882
24346	sighted	1140733
24347	agro	1140502
24348	hopping	1140486
24349	ramos	1140412
24350	quizilla	1140375
24351	destin	1140373
24352	citibank	1140361
24353	rosary	1140145
24354	scotty	1140138
24355	pvp	1139927
24356	platoon	1139832
24357	meridien	1139767
24358	taxa	1139655
24359	brunettes	1139609
24360	bic	1139498
24361	andres	1139473
24362	loneliness	1139466
24363	irl	1139398
24364	pulley	1139390
24365	mfa	1139155
24366	alleging	1139024
24367	endo	1138928
24368	unhelpful	1138852
24369	synonymous	1138788
24370	confectionery	1138693
24371	regrets	1138347
24372	consciously	1138251
24373	microorganisms	1138217
24374	cours	1138194
24375	twister	1137848
24376	footprints	1137798
24377	krakow	1137794
24378	sequoia	1137652
24379	emt	1137632
24380	activator	1137547
24381	priscilla	1137487
24382	incredibles	1137469
24383	familial	1137440
24384	stimulates	1137437
24385	marquee	1137374
24386	darkest	1137316
24387	implying	1137239
24388	conducive	1137118
24389	resilience	1137097
24390	thermodynamics	1137030
24391	uncontrolled	1136988
24392	ballads	1136796
24393	seton	1136773
24394	makita	1136630
24395	subgroups	1136569
24396	catchy	1136483
24397	aia	1136427
24398	mathew	1136396
24399	tig	1136370
24400	synaptic	1136251
24401	hugely	1136221
24402	bobcats	1136192
24403	sevilla	1136190
24404	zappa	1136157
24405	eec	1136143
24406	hostages	1136029
24407	chicas	1135999
24408	swahili	1135933
24409	nlp	1135827
24410	rosario	1135784
24411	dzwonki	1135740
24412	enrolling	1135687
24413	fruitful	1135613
24414	franks	1135609
24415	commercialization	1135539
24416	indemnify	1135404
24417	smt	1135349
24418	satisfactorily	1135339
24419	thinker	1135177
24420	contestants	1135064
24421	sia	1135008
24422	cataloging	1135000
24423	snowboards	1134873
24424	influx	1134784
24425	convoy	1134689
24426	sami	1134584
24427	tesla	1134572
24428	sled	1134521
24429	elan	1134393
24430	csd	1134229
24431	pyramids	1134140
24432	ingrid	1134100
24433	longman	1134031
24434	depended	1133997
24435	unleaded	1133978
24436	conveyance	1133899
24437	mesquite	1133843
24438	kroner	1133825
24439	tortoise	1133746
24440	milo	1133667
24441	cultivate	1133655
24442	frm	1133643
24443	javadoc	1133633
24444	hotbot	1133545
24445	denali	1133454
24446	inhibitory	1133408
24447	phonics	1133211
24448	crocker	1133130
24449	dbs	1132943
24450	refs	1132763
24451	dialogues	1132697
24452	smh	1132663
24453	thaliana	1132660
24454	meningitis	1132621
24455	motivations	1132527
24456	rees	1132483
24457	asteroid	1132460
24458	donegal	1132399
24459	abolition	1132361
24460	coax	1132263
24461	padre	1132184
24462	endings	1132071
24463	mwf	1131918
24464	lees	1131797
24465	unlisted	1131675
24466	philippians	1131551
24467	conductive	1131505
24468	sooo	1131447
24469	mari	1131314
24470	quattro	1131049
24471	echostar	1130894
24472	foresight	1130887
24473	microscopes	1130559
24474	kenmore	1130433
24475	peppermint	1130344
24476	reagent	1130288
24477	tod	1130210
24478	castillo	1130206
24479	achievable	1130204
24480	remnants	1130064
24481	dla	1130020
24482	glamorous	1129825
24483	interacts	1129714
24484	litchfield	1129701
24485	lavoro	1129632
24486	nailed	1129590
24487	alum	1129510
24488	hobbynutten	1129506
24489	chomsky	1129465
24490	frantic	1129446
24491	zachary	1129405
24492	venezia	1129344
24493	comrades	1129180
24494	yamamoto	1129166
24495	zhu	1129110
24496	cocoon	1129091
24497	interleukin	1129044
24498	flashcards	1128986
24499	homologene	1128983
24500	doth	1128975
24501	gladys	1128937
24502	interception	1128911
24503	voltages	1128852
24504	assignee	1128827
24505	kip	1128817
24506	bowers	1128617
24507	strengthens	1128566
24508	bla	1128521
24509	algarve	1128444
24510	qual	1128429
24511	dictatorship	1128173
24512	valance	1128172
24513	stc	1128158
24514	breezy	1128129
24515	plow	1128101
24516	pisces	1127882
24517	cpanel	1127779
24518	orc	1127729
24519	hemingway	1127716
24520	gti	1127708
24521	mundane	1127622
24522	hdl	1127463
24523	rendition	1127385
24524	danmark	1127118
24525	yun	1127098
24526	douglass	1127093
24527	sourcebook	1127090
24528	barclay	1126940
24529	hui	1126915
24530	matador	1126894
24531	smut	1126845
24532	nac	1126808
24533	dang	1126793
24534	bradenton	1126779
24535	foes	1126711
24536	meetups	1126617
24537	bilbao	1126601
24538	cloths	1126596
24539	ewan	1126517
24540	cwa	1126470
24541	akai	1126424
24542	deletes	1126406
24543	clowns	1126361
24544	adjudication	1126202
24545	lombard	1126144
24546	barren	1126022
24547	autoconf	1125998
24548	histoire	1125952
24549	rasmussen	1125916
24550	plead	1125870
24551	bibliographies	1125785
24552	milne	1125770
24553	behaved	1125698
24554	embargo	1125637
24555	condensation	1125621
24556	fsc	1125483
24557	yokohama	1125476
24558	unplugged	1125423
24559	vow	1125355
24560	ttc	1125043
24561	currie	1124911
24562	torvalds	1124767
24563	neff	1124753
24564	claudio	1124668
24565	blot	1124603
24566	primera	1124561
24567	commentator	1124548
24568	tailgate	1124504
24569	patterned	1124478
24570	sheen	1124463
24571	hollis	1124358
24572	specter	1124220
24573	imam	1124147
24574	lanier	1124012
24575	overseeing	1123972
24576	escalation	1123968
24577	assent	1123944
24578	hove	1123562
24579	shading	1123541
24580	polymorphism	1123494
24581	semitism	1123470
24582	sevenfold	1123401
24583	colocation	1123349
24584	woodbury	1123206
24585	scrubbed	1123114
24586	warts	1122886
24587	tshirt	1122822
24588	epidemiological	1122731
24589	medic	1122716
24590	roundabout	1122610
24591	harmed	1122572
24592	paternity	1122549
24593	conceal	1122483
24594	grail	1122474
24595	starvation	1122432
24596	espana	1122280
24597	horne	1122252
24598	nostalgic	1122249
24599	appointing	1121851
24600	aldrich	1121843
24601	tabled	1121800
24602	farsi	1121767
24603	excelsior	1121611
24604	seine	1121610
24605	rial	1121550
24606	flowed	1121468
24607	greenspan	1121272
24608	dhabi	1121272
24609	sewn	1121181
24610	chobe	1121174
24611	tafe	1121170
24612	pz	1120813
24613	andrei	1120271
24614	frazier	1120238
24615	zulu	1120236
24616	criminology	1120106
24617	rin	1120013
24618	barnet	1120008
24619	jeanette	1119942
24620	rift	1119873
24621	saviour	1119836
24622	lapel	1119712
24623	constel	1119703
24624	talkin	1119630
24625	dup	1119506
24626	syd	1119496
24627	permittee	1119380
24628	hangover	1119315
24629	capitalize	1119296
24630	fsu	1119196
24631	turk	1119068
24632	motocross	1118960
24633	boomers	1118934
24634	wedgwood	1118901
24635	cupboard	1118886
24636	mcdermott	1118885
24637	youngs	1118868
24638	archipelago	1118546
24639	peep	1118456
24640	deceptive	1118289
24641	undertakings	1118260
24642	lep	1118170
24643	grossman	1118097
24644	pecan	1118027
24645	tinted	1117991
24646	freshmeat	1117961
24647	fnal	1117950
24648	congratulate	1117780
24649	benzene	1117769
24650	mcp	1117759
24651	topper	1117695
24652	constance	1117681
24653	ittoolbox	1117676
24654	manny	1117673
24655	arse	1117611
24656	osteoarthritis	1117604
24657	westlake	1117418
24658	czechoslovakia	1117405
24659	vanishing	1117349
24660	addictions	1117009
24661	legislator	1116864
24662	taxonomic	1116804
24663	judo	1116748
24664	mizuno	1116719
24665	notifying	1116655
24666	aches	1116644
24667	palmetto	1116605
24668	kitchener	1116553
24669	telco	1116242
24670	ltc	1116174
24671	leaked	1116105
24672	microarray	1115885
24673	electrolux	1115876
24674	genera	1115824
24675	elephantlist	1115809
24676	sparked	1115748
24677	idioms	1115741
24678	gardiner	1115695
24679	qualcomm	1115616
24680	whitaker	1115526
24681	gli	1115526
24682	poisonous	1115469
24683	opc	1115338
24684	connelly	1115138
24685	chime	1115076
24686	spence	1115055
24687	conner	1114986
24688	hospitalized	1114878
24689	mischief	1114861
24690	fec	1114742
24691	argent	1114728
24692	opml	1114711
24693	delinquency	1114518
24694	cana	1114443
24695	ation	1114242
24696	cou	1114097
24697	entitlements	1114046
24698	wingate	1113966
24699	healey	1113966
24700	sentimental	1113911
24701	unsuitable	1113908
24702	mildly	1113894
24703	jabra	1113827
24704	qmail	1113735
24705	soybeans	1113467
24706	awd	1113455
24707	forging	1113430
24708	pew	1113421
24709	electrostatic	1113374
24710	topological	1113296
24711	waitress	1113106
24712	coz	1113081
24713	oversize	1113072
24714	westinghouse	1112917
24715	unk	1112846
24716	caribou	1112781
24717	merced	1112695
24718	reb	1112692
24719	rios	1112677
24720	expansive	1112609
24721	footing	1112584
24722	craftsmanship	1112478
24723	manu	1112399
24724	cic	1112237
24725	pyle	1112227
24726	seuss	1112091
24727	sligo	1111977
24728	cheetah	1111796
24729	ldp	1111740
24730	remit	1111713
24731	bonnet	1111710
24732	competed	1111700
24733	stumble	1111648
24734	fridges	1111508
24735	undertook	1111486
24736	hatchery	1111360
24737	judgements	1111341
24738	promenade	1111165
24739	exhaustion	1111143
24740	unborn	1110992
24741	msr	1110894
24742	wendell	1110830
24743	zr	1110779
24744	corbett	1110767
24745	asx	1110652
24746	curr	1110624
24747	hammers	1110481
24748	fingerprints	1110433
24749	conv	1110291
24750	coasts	1110228
24751	cheesy	1110227
24752	emitting	1110155
24753	ahmedabad	1110055
24754	concur	1109964
24755	exert	1109622
24756	madeline	1109233
24757	sanskrit	1109184
24758	dimlist	1109077
24759	torre	1108981
24760	winfield	1108967
24761	pinto	1108872
24762	worldly	1108744
24763	wedges	1108674
24764	corded	1108666
24765	heirloom	1108649
24766	pleasantly	1108641
24767	gallerys	1108386
24768	jana	1108260
24769	portray	1108235
24770	martindale	1108201
24771	pero	1107908
24772	webstatistics	1107867
24773	esoteric	1107813
24774	luxe	1107771
24775	messengers	1107624
24776	dhl	1107599
24777	mays	1107597
24778	risc	1107557
24779	hcv	1107556
24780	oboe	1106911
24781	landings	1106841
24782	graphically	1106821
24783	shameless	1106631
24784	tzu	1106507
24785	hurd	1106502
24786	geotrack	1106481
24787	communicates	1106439
24788	kolkata	1106322
24789	imation	1106216
24790	hematology	1106193
24791	bourgeois	1106120
24792	yeh	1105898
24793	napkins	1105787
24794	expressway	1105782
24795	unloading	1105668
24796	steelhead	1105655
24797	bakers	1105635
24798	selma	1105565
24799	pears	1105539
24800	heats	1105492
24801	ahh	1105375
24802	lucid	1105349
24803	turntables	1105315
24804	lindholm	1105240
24805	lobe	1105229
24806	clooney	1105158
24807	facilitators	1105157
24808	mcnamara	1105065
24809	shiva	1105044
24810	canaan	1104947
24811	toners	1104880
24812	kenyan	1104746
24813	wynn	1104635
24814	oppressed	1104591
24815	infer	1104540
24816	hsa	1104415
24817	prosecute	1104300
24818	motorbike	1104251
24819	niles	1104088
24820	thatcher	1103923
24821	zippo	1103856
24822	sergei	1103798
24823	bret	1103761
24824	upfront	1103742
24825	hauling	1103666
24826	inconsistencies	1103637
24827	battlefront	1103478
24828	gosh	1103443
24829	indebtedness	1103434
24830	fansite	1103381
24831	scramble	1103257
24832	adversary	1103245
24833	colossians	1103177
24834	elsa	1103039
24835	quaint	1102986
24836	addicting	1102911
24837	gerd	1102875
24838	oswald	1102778
24839	dipping	1102643
24840	copa	1102329
24841	gtp	1102164
24842	revere	1102020
24843	troopers	1101939
24844	zlib	1101873
24845	whitespace	1101865
24846	tektronix	1101834
24847	doesn	1101832
24848	mccullough	1101740
24849	domaine	1101605
24850	cnr	1101597
24851	olde	1101584
24852	guerra	1101562
24853	solemn	1101329
24854	microfiber	1101255
24855	mdc	1101230
24856	eruption	1101076
24857	tsa	1100926
24858	celeste	1100853
24859	deployments	1100842
24860	stearns	1100809
24861	gentry	1100809
24862	insurgency	1100757
24863	boyer	1100709
24864	behringer	1100672
24865	akg	1100640
24866	ttm	1100591
24867	perceptual	1100348
24868	enchanting	1100168
24869	fz	1100038
24870	preached	1099944
24871	midlothian	1099931
24872	mica	1099816
24873	follando	1099727
24874	instr	1099652
24875	ott	1099626
24876	bsn	1099589
24877	cadets	1099573
24878	lads	1099545
24879	rambler	1099485
24880	drywall	1099391
24881	endured	1099349
24882	ensuite	1099268
24883	fermentation	1099267
24884	suzy	1099243
24885	dekalb	1098967
24886	sumo	1098965
24887	careless	1098944
24888	topsites	1098875
24889	hsc	1098845
24890	chemists	1098786
24891	inca	1098645
24892	fad	1098363
24893	julien	1098258
24894	tse	1098204
24895	dandy	1098188
24896	refurbishment	1098172
24897	pfam	1098107
24898	tdi	1097983
24899	grassland	1097973
24900	jeffery	1097821
24901	narcotic	1097767
24902	councilman	1097516
24903	moulin	1097459
24904	swaps	1097437
24905	unbranded	1097415
24906	astronauts	1097341
24907	lockers	1097284
24908	lookups	1097265
24909	paine	1097105
24910	incompetent	1096963
24911	attackers	1096957
24912	actuator	1096953
24913	ain	1096838
24914	reston	1096802
24915	sftp	1096725
24916	reinstall	1096678
24917	lander	1096557
24918	predecessors	1096468
24919	lancer	1096415
24920	coby	1096354
24921	sorcerer	1096310
24922	fishers	1096299
24923	invoking	1096213
24924	muffin	1096202
24925	motherhood	1096193
24926	wexford	1096190
24927	methanol	1096088
24928	miscellany	1096085
24929	ihre	1096078
24930	simplifying	1096075
24931	slowdown	1096062
24932	dressings	1096041
24933	bridesmaid	1095969
24934	transistors	1095939
24935	partridge	1095499
24936	synod	1095269
24937	noticing	1095262
24938	marys	1095130
24939	colgate	1095101
24940	lousy	1095083
24941	pharm	1095064
24942	foreseeable	1095016
24943	inte	1094977
24944	nutritionists	1094916
24945	newmarket	1094727
24946	amigo	1094662
24947	discerning	1094604
24948	techweb	1094485
24949	caddy	1094377
24950	berkley	1094316
24951	resistors	1094244
24952	burrows	1094175
24953	furnaces	1094016
24954	blondie	1093976
24955	zee	1093889
24956	occupant	1093882
24957	drwxr	1093839
24958	livingstone	1093772
24959	cfc	1093641
24960	isu	1093620
24961	stm	1093592
24962	villanova	1093438
24963	juggling	1093403
24964	wildfire	1093379
24965	seductive	1093289
24966	scala	1093246
24967	iw	1093236
24968	tif	1093174
24969	cbi	1093148
24970	pamphlets	1093026
24971	rambling	1092988
24972	kidd	1092898
24973	bedside	1092877
24974	cesar	1092865
24975	lausanne	1092774
24976	heuristic	1092637
24977	archivist	1092502
24978	legality	1092442
24979	gallup	1092401
24980	arbitrarily	1092401
24981	valtrex	1092388
24982	usn	1092352
24983	antimicrobial	1092345
24984	biologist	1092265
24985	cobol	1092207
24986	heb	1092164
24987	homolog	1092156
24988	luz	1091837
24989	fruity	1091678
24990	regulars	1091657
24991	robson	1091595
24992	stratus	1091548
24993	mysticism	1091535
24994	fips	1091470
24995	urea	1091284
24996	bumpers	1091055
24997	accompanies	1090972
24998	summed	1090845
24999	chopin	1090795
25000	torches	1090784
25001	lumix	1090770
25002	dominating	1090670
25003	joiner	1090665
25004	wildcard	1090545
25005	viejo	1090526
25006	explorations	1090457
25007	rvs	1090435
25008	guaranty	1090398
25009	desnudas	1090390
25010	procure	1090281
25011	plextor	1090183
25012	oxidative	1090078
25013	stillwater	1090036
25014	sunsets	1089941
25015	brits	1089837
25016	cropping	1089740
25017	healy	1089670
25018	pliers	1089440
25019	kayaks	1089391
25020	ibanez	1089338
25021	anastasia	1089286
25022	arrogance	1089079
25023	marxist	1089060
25024	couldnt	1089020
25025	naperville	1088983
25026	diverted	1088982
25027	forgiven	1088785
25028	bleak	1088632
25029	diplomas	1088455
25030	fieldwork	1088417
25031	christophe	1088406
25032	wenn	1088221
25033	damping	1088104
25034	immunol	1087966
25035	drudge	1087893
25036	dolores	1087849
25037	regan	1087812
25038	wwwroot	1087789
25039	tramp	1087707
25040	saliva	1087671
25041	bootleg	1087651
25042	chichester	1087603
25043	intellectuals	1087570
25044	winslow	1087569
25045	minis	1087516
25046	artemis	1087473
25047	lessen	1087324
25048	rhs	1087058
25049	weller	1086983
25050	syringe	1086828
25051	leftist	1086612
25052	diversions	1086522
25053	tequila	1086390
25054	admiralty	1086346
25055	powdered	1086341
25056	limoges	1086310
25057	wildwood	1086218
25058	granger	1086198
25059	oop	1086141
25060	germantown	1085997
25061	prevailed	1085924
25062	glacial	1085890
25063	bergman	1085880
25064	gmac	1085800
25065	pulitzer	1085771
25066	tapered	1085713
25067	alleges	1085517
25068	mollige	1085418
25069	toothbrush	1085306
25070	delegations	1085235
25071	plutonium	1085225
25072	shredded	1085214
25073	factsheet	1085154
25074	squarepants	1085139
25075	antiquity	1084937
25076	subsurface	1084923
25077	zeal	1084831
25078	valparaiso	1084763
25079	blaming	1084475
25080	embark	1084355
25081	manned	1084146
25082	porte	1084129
25083	guadalupe	1084127
25084	johanna	1084085
25085	granular	1083931
25086	sant	1083874
25087	orkney	1083712
25088	halliburton	1083638
25089	bah	1083627
25090	underscore	1083605
25091	borg	1083569
25092	glutamine	1083486
25093	slutty	1083328
25094	vero	1083170
25095	oscillations	1083060
25096	mcphee	1082983
25097	doa	1082886
25098	herbicides	1082880
25099	usgenweb	1082857
25100	inscribed	1082744
25101	chainsaw	1082641
25102	sphinx	1082363
25103	tablature	1082226
25104	spiegel	1082160
25105	fertilization	1082078
25106	mujer	1082063
25107	glitch	1082062
25108	gearbox	1082060
25109	ceremonial	1082003
25110	sonnet	1081841
25111	stang	1081839
25112	alejandro	1081765
25113	constituencies	1081742
25114	sprung	1081658
25115	hedges	1081636
25116	tensile	1081547
25117	inflated	1081504
25118	varchar	1081434
25119	intercom	1081370
25120	ase	1081301
25121	osg	1081269
25122	mckee	1081249
25123	envisaged	1081204
25124	splice	1081179
25125	crooks	1081161
25126	splicing	1081116
25127	campfire	1081022
25128	cardbus	1080975
25129	prospecting	1080924
25130	hubby	1080886
25131	quilted	1080842
25132	walled	1080801
25133	graphing	1080629
25134	biologists	1080526
25135	improv	1080479
25136	hempstead	1080457
25137	immensely	1080442
25138	exilim	1080373
25139	trafalgar	1080208
25140	relapse	1080134
25141	xlr	1080023
25142	debuts	1079829
25143	esi	1079823
25144	diskette	1079701
25145	ubs	1079605
25146	commend	1079537
25147	descend	1079518
25148	contender	1079514
25149	jakob	1079504
25150	southland	1079489
25151	spie	1079352
25152	bolster	1079347
25153	globals	1079338
25154	nietzsche	1079334
25155	diaspora	1079282
25156	anu	1079196
25157	fol	1079067
25158	moratorium	1079029
25159	safes	1079012
25160	goodnight	1078842
25161	alcoholics	1078769
25162	rocked	1078675
25163	rancid	1078663
25164	disparity	1078617
25165	malice	1078607
25166	vom	1078427
25167	knapp	1078356
25168	asme	1078354
25169	swimmers	1078273
25170	gatlinburg	1078242
25171	syllable	1078225
25172	painfully	1078138
25173	cai	1078053
25174	pharmacol	1078030
25175	swe	1077593
25176	xorg	1077565
25177	sweating	1077565
25178	demolished	1077432
25179	newsquest	1077429
25180	wavelengths	1077318
25181	unclaimed	1077291
25182	racquet	1077282
25183	cout	1077279
25184	cytoplasmic	1077273
25185	catholicism	1077272
25186	trident	1077184
25187	qaida	1077141
25188	lemonade	1077090
25189	kpmg	1076973
25190	absences	1076894
25191	andes	1076878
25192	ciudad	1076725
25193	lanarkshire	1076716
25194	steakhouse	1076686
25195	stubs	1076600
25196	josie	1076558
25197	solarium	1076500
25198	persists	1076478
25199	sedo	1076369
25200	fillmore	1076147
25201	shox	1076099
25202	greenhouses	1076000
25203	propeller	1075824
25204	dents	1075764
25205	spotlights	1075629
25206	perks	1075589
25207	anarchist	1075545
25208	harlow	1075459
25209	morrissey	1075437
25210	submerged	1075330
25211	entrusted	1075233
25212	essen	1075202
25213	igp	1075093
25214	calming	1074919
25215	intending	1074805
25216	lutz	1074742
25217	cromwell	1074661
25218	drummond	1074534
25219	dissertations	1074532
25220	highlander	1074446
25221	solicitations	1074351
25222	capacitance	1074344
25223	birthstone	1074311
25224	primitives	1074225
25225	bong	1074219
25226	lingual	1074214
25227	unframed	1074209
25228	iter	1074039
25229	lar	1073991
25230	punto	1073926
25231	survives	1073826
25232	vibes	1073710
25233	darcy	1073638
25234	tmdl	1073604
25235	funnel	1073571
25236	moons	1073540
25237	gent	1073509
25238	thirsty	1073394
25239	programa	1073365
25240	republication	1073323
25241	freshness	1073306
25242	zap	1073302
25243	lathe	1073261
25244	veneto	1073203
25245	zhao	1073200
25246	hippie	1073080
25247	acyclovir	1072941
25248	shabby	1072916
25249	punched	1072910
25250	petri	1072903
25251	virgil	1072842
25252	benoit	1072837
25253	gaa	1072836
25254	organizes	1072722
25255	unaudited	1072719
25256	rz	1072682
25257	summertime	1072673
25258	marbles	1072553
25259	airbag	1072515
25260	cottonwood	1072505
25261	lal	1072332
25262	mildred	1072160
25263	sweetwater	1072143
25264	deletions	1072091
25265	bjc	1071974
25266	cleopatra	1071914
25267	cfm	1071871
25268	undecided	1071780
25269	startling	1071701
25270	internationale	1071696
25271	inductive	1071605
25272	krystal	1071592
25273	inadvertently	1071570
25274	expansions	1071558
25275	gms	1071500
25276	correlate	1071375
25277	bursting	1071346
25278	linkout	1071096
25279	poc	1071019
25280	pittsburg	1070926
25281	wird	1070907
25282	bylaw	1070798
25283	kenyon	1070497
25284	trims	1070444
25285	epiphany	1070426
25286	pny	1070413
25287	halves	1070410
25288	devin	1070375
25289	moulding	1070332
25290	melancholy	1070281
25291	viewfinder	1070280
25292	observance	1070245
25293	leaps	1070198
25294	halen	1070152
25295	homewood	1070118
25296	mcrae	1070105
25297	hind	1070013
25298	renaming	1069958
25299	galvanized	1069940
25300	plainfield	1069723
25301	hoy	1069715
25302	teapot	1069708
25303	conveys	1069692
25304	lends	1069614
25305	maxon	1069569
25306	squire	1069477
25307	sprintf	1069397
25308	armagh	1069378
25309	livechat	1069357
25310	ache	1069323
25311	pdr	1069226
25312	bhp	1069158
25313	lyman	1068996
25314	notfound	1068970
25315	counterfeit	1068957
25316	pho	1068847
25317	waller	1068830
25318	pathogen	1068817
25319	zagreb	1068747
25320	gayle	1068695
25321	ust	1068690
25322	duval	1068671
25323	overwrite	1068643
25324	revitalization	1068588
25325	yoke	1068387
25326	resonant	1068288
25327	mak	1068284
25328	camry	1068223
25329	outskirts	1068164
25330	postmodern	1068059
25331	expedite	1068027
25332	grayson	1067753
25333	sweetness	1067747
25334	crook	1067661
25335	jayne	1067563
25336	hci	1067536
25337	rearing	1067485
25338	kuhn	1067449
25339	davison	1067446
25340	tins	1067443
25341	typos	1067335
25342	deliberations	1067151
25343	glutamate	1067012
25344	indifference	1066924
25345	xix	1066918
25346	invading	1066847
25347	melton	1066642
25348	dives	1066624
25349	oneworld	1066525
25350	realtone	1066515
25351	mikey	1066268
25352	loot	1066250
25353	telephoto	1066094
25354	pooling	1065912
25355	jy	1065903
25356	drury	1065856
25357	ctw	1065693
25358	coyotes	1065693
25359	stale	1065657
25360	cosmo	1065626
25361	tbs	1065556
25362	levers	1065488
25363	sct	1065463
25364	custer	1065398
25365	borderline	1065297
25366	surgeries	1065292
25367	lobbyists	1065281
25368	cog	1065271
25369	incarnation	1065224
25370	strained	1065203
25371	sfo	1065057
25372	zionist	1065048
25373	putty	1065017
25374	reacted	1064981
25375	admissible	1064978
25376	sunless	1064860
25377	puzzled	1064761
25378	unexplained	1064682
25379	patsy	1064602
25380	thermometers	1064517
25381	fourteenth	1064509
25382	gaskets	1064503
25383	compounded	1064491
25384	photoblog	1064486
25385	chippewa	1064374
25386	eldest	1064349
25387	terrifying	1064336
25388	climbs	1064289
25389	cushing	1064284
25390	uprising	1064094
25391	gasp	1063868
25392	nonstop	1063797
25393	hummel	1063695
25394	corgi	1063639
25395	swans	1063572
25396	tories	1063515
25397	ellie	1063451
25398	citigroup	1063432
25399	seasonally	1063317
25400	uci	1063218
25401	bizwomen	1063181
25402	hap	1063136
25403	remnant	1063091
25404	dti	1063077
25405	immoral	1062885
25406	malkin	1062854
25407	sacrificed	1062744
25408	unequal	1062583
25409	adbrite	1062512
25410	weaken	1062357
25411	psychosocial	1062355
25412	braxton	1062246
25413	categorical	1062104
25414	butthole	1062033
25415	ellsworth	1061752
25416	cupid	1061697
25417	cline	1061564
25418	backlog	1061536
25419	thema	1061529
25420	filmmaking	1061519
25421	wwi	1061487
25422	stalking	1061446
25423	sturgeon	1061291
25424	townhomes	1061228
25425	jap	1061217
25426	piers	1061175
25427	ensuing	1061138
25428	mitigating	1060972
25429	usf	1060936
25430	tint	1060842
25431	instapundit	1060809
25432	mcmaster	1060759
25433	dykes	1060752
25434	revived	1060649
25435	bayside	1060628
25436	joachim	1060553
25437	thinkcentre	1060546
25438	cea	1060510
25439	biophys	1060235
25440	eet	1060212
25441	hodgkin	1060136
25442	earle	1060105
25443	vhosts	1060070
25444	hosea	1060033
25445	laughlin	1060010
25446	sua	1059911
25447	haste	1059853
25448	flakes	1059677
25449	alfalfa	1059530
25450	corfu	1059528
25451	argyll	1059475
25452	emil	1059389
25453	joking	1059257
25454	congresses	1059213
25455	electrically	1059191
25456	ophthalmic	1059134
25457	rhetorical	1059051
25458	yz	1059045
25459	prong	1059042
25460	unreleased	1059041
25461	ipa	1059039
25462	simmer	1059011
25463	vert	1058930
25464	chaplin	1058854
25465	dfw	1058818
25466	smallpox	1058795
25467	histology	1058645
25468	overwhelmingly	1058636
25469	waterway	1058632
25470	gilman	1058541
25471	klamath	1058380
25472	atrial	1058379
25473	migrated	1058366
25474	equalizer	1058325
25475	vbscript	1058306
25476	helmut	1058053
25477	reacts	1057992
25478	bain	1057756
25479	norbert	1057679
25480	complication	1057590
25481	lynda	1057551
25482	aubrey	1057365
25483	vax	1057295
25484	adaptable	1057129
25485	sainte	1057077
25486	yak	1056994
25487	bitte	1056982
25488	silt	1056975
25489	fleur	1056974
25490	councilmember	1056948
25491	endorses	1056882
25492	expos	1056760
25493	muy	1056661
25494	cherish	1056520
25495	aap	1056489
25496	undead	1056085
25497	pto	1056046
25498	berth	1056010
25499	critters	1055985
25500	uninterrupted	1055834
25501	lint	1055759
25502	blob	1055724
25503	chalmers	1055706
25504	crabs	1055615
25505	kurds	1055556
25506	tuscan	1055307
25507	ela	1055248
25508	lingo	1055245
25509	ical	1055197
25510	macleod	1055084
25511	devry	1054957
25512	rahman	1054938
25513	einer	1054777
25514	fundamentalist	1054766
25515	subtraction	1054691
25516	budding	1054566
25517	superstars	1054544
25518	roam	1054358
25519	resemblance	1054299
25520	hackney	1054260
25521	chmod	1054222
25522	leveling	1053902
25523	piggy	1053871
25524	stadiums	1053851
25525	toto	1053776
25526	hebron	1053716
25527	saber	1053669
25528	cataract	1053384
25529	playable	1053258
25530	uz	1053047
25531	sunos	1053009
25532	midday	1053009
25533	fait	1052908
25534	innate	1052902
25535	lancia	1052798
25536	perf	1052768
25537	interconnected	1052701
25538	medallion	1052689
25539	tunning	1052621
25540	whitepaper	1052609
25541	prominently	1052544
25542	kant	1052527
25543	platt	1052481
25544	lexis	1052387
25545	virology	1052306
25546	nazareth	1052303
25547	nadia	1051969
25548	glanced	1051853
25549	csm	1051828
25550	calais	1051811
25551	rapture	1051733
25552	purcell	1051670
25553	sunbeam	1051656
25554	abruptly	1051602
25555	vidal	1051531
25556	svcs	1051519
25557	beetles	1051501
25558	caspian	1051493
25559	impair	1051194
25560	stun	1051083
25561	shepherds	1051051
25562	subsystems	1051002
25563	oxfam	1050945
25564	johnstown	1050925
25565	susanna	1050907
25566	beading	1050881
25567	robustness	1050852
25568	ifn	1050648
25569	interplay	1050504
25570	ayurveda	1050490
25571	mainline	1050473
25572	folic	1050468
25573	vallejo	1050363
25574	philosophies	1050256
25575	lager	1050146
25576	projecting	1049902
25577	goblin	1049829
25578	bluffs	1049829
25579	ratchet	1049663
25580	cee	1049659
25581	parrots	1049654
25582	yl	1049565
25583	yee	1049505
25584	wicca	1049446
25585	anthems	1049356
25586	cygnus	1049315
25587	depiction	1049250
25588	jpl	1049203
25589	tiered	1049114
25590	optima	1048954
25591	terrified	1048887
25592	seward	1048699
25593	nocturnal	1048688
25594	photons	1048648
25595	transactional	1048644
25596	lhc	1048525
25597	nueva	1048414
25598	emulate	1048404
25599	accuse	1048371
25600	doggy	1048362
25601	anodized	1048339
25602	exxon	1048332
25603	hunted	1048330
25604	hurdle	1048302
25605	diminishing	1048246
25606	donnelly	1048239
25607	lew	1048212
25608	metastatic	1048176
25609	encyclopaedia	1048143
25610	errata	1048045
25611	ridley	1047880
25612	divas	1047835
25613	produits	1047769
25614	ong	1047765
25615	trey	1047669
25616	zipped	1047626
25617	intrepid	1047626
25618	babel	1047472
25619	clustered	1047443
25620	thankyou	1047316
25621	alerting	1047216
25622	insofar	1047092
25623	smileys	1047083
25624	primate	1047081
25625	surrogate	1047047
25626	breathable	1047032
25627	differed	1046942
25628	dickies	1046851
25629	gonzo	1046835
25630	eyebrows	1046652
25631	compromising	1046514
25632	programmatic	1046503
25633	willingly	1046460
25634	trs	1046429
25635	teammates	1046222
25636	harlequin	1046186
25637	barrymore	1046028
25638	ddd	1045998
25639	barracuda	1045994
25640	revisit	1045819
25641	accesskey	1045635
25642	appellants	1045523
25643	insulting	1045324
25644	prominence	1045264
25645	cuckoo	1045203
25646	usergroups	1045194
25647	parrish	1044926
25648	inspires	1044925
25649	initiates	1044901
25650	acacia	1044793
25651	pwd	1044570
25652	mation	1044434
25653	aiwa	1044347
25654	whiting	1044301
25655	fang	1044228
25656	netting	1044090
25657	grizzlies	1044053
25658	okidata	1043977
25659	methadone	1043973
25660	contemplating	1043947
25661	offsets	1043930
25662	tryin	1043806
25663	erasmus	1043704
25664	jodie	1043686
25665	jdk	1043665
25666	sop	1043628
25667	recalling	1043497
25668	tallinn	1043409
25669	descarga	1043362
25670	practising	1043343
25671	monterrey	1043205
25672	hermitage	1043143
25673	starlight	1043046
25674	harrogate	1042983
25675	lotteries	1042832
25676	bozeman	1042723
25677	coauthor	1042575
25678	foyer	1042532
25679	palaces	1042444
25680	brood	1042305
25681	azure	1042257
25682	cybershot	1042110
25683	compel	1042085
25684	airflow	1042045
25685	contradictions	1041974
25686	thur	1041823
25687	festivities	1041711
25688	trenches	1041638
25689	sabine	1041514
25690	oper	1041459
25691	doorstep	1041402
25692	sniff	1041321
25693	dangling	1041274
25694	stn	1041229
25695	unattached	1041180
25696	maher	1040989
25697	negligent	1040936
25698	karlsruhe	1040615
25699	gliding	1040577
25700	yuri	1040458
25701	cheung	1040359
25702	honeymooners	1040308
25703	woe	1040184
25704	cheaptickets	1040099
25705	meditations	1040007
25706	howie	1039874
25707	dieter	1039855
25708	centerpiece	1039839
25709	mplayer	1039772
25710	tranquility	1039691
25711	unwind	1039665
25712	halted	1039584
25713	liza	1039449
25714	outings	1039301
25715	crotch	1039119
25716	wavelet	1039052
25717	drawback	1039041
25718	nothin	1038914
25719	smyrna	1038794
25720	pathogenesis	1038707
25721	diodes	1038697
25722	realestate	1038690
25723	reinstatement	1038681
25724	botox	1038675
25725	hostess	1038635
25726	nge	1038624
25727	weep	1038608
25728	dipole	1038540
25729	cleo	1038418
25730	posse	1038358
25731	mosquitoes	1038355
25732	norge	1038331
25733	kata	1038311
25734	tangled	1038220
25735	giga	1038186
25736	walsall	1038144
25737	commun	1038113
25738	burnaby	1038074
25739	lilo	1038025
25740	adf	1037994
25741	majorca	1037951
25742	weldon	1037928
25743	agribusiness	1037906
25744	validator	1037856
25745	frying	1037756
25746	jax	1037746
25747	hesitation	1037676
25748	imprinted	1037643
25749	pixie	1037554
25750	proofing	1037507
25751	clits	1037485
25752	keyring	1037390
25753	bereavement	1037389
25754	surrendered	1037373
25755	iam	1037240
25756	vehicular	1037138
25757	bestand	1037052
25758	workbench	1037033
25759	deph	1036895
25760	landscaped	1036864
25761	aziz	1036793
25762	lula	1036790
25763	westward	1036734
25764	nucl	1036715
25765	farber	1036646
25766	impala	1036625
25767	commenter	1036613
25768	converged	1036526
25769	celsius	1036264
25770	flicks	1036253
25771	leopold	1036241
25772	recognizable	1036118
25773	hardwear	1036046
25774	ludlow	1036035
25775	sprague	1035881
25776	prefixes	1035803
25777	saba	1035725
25778	racquetball	1035723
25779	endl	1035710
25780	embraces	1035616
25781	flavours	1035572
25782	gustav	1035533
25783	pundits	1035470
25784	unset	1035406
25785	murano	1035304
25786	optimised	1035299
25787	waxing	1035247
25788	bariatric	1035240
25789	hitchhiker	1035199
25790	gael	1035160
25791	sinner	1035124
25792	isotopes	1035059
25793	entrez	1035049
25794	erich	1034970
25795	auspices	1034946
25796	coles	1034873
25797	ergo	1034681
25798	dissenting	1034592
25799	melee	1034523
25800	conduction	1034425
25801	radcliffe	1034369
25802	countess	1034368
25803	pleading	1034105
25804	grabber	1034069
25805	crafty	1034039
25806	orch	1033940
25807	llama	1033922
25808	peridot	1033816
25809	montague	1033786
25810	produc	1033741
25811	skechers	1033716
25812	pacers	1033651
25813	troubling	1033591
25814	salvatore	1033514
25815	vowel	1033509
25816	nts	1033484
25817	reuben	1033332
25818	rbc	1033257
25819	neurosci	1033159
25820	cob	1033106
25821	fearing	1033027
25822	coronation	1033026
25823	parton	1032964
25824	apec	1032868
25825	centerville	1032842
25826	mcl	1032782
25827	isabelle	1032778
25828	ebuyer	1032688
25829	dermatitis	1032522
25830	roxio	1032376
25831	nagoya	1032372
25832	sfc	1032263
25833	reluctance	1032216
25834	snowfall	1032198
25835	sss	1032156
25836	fundraisers	1032138
25837	inconsistency	1032085
25838	fecal	1032064
25839	vorbis	1031970
25840	hazzard	1031927
25841	lbp	1031872
25842	gorman	1031868
25843	apostolic	1031812
25844	validating	1031766
25845	healthday	1031724
25846	newsstand	1031670
25847	summoned	1031641
25848	dossier	1031628
25849	treble	1031575
25850	galley	1031511
25851	psion	1031442
25852	shovel	1031406
25853	tcc	1031384
25854	kam	1031306
25855	entail	1031285
25856	corbin	1031208
25857	mashed	1031175
25858	songwriting	1031090
25859	ecg	1031058
25860	aire	1031033
25861	pacing	1030988
25862	hinton	1030919
25863	nighttime	1030862
25864	fluxes	1030772
25865	moan	1030590
25866	kombat	1030552
25867	finders	1030500
25868	dictated	1030464
25869	darlene	1030408
25870	westcott	1030399
25871	dca	1030303
25872	lua	1030282
25873	lpg	1030257
25874	opti	1030121
25875	opec	1030087
25876	proximal	1030071
25877	jimmie	1030045
25878	henson	1030024
25879	unfolding	1030013
25880	tottenham	1029993
25881	deserts	1029901
25882	milking	1029628
25883	wilbur	1029357
25884	suitably	1029188
25885	canciones	1029159
25886	irix	1029059
25887	enormously	1028873
25888	aber	1028797
25889	qp	1028747
25890	peroxide	1028613
25891	cicero	1028580
25892	scribe	1028438
25893	bryn	1028421
25894	erm	1028321
25895	rfi	1028319
25896	nellie	1028215
25897	outages	1028188
25898	sleigh	1028137
25899	complemented	1028127
25900	formulae	1028052
25901	fen	1028033
25902	finley	1027995
25903	thanh	1027587
25904	backlash	1027493
25905	gallo	1027382
25906	agence	1027211
25907	sank	1027160
25908	frontage	1027134
25909	blister	1027084
25910	zs	1026992
25911	kjv	1026953
25912	jonny	1026918
25913	biblio	1026813
25914	qm	1026754
25915	opacity	1026698
25916	ration	1026649
25917	userland	1026637
25918	townsville	1026514
25919	humid	1026485
25920	turing	1026480
25921	portrayal	1026432
25922	veggies	1026387
25923	centenary	1026348
25924	guile	1026260
25925	lacquer	1026221
25926	unfold	1026128
25927	barclays	1026085
25928	hammered	1026068
25929	eid	1025911
25930	drexel	1025903
25931	pedagogical	1025853
25932	lockhart	1025850
25933	tutti	1025839
25934	mined	1025833
25935	caucasus	1025795
25936	intervening	1025536
25937	bale	1025459
25938	astronomers	1025450
25939	fishnet	1025386
25940	combinatorial	1025254
25941	thrills	1025183
25942	therefor	1025143
25943	unintended	1025052
25944	sores	1024935
25945	raman	1024735
25946	rochdale	1024637
25947	prnewswire	1024629
25948	sthn	1024581
25949	fel	1024542
25950	pastures	1024520
25951	smog	1024498
25952	unattended	1024424
25953	ucl	1024399
25954	poa	1024369
25955	playwright	1024239
25956	mics	1024213
25957	punjabi	1024194
25958	prem	1024164
25959	katalog	1024144
25960	carthage	1024135
25961	zechariah	1024101
25962	kettering	1024039
25963	hayek	1023996
25964	brookline	1023964
25965	montpelier	1023924
25966	selves	1023898
25967	titty	1023702
25968	naturalization	1023665
25969	ntt	1023610
25970	whispering	1023584
25971	dissipation	1023511
25972	sprite	1023444
25973	keel	1023303
25974	fart	1023292
25975	oxidase	1023113
25976	leighton	1023039
25977	qw	1023018
25978	atheism	1022796
25979	gripping	1022602
25980	cellars	1022403
25981	caterer	1022391
25982	pregnancies	1022382
25983	fiori	1022381
25984	tainted	1022281
25985	dateline	1022263
25986	remission	1022240
25987	praxis	1022194
25988	affirmation	1022188
25989	stdout	1022177
25990	perturbation	1022159
25991	wandered	1022080
25992	unassigned	1021964
25993	adriana	1021932
25994	reeds	1021880
25995	lyndon	1021797
25996	groupings	1021741
25997	mems	1021728
25998	angler	1021700
25999	midterm	1021694
26000	astounding	1021601
26001	cosy	1021452
26002	campsite	1021313
26003	dropdown	1021287
26004	marketer	1021263
26005	resend	1021151
26006	augment	1020894
26007	flares	1020861
26008	huntingdon	1020690
26009	jcpenney	1020653
26010	gelatin	1020629
26011	qvc	1020554
26012	shedding	1020506
26013	adenosine	1020486
26014	glastonbury	1020336
26015	funerals	1020335
26016	milliseconds	1020126
26017	swatch	1020069
26018	eucalyptus	1020001
26019	redefine	1020000
26020	conservatism	1019836
26021	questa	1019723
26022	backdoor	1019708
26023	jazeera	1019626
26024	envisioned	1019572
26025	pws	1019463
26026	extrem	1019370
26027	bumped	1019181
26028	automating	1019109
26029	sempron	1019074
26030	cursors	1019027
26031	fortuna	1019004
26032	cripple	1018899
26033	divert	1018673
26034	lofty	1018661
26035	phnom	1018605
26036	tbc	1018503
26037	proclaim	1018465
26038	kanji	1018304
26039	vod	1018236
26040	recreate	1018160
26041	smackdown	1018009
26042	dropout	1018001
26043	cropped	1017807
26044	jrst	1017757
26045	fallujah	1017750
26046	lockout	1017679
26047	moron	1017416
26048	tnf	1017387
26049	townhouses	1017273
26050	merton	1017238
26051	horrific	1017211
26052	ere	1017200
26053	abacus	1017068
26054	lifeline	1016950
26055	gto	1016934
26056	richly	1016923
26057	torquay	1016780
26058	dao	1016773
26059	conjugate	1016714
26060	ravi	1016686
26061	dogma	1016614
26062	priori	1016603
26063	vaguely	1016488
26064	winch	1016374
26065	yam	1016356
26066	elektra	1016150
26067	ple	1016117
26068	siberia	1016051
26069	webtrends	1015947
26070	melons	1015937
26071	shes	1015890
26072	farley	1015887
26073	seer	1015838
26074	evils	1015737
26075	spontaneously	1015714
26076	sabotage	1015607
26077	blueprints	1015443
26078	limos	1015393
26079	unavoidable	1015064
26080	fraunhofer	1015012
26081	warhol	1014892
26082	suppressor	1014850
26083	dogpile	1014839
26084	ruthless	1014804
26085	almonds	1014790
26086	ecclesiastes	1014746
26087	aptitude	1014706
26088	birt	1014617
26089	vial	1014511
26090	chao	1014492
26091	rensselaer	1014465
26092	sharpening	1014460
26093	seniority	1014348
26094	jocks	1014285
26095	prompting	1014238
26096	objected	1014217
26097	equator	1014051
26098	unzip	1014009
26099	guilds	1013989
26100	blatant	1013927
26101	floss	1013783
26102	favoured	1013666
26103	sarge	1013607
26104	endnote	1013592
26105	ridges	1013404
26106	leland	1013385
26107	oysters	1013367
26108	telugu	1013360
26109	midwifery	1013285
26110	huff	1013100
26111	pornos	1013061
26112	primates	1013017
26113	gust	1012909
26114	cate	1012807
26115	rmi	1012779
26116	receptacle	1012757
26117	tangerine	1012609
26118	mendoza	1012425
26119	haus	1012393
26120	amoxicillin	1012347
26121	graz	1012240
26122	puberty	1012229
26123	basingstoke	1012171
26124	crawler	1012165
26125	angled	1012136
26126	comin	1012110
26127	shorten	1012067
26128	longhorns	1012066
26129	doha	1011972
26130	ebsco	1011888
26131	shawl	1011728
26132	lynchburg	1011498
26133	overriding	1011434
26134	samaritan	1011072
26135	bends	1010930
26136	grimes	1010676
26137	wilshire	1010672
26138	unison	1010644
26139	tabular	1010640
26140	ard	1010555
26141	wachovia	1010546
26142	groff	1010436
26143	amir	1010408
26144	dormant	1010249
26145	ects	1010189
26146	nell	1010110
26147	lok	1010013
26148	restrained	1009965
26149	tropics	1009932
26150	invicta	1009828
26151	concerted	1009816
26152	dongle	1009813
26153	ecumenical	1009712
26154	tanaka	1009668
26155	internacional	1009662
26156	kwan	1009606
26157	cdl	1009558
26158	avenir	1009533
26159	refrigerated	1009532
26160	crouch	1009495
26161	archiv	1009452
26162	pence	1009358
26163	formulating	1009335
26164	lamentations	1009331
26165	placid	1009328
26166	napkin	1009290
26167	emile	1009147
26168	contagious	1009095
26169	lenin	1009073
26170	inaccessible	1009035
26171	marsha	1008975
26172	administers	1008968
26173	gradients	1008871
26174	crockett	1008865
26175	conspicuous	1008714
26176	barbarian	1008628
26177	ritalin	1008626
26178	retrieves	1008622
26179	soaking	1008618
26180	ferrous	1008569
26181	dhaka	1008478
26182	reforming	1008318
26183	gar	1008289
26184	intrusive	1008177
26185	thyme	1007823
26186	parasitic	1007800
26187	zillion	1007700
26188	chino	1007675
26189	ltr	1007655
26190	abusing	1007630
26191	caveat	1007458
26192	gangbangs	1007384
26193	receptive	1007362
26194	toiletries	1007260
26195	bedrock	1007239
26196	capt	1007164
26197	uwe	1006656
26198	clio	1006632
26199	xvii	1006603
26200	zines	1006514
26201	multipart	1006344
26202	vulcan	1006324
26203	musk	1006200
26204	lucille	1006193
26205	executions	1006127
26206	forklift	1006085
26207	refreshed	1005937
26208	guarding	1005862
26209	repurchase	1005668
26210	atwood	1005660
26211	windmill	1005542
26212	orthopedics	1005337
26213	wsw	1005315
26214	lice	1005234
26215	vnc	1005144
26216	nfpa	1005050
26217	dnf	1005036
26218	badgers	1004989
26219	chp	1004956
26220	garter	1004872
26221	kinh	1004850
26222	appetizer	1004806
26223	disbursement	1004750
26224	weblinks	1004732
26225	telemetry	1004563
26226	footed	1004559
26227	dedicate	1004266
26228	libros	1004138
26229	renewing	1004115
26230	burroughs	1004109
26231	consumable	1004056
26232	ioc	1003900
26233	winn	1003849
26234	depressive	1003641
26235	stabilizer	1003521
26236	skim	1003327
26237	touche	1003271
26238	ovary	1003163
26239	rune	1003149
26240	welt	1003072
26241	accrual	1003020
26242	veal	1002995
26243	perpetrators	1002937
26244	creatively	1002822
26245	embarked	1002730
26246	quickest	1002715
26247	euclid	1002547
26248	tremendously	1002541
26249	anglais	1002476
26250	smashed	1002472
26251	amateure	1002463
26252	abd	1002385
26253	oscillation	1002305
26254	interfaith	1002146
26255	cay	1002108
26256	automata	1002091
26257	northwood	1002080
26258	thunderstorm	1002030
26259	payers	1002028
26260	gritty	1001983
26261	retrospect	1001979
26262	dewitt	1001828
26263	jog	1001808
26264	hailed	1001750
26265	bahia	1001749
26266	miraculous	1001639
26267	hounds	1001615
26268	tightening	1001614
26269	draining	1001566
26270	rect	1001426
26271	ipx	1001372
26272	paroles	1001366
26273	sensibility	1001279
26274	sebring	1001224
26275	rags	1001167
26276	reborn	1001079
26277	bia	1000884
26278	punching	1000845
26279	lagrange	1000790
26280	distinguishes	1000579
26281	treadmills	1000577
26282	poi	1000422
26283	bebop	1000401
26284	streamlining	1000369
26285	dazzle	1000224
26286	trainings	1000194
26287	seeding	1000093
26288	ulysses	999894
26289	industrialized	999879
26290	dangle	999852
26291	eaters	999793
26292	botanic	999780
26293	bronco	999773
26294	exceedingly	999765
26295	inauguration	999762
26296	inquired	999701
26297	repentance	999523
26298	moodle	999462
26299	chased	999429
26300	unprotected	999415
26301	merle	999346
26302	savory	999249
26303	cti	999190
26304	intermediaries	999184
26305	tei	998924
26306	rotations	998916
26307	evacuated	998915
26308	reclaimed	998614
26309	prefecture	998543
26310	accented	998526
26311	crawley	998383
26312	knoppix	998227
26313	montessori	998071
26314	biomed	998013
26315	murine	997935
26316	entomology	997894
26317	baum	997893
26318	rodent	997875
26319	paradigms	997842
26320	lms	997827
26321	racket	997700
26322	hannibal	997696
26323	putter	997675
26324	fonda	997617
26325	recursion	997602
26326	flops	997539
26327	sickle	997530
26328	violently	997440
26329	attest	997406
26330	untouched	997170
26331	initiator	997169
26332	hsu	997115
26333	pobox	997044
26334	comforting	997036
26335	zeiss	997032
26336	creeping	997024
26337	kerosene	996638
26338	appraised	996617
26339	restorative	996537
26340	ferc	996488
26341	tanf	996483
26342	sunscreen	996319
26343	llvm	996277
26344	chet	996200
26345	peacefully	996177
26346	antidepressants	996171
26347	decentralized	996166
26348	freaking	996113
26349	whittier	996070
26350	elmira	996036
26351	bassist	995968
26352	oakville	995931
26353	stature	995928
26354	skaters	995848
26355	sentry	995831
26356	pel	995822
26357	assaults	995815
26358	luminosity	995649
26359	berwick	995607
26360	emulators	995604
26361	toefl	995571
26362	vices	995524
26363	amo	995508
26364	keychains	995405
26365	karat	995377
26366	modis	995364
26367	ginny	995339
26368	egan	995302
26369	tolls	995273
26370	degrading	995221
26371	posh	995079
26372	bangles	995072
26373	stereos	994931
26374	submittal	994921
26375	bnib	994827
26376	moh	994751
26377	forster	994674
26378	fireman	994581
26379	mink	994479
26380	simulators	994420
26381	nagar	994395
26382	zorro	994277
26383	maniac	994236
26384	ecran	994229
26385	antics	994105
26386	deze	993944
26387	ealing	993620
26388	ozark	993534
26389	pfeiffer	993488
26390	miers	993337
26391	formative	993270
26392	vickers	993239
26393	recognising	993218
26394	interactivity	993207
26395	corso	993128
26396	wordsworth	993109
26397	constructors	993094
26398	wrongly	992978
26399	doj	992958
26400	ipm	992935
26401	cree	992892
26402	rnd	992845
26403	jama	992749
26404	physicists	992692
26405	lsi	992692
26406	malfunction	992684
26407	falsely	992639
26408	abbot	992552
26409	magma	992528
26410	smithfield	992361
26411	gtr	992323
26412	canucks	992243
26413	hammersmith	992087
26414	sdi	992080
26415	cricos	992001
26416	officio	991828
26417	blum	991765
26418	consul	991728
26419	plagued	991605
26420	parkland	991595
26421	lahore	991561
26422	pcbs	991555
26423	aiding	991529
26424	werewolf	991528
26425	wnw	991475
26426	kunst	991365
26427	suckers	991255
26428	midwestern	991253
26429	ezboard	991151
26430	swallows	991094
26431	charisma	991085
26432	chilli	991047
26433	iac	991034
26434	suspensions	990957
26435	patronage	990921
26436	nss	990710
26437	canoes	990691
26438	matilda	990513
26439	fodder	990472
26440	impetus	990419
26441	peeled	990363
26442	smi	990362
26443	malnutrition	990258
26444	logcheck	990208
26445	layton	990208
26446	gaines	990077
26447	inbred	990075
26448	intercultural	989822
26449	skateboards	989714
26450	mainboard	989663
26451	goshen	989642
26452	whining	989593
26453	functionally	989559
26454	rabies	989553
26455	catalysts	989486
26456	datetime	989469
26457	arson	989351
26458	readability	989322
26459	dakar	989205
26460	dspace	989147
26461	hirsch	989096
26462	cappuccino	989068
26463	modulus	988969
26464	krause	988956
26465	cuisines	988926
26466	tapestries	988787
26467	transatlantic	988757
26468	maclean	988629
26469	tuscaloosa	988320
26470	boosted	988320
26471	sprayed	988292
26472	jak	988275
26473	gearing	988275
26474	glutathione	988253
26475	freeing	988180
26476	kilkenny	988166
26477	redress	988120
26478	adoptions	988101
26479	settles	988013
26480	tweaking	987952
26481	angina	987931
26482	geeky	987806
26483	rnb	987791
26484	coupler	987783
26485	lexapro	987756
26486	aig	987663
26487	seaman	987637
26488	paisapay	987475
26489	skulls	987461
26490	zanussi	987460
26491	cayenne	987401
26492	minimizes	987331
26493	hillsdale	987249
26494	balboa	987133
26495	penh	987131
26496	treatise	987068
26497	defeats	987066
26498	testimonies	987000
26499	wainwright	986625
26500	agc	986569
26501	guadalajara	986559
26502	pinellas	986556
26503	kali	986520
26504	umts	986513
26505	weitere	986491
26506	itch	986466
26507	zappos	986307
26508	withdrawing	986264
26509	solicited	986212
26510	daimler	986105
26511	spo	985998
26512	jai	985923
26513	tadalafil	985872
26514	gard	985859
26515	everglades	985843
26516	chipping	985825
26517	montage	985815
26518	brilliantly	985811
26519	geelong	985754
26520	ionization	985727
26521	broome	985695
26522	deja	985673
26523	biases	985643
26524	mccann	985605
26525	spalding	985518
26526	dill	985517
26527	sprawl	985396
26528	reopen	985259
26529	marantz	985235
26530	potts	985205
26531	alfredo	985191
26532	haunt	985188
26533	hedging	985167
26534	erased	985056
26535	insulating	985043
26536	mcclure	984994
26537	vbr	984928
26538	resisting	984906
26539	congregational	984849
26540	qed	984828
26541	waterfowl	984798
26542	antiquities	984774
26543	dunham	984732
26544	monsieur	984688
26545	adress	984657
26546	reacting	984631
26547	inhaled	984613
26548	fuses	984514
26549	virtualization	984475
26550	itat	984465
26551	britt	984387
26552	collide	984371
26553	syst	984258
26554	mankato	984172
26555	segregated	984139
26556	ests	983968
26557	blinded	983949
26558	avengers	983939
26559	technologist	983689
26560	madras	983628
26561	sacrificing	983589
26562	pigments	983568
26563	faiths	983524
26564	impacting	983514
26565	lamont	983412
26566	aquariums	983409
26567	tinker	983290
26568	sonora	983287
26569	echoed	983286
26570	rigs	983211
26571	elisha	983202
26572	gazing	983196
26573	arginine	983141
26574	skepticism	983083
26575	moot	983079
26576	zane	982992
26577	eighties	982906
26578	pleasanton	982759
26579	televised	982625
26580	giftshealth	982592
26581	acd	982416
26582	simplistic	982397
26583	groupe	982233
26584	hepa	982225
26585	amphibians	982133
26586	freehold	982038
26587	braid	981945
26588	ance	981759
26589	forester	981592
26590	resisted	981525
26591	encapsulated	981522
26592	alp	981474
26593	injector	981446
26594	munro	981392
26595	kessler	981382
26596	gardenjewelrykids	981356
26597	agar	981353
26598	leung	981267
26599	edo	981210
26600	arundel	981200
26601	impl	981167
26602	grained	981150
26603	relatos	981138
26604	shiraz	981117
26605	newsday	980975
26606	gmat	980818
26607	dani	980749
26608	announcer	980698
26609	barnsley	980456
26610	cyclobenzaprine	980439
26611	polycarbonate	980341
26612	dvm	980303
26613	marlow	980218
26614	disgrace	980086
26615	mediate	979863
26616	rein	979848
26617	thq	979841
26618	realisation	979841
26619	irritable	979803
26620	osce	979600
26621	hackett	979591
26622	cunning	979573
26623	fists	979557
26624	divider	979417
26625	cortez	979271
26626	associative	979263
26627	cmo	979212
26628	rsync	979200
26629	pennies	979169
26630	minivan	979152
26631	victorinox	978976
26632	chimp	978917
26633	flashcoders	978866
26634	jos	978625
26635	giraffe	978584
26636	hemorrhage	978574
26637	awning	978521
26638	pia	978459
26639	ointment	978458
26640	spilled	978351
26641	stroud	978336
26642	lefty	978333
26643	tripping	978231
26644	cmg	978193
26645	westside	978119
26646	heres	978028
26647	azimuth	977916
26648	logistical	977713
26649	occidental	977561
26650	vigor	977544
26651	chariot	977505
26652	buoy	977485
26653	geraldine	977461
26654	firenze	977418
26655	okavango	977404
26656	jansen	977366
26657	matrimonial	977357
26658	squads	977281
26659	niet	977130
26660	tenn	977110
26661	tween	977071
26662	payback	977064
26663	disclosing	976980
26664	hydraulics	976898
26665	endpoints	976861
26666	masthead	976725
26667	ursula	976724
26668	perrin	976712
26669	disbursements	976656
26670	boucher	976649
26671	chadwick	976633
26672	candidacy	976629
26673	hypnotic	976495
26674	adultery	976493
26675	quantification	976473
26676	fis	976454
26677	coolant	976352
26678	seventeenth	976269
26679	nanaimo	976235
26680	yahooligans	976217
26681	prilosec	975983
26682	temperament	975973
26683	prostitutes	975877
26684	hutchison	975822
26685	parsed	975795
26686	shamrock	975776
26687	healer	975694
26688	schmitt	975603
26689	hive	975507
26690	circulate	975458
26691	korg	975440
26692	warmers	975435
26693	glued	975384
26694	newt	975360
26695	sycamore	975289
26696	frontend	975264
26697	itanium	975159
26698	alleles	975151
26699	weiner	975099
26700	ola	975073
26701	halftime	975029
26702	frye	974961
26703	belinda	974764
26704	albright	974658
26705	wmf	974604
26706	clemente	974540
26707	westmoreland	974507
26708	handwritten	974493
26709	whsle	974453
26710	shuts	974390
26711	launceston	974182
26712	tenderness	974154
26713	wembley	973855
26714	ocular	973769
26715	sandman	973700
26716	smelling	973663
26717	mejores	973615
26718	dung	973533
26719	keine	973429
26720	scratched	973372
26721	conclusive	973331
26722	scoops	973251
26723	dwg	973078
26724	truetype	973061
26725	eigenvalues	973051
26726	alder	972850
26727	polluted	972801
26728	undersigned	972793
26729	lark	972650
26730	airbrush	972594
26731	oda	972531
26732	ppb	972495
26733	carlyle	972446
26734	comms	972423
26735	restores	972420
26736	regexp	972398
26737	lullaby	972209
26738	quickstart	972189
26739	beaverton	972055
26740	sanderson	971968
26741	trucker	971864
26742	willamette	971847
26743	chiropractors	971844
26744	hoes	971831
26745	lawns	971756
26746	tyco	971702
26747	midas	971675
26748	mirroring	971543
26749	choking	971485
26750	castor	971100
26751	plentiful	971017
26752	bonner	970941
26753	massively	970841
26754	stately	970817
26755	aeronautical	970791
26756	lasalle	970631
26757	pwr	970509
26758	raced	970447
26759	deuce	970434
26760	wordlet	970433
26761	hanford	970410
26762	oma	970173
26763	squirrels	970153
26764	plac	970137
26765	exhibitionism	970127
26766	paddington	970044
26767	riser	969986
26768	redux	969917
26769	drawbacks	969891
26770	gaim	969876
26771	audiobook	969846
26772	compensatory	969793
26773	evoked	969775
26774	dictates	969650
26775	couplings	969556
26776	jeezy	969481
26777	studded	969467
26778	monsanto	969427
26779	cleric	969331
26780	rfq	969227
26781	individuality	969138
26782	spared	968969
26783	anticipating	968838
26784	contactos	968759
26785	esri	968637
26786	californian	968573
26787	brownie	968396
26788	undressing	968360
26789	equiv	968303
26790	macrophages	968283
26791	yao	968228
26792	npt	968121
26793	computes	968099
26794	quits	968086
26795	ensign	967853
26796	pickett	967822
26797	oid	967797
26798	restraining	967792
26799	charismatic	967779
26800	lda	967662
26801	teleconference	967616
26802	mma	967483
26803	whitepapers	967464
26804	blockade	967434
26805	girard	967386
26806	nearing	967220
26807	polycom	967205
26808	ruff	967030
26809	tux	966952
26810	burglar	966938
26811	asymmetry	966872
26812	xpass	966869
26813	warped	966860
26814	cfd	966772
26815	barbour	966670
26816	tijuana	966604
26817	niv	966558
26818	hamiltonian	966489
26819	cdg	966484
26820	algebras	966368
26821	quotient	966254
26822	tributes	966102
26823	freezes	966045
26824	knoll	965905
26825	wildcat	965878
26826	thinning	965822
26827	inlay	965778
26828	reddy	965755
26829	primrose	965703
26830	peta	965701
26831	paco	965682
26832	parting	965617
26833	humber	965590
26834	michelangelo	965533
26835	corduroy	965501
26836	avocado	965374
26837	torpedo	965365
26838	octets	965314
26839	dubuque	965267
26840	evaluator	965224
26841	gid	965159
26842	muffler	965036
26843	jumpers	964686
26844	edmunds	964643
26845	lerner	964600
26846	troublesome	964520
26847	manifolds	964488
26848	awg	964478
26849	napoli	964416
26850	eucharist	964355
26851	kristy	964303
26852	variances	964262
26853	pki	964199
26854	objectivity	964042
26855	sistema	963881
26856	massager	963862
26857	incubated	963849
26858	feedster	963725
26859	federer	963617
26860	wadsworth	963514
26861	turnovers	963453
26862	bev	963441
26863	eai	963423
26864	changers	963372
26865	frs	963271
26866	hereto	963160
26867	magnetism	963103
26868	osc	963011
26869	hodgson	962998
26870	inventive	962883
26871	speculate	962777
26872	clinician	962730
26873	alltel	962579
26874	craze	962477
26875	dispatches	962459
26876	gss	962409
26877	craftsmen	962328
26878	curacao	962320
26879	rapporteur	962192
26880	desiring	962129
26881	arcserve	961976
26882	gump	961953
26883	powerline	961914
26884	felipe	961834
26885	aspell	961801
26886	hoffmann	961779
26887	texan	961758
26888	avp	961704
26889	safeguarding	961678
26890	nombre	961653
26891	paxton	961539
26892	grated	961391
26893	herbie	961381
26894	submarines	961254
26895	yabb	961236
26896	chromosomal	961144
26897	hickman	961110
26898	provoke	960917
26899	romana	960851
26900	runescape	960845
26901	salesperson	960705
26902	superfamily	960628
26903	tupac	960356
26904	accommodating	960249
26905	grenoble	960209
26906	calvary	960162
26907	cassini	960032
26908	banded	959981
26909	deportation	959947
26910	harald	959906
26911	tobin	959900
26912	zoos	959877
26913	activates	959851
26914	cuttings	959725
26915	hibernate	959696
26916	ning	959666
26917	invests	959654
26918	extremists	959602
26919	montego	959491
26920	sculptor	959376
26921	rohs	959364
26922	kildare	959209
26923	commended	959180
26924	roper	959126
26925	narrowing	959121
26926	sergey	959042
26927	cyclical	958986
26928	mechanically	958903
26929	cytokines	958861
26930	improvisation	958793
26931	profanity	958756
26932	mmorpg	958735
26933	toured	958722
26934	tpc	958720
26935	flatts	958689
26936	cmf	958598
26937	archiver	958459
26938	rainer	958446
26939	playmate	958445
26940	rsc	958428
26941	covariance	958402
26942	scum	958309
26943	bobble	958150
26944	seasoning	958129
26945	vargas	958091
26946	gulfport	958090
26947	airfield	958086
26948	flipping	958055
26949	disrupted	958043
26950	adolf	957923
26951	adjourn	957864
26952	restocking	957711
26953	lgbt	957692
26954	extremetech	957678
26955	widows	957656
26956	conveying	957594
26957	citrine	957591
26958	neoplasm	957579
26959	rethinking	957374
26960	xfn	957326
26961	precincts	957247
26962	orientations	957179
26963	volta	957170
26964	mediums	957106
26965	calumet	957088
26966	pellet	957052
26967	discern	957040
26968	bran	957029
26969	doggie	956964
26970	inflow	956879
26971	msw	956843
26972	lymphocyte	956696
26973	fumes	956671
26974	futile	956638
26975	weinberg	956494
26976	disqualified	956438
26977	fenced	956261
26978	saigon	956181
26979	whiteboard	956145
26980	eel	956144
26981	animate	956038
26982	wic	955943
26983	brody	955941
26984	faro	955606
26985	resembling	955572
26986	buren	955526
26987	invertebrates	955451
26988	totem	955271
26989	elliptic	955168
26990	ffa	955141
26991	agonist	955141
26992	experimentally	955140
26993	hyperion	954995
26994	drinkers	954994
26995	partypoker	954647
26996	rockingham	954590
26997	sandler	954538
26998	hermione	954477
26999	indus	954407
27000	harms	954384
27001	schweiz	954245
27002	grundig	954224
27003	rethink	954177
27004	musculoskeletal	954089
27005	aggies	954036
27006	prereq	953886
27007	asserting	953874
27008	nikita	953788
27009	affluent	953564
27010	ell	953465
27011	aetna	953457
27012	truckers	953388
27013	protesting	953288
27014	dix	953273
27015	lonesome	953264
27016	liberated	953225
27017	giro	953184
27018	laserdisc	953131
27019	unconventional	953052
27020	amore	952989
27021	kaspersky	952934
27022	dor	952890
27023	determinant	952869
27024	reckoning	952715
27025	fabian	952695
27026	concurrence	952660
27027	closets	952646
27028	morpheus	952605
27029	ayers	952468
27030	junkies	952461
27031	ccna	952452
27032	carve	952422
27033	metaphors	952416
27034	jacquard	952416
27035	assesses	952355
27036	okinawa	952260
27037	muster	952213
27038	labourer	952092
27039	heartfelt	952092
27040	autoscan	951920
27041	pertain	951882
27042	quantified	951845
27043	pnp	951765
27044	uppsala	951739
27045	distortions	951716
27046	democracies	951710
27047	subclasses	951705
27048	glo	951576
27049	gideon	951296
27050	mallory	951252
27051	gauntlet	950978
27052	condolences	950967
27053	martyrs	950900
27054	hitter	950767
27055	livelihoods	950751
27056	psf	950636
27057	cots	950620
27058	cala	950611
27059	telluride	950604
27060	apnea	950562
27061	mkt	950541
27062	floodplain	950513
27063	victorious	950493
27064	sylvan	950229
27065	beverley	950161
27066	valera	950146
27067	wenger	949964
27068	crusader	949772
27069	backlinks	949745
27070	unnatural	949666
27071	alphabetic	949640
27072	delonghi	949232
27073	tailoring	949075
27074	swish	949054
27075	shavers	949054
27076	mcdonnell	948949
27077	aborted	948827
27078	blenders	948735
27079	confessed	948695
27080	symphonic	948618
27081	asker	948596
27082	nae	948489
27083	drumming	948407
27084	huffman	948396
27085	alistair	948384
27086	navarro	948318
27087	modernity	948305
27088	patching	948289
27089	fret	948234
27090	wep	948120
27091	uab	948040
27092	olp	947879
27093	booties	947856
27094	abiding	947738
27095	cancels	947718
27096	newsblog	947681
27097	gangsta	947543
27098	luscious	947476
27099	sighting	947441
27100	mgp	947377
27101	relic	947341
27102	foodservice	947247
27103	teton	947032
27104	newline	946974
27105	slipper	946965
27106	prioritize	946919
27107	clashes	946852
27108	augsburg	946750
27109	crohn	946715
27110	bao	946545
27111	quicklinks	946505
27112	ethos	946491
27113	hauppauge	946464
27114	solenoid	946383
27115	bil	946331
27116	argyle	946309
27117	cling	946281
27118	stis	946232
27119	underdog	946153
27120	prophetic	946122
27121	fredericton	946107
27122	tep	946104
27123	bextra	945943
27124	commune	945941
27125	agatha	945908
27126	tut	945899
27127	copywriting	945850
27128	technol	945817
27129	haut	945626
27130	mdr	945567
27131	asteroids	945561
27132	gesellschaft	945558
27133	circumcision	945537
27134	continous	945337
27135	neutrality	945285
27136	hplc	945228
27137	ovulation	945199
27138	doggystyle	945134
27139	aqui	944975
27140	snoring	944941
27141	quasar	944899
27142	euthanasia	944845
27143	trembling	944767
27144	schulz	944727
27145	okanagan	944713
27146	reproducing	944694
27147	liters	944685
27148	comets	944483
27149	tarrant	944367
27150	unitarian	944278
27151	blacklist	944221
27152	governs	944138
27153	clermont	944091
27154	rooftop	944071
27155	ebert	944071
27156	goldfish	944054
27157	gums	944053
27158	delaying	944053
27159	witherspoon	944046
27160	slimline	943938
27161	mainz	943816
27162	reconstruct	943621
27163	animator	943613
27164	barbra	943589
27165	toned	943575
27166	erred	943538
27167	modelled	943298
27168	irreversible	943282
27169	flanagan	943272
27170	expiring	943240
27171	encyclopedias	943160
27172	mabel	943150
27173	csiro	943112
27174	whistles	943039
27175	jewellers	942988
27176	downtempo	942979
27177	kann	942902
27178	caron	942813
27179	understandings	942765
27180	dared	942679
27181	herndon	942669
27182	nudge	942601
27183	seeming	942551
27184	campsites	942480
27185	graco	942454
27186	lighthouses	942414
27187	xg	942390
27188	adt	942376
27189	rosebud	942355
27190	alf	942301
27191	hemoglobin	942297
27192	tung	941896
27193	andromeda	941840
27194	svga	941805
27195	postpartum	941760
27196	condi	941717
27197	yoda	941681
27198	sixteenth	941640
27199	origination	941562
27200	uso	941457
27201	doves	941403
27202	landowner	941401
27203	jst	941386
27204	dalai	941377
27205	xn	941372
27206	nytimes	941330
27207	preachers	941144
27208	kenzo	941126
27209	leiden	941125
27210	alden	941109
27211	trampoline	940799
27212	ramona	940790
27213	glib	940763
27214	zi	940621
27215	restricts	940608
27216	brutality	940589
27217	gees	940569
27218	fictitious	940552
27219	francesca	940494
27220	rumour	940471
27221	immortality	940401
27222	intakes	940277
27223	dogfart	940276
27224	swearing	940094
27225	ith	940050
27226	montel	940011
27227	saffron	939951
27228	ubbcode	939778
27229	yw	939695
27230	ninemsn	939621
27231	lgpl	939558
27232	ragged	939497
27233	peerless	939425
27234	constitutions	939401
27235	jsf	939389
27236	psychotic	939223
27237	allyn	939209
27238	higgs	939140
27239	improbable	939043
27240	pulsed	939013
27241	ignite	938902
27242	reiterated	938877
27243	hornet	938739
27244	jesuit	938697
27245	atypical	938671
27246	excessively	938566
27247	contraceptives	938332
27248	mounds	938273
27249	slimming	938150
27250	dispatcher	938150
27251	devoid	938118
27252	extraordinarily	938117
27253	jms	938106
27254	parted	938100
27255	maricopa	938067
27256	mbs	938027
27257	northfield	938017
27258	idf	937868
27259	elites	937866
27260	munster	937830
27261	fifo	937691
27262	correlates	937643
27263	sufferers	937537
27264	skunk	937406
27265	interruptions	937384
27266	placer	937312
27267	casters	937228
27268	heisse	937226
27269	lingering	937188
27270	brooches	937071
27271	heaps	937059
27272	hydra	936887
27273	easygals	936814
27274	anvil	936808
27275	mandalay	936779
27276	haircare	936743
27277	climbers	936725
27278	blinking	936625
27279	sweetest	936582
27280	atty	936432
27281	noe	936393
27282	madera	936270
27283	calibex	936229
27284	dishonest	936098
27285	stalk	936028
27286	mailbag	935992
27287	kun	935922
27288	inert	935898
27289	smartmedia	935834
27290	vilnius	935831
27291	dbl	935814
27292	favorably	935793
27293	vocation	935670
27294	tribunals	935659
27295	cedric	935584
27296	doping	935575
27297	postwar	935482
27298	strat	935419
27299	bsp	935417
27300	barebone	935401
27301	thrombosis	935386
27302	favours	935345
27303	smarty	935252
27304	whitley	935021
27305	witnessing	935019
27306	eject	935010
27307	lse	934843
27308	windermere	934811
27309	seventies	934678
27310	curtin	934663
27311	dilemmas	934567
27312	rayon	934490
27313	cci	934284
27314	gwynedd	934219
27315	edwardian	934207
27316	dryden	934177
27317	hppa	934162
27318	saunas	934002
27319	foreigner	933982
27320	policemen	933947
27321	horowitz	933813
27322	unfavorable	933594
27323	cna	933583
27324	undergrad	933522
27325	mocha	933522
27326	anomalous	933401
27327	escada	933346
27328	knockers	933273
27329	katharine	933263
27330	jitter	933242
27331	barter	933226
27332	supernova	933159
27333	rowley	933154
27334	loughborough	933017
27335	modifies	933015
27336	directtv	932965
27337	feminization	932937
27338	frugal	932856
27339	extremist	932852
27340	starry	932707
27341	thanking	932568
27342	nouns	932444
27343	tuttle	932440
27344	aoc	932405
27345	medway	932304
27346	hobbit	932223
27347	consequent	932215
27348	hetatm	932185
27349	entrances	932167
27350	multipurpose	932068
27351	dword	932043
27352	danube	932032
27353	evasion	932025
27354	herbalife	932023
27355	ocala	931761
27356	cohesive	931743
27357	bjorn	931722
27358	filenames	931707
27359	dutton	931704
27360	mayors	931628
27361	eich	931604
27362	tonne	931552
27363	lifebook	931550
27364	caster	931549
27365	gospels	931528
27366	critiquer	931422
27367	wicket	931291
27368	glycol	931263
27369	manicure	931244
27370	medial	931159
27371	cora	931033
27372	neopets	931030
27373	lazarus	930966
27374	accesories	930916
27375	faxed	930853
27376	bloomsbury	930852
27377	mccabe	930846
27378	vile	930726
27379	misguided	930681
27380	ennis	930586
27381	reunited	930359
27382	colossal	930268
27383	conversational	930233
27384	karting	930230
27385	mcdaniel	930227
27386	inspirations	930159
27387	aci	930144
27388	brio	930104
27389	blasted	930069
27390	baskerville	930039
27391	syndromes	929949
27392	kinney	929827
27393	northridge	929819
27394	acr	929791
27395	emea	929756
27396	trimble	929743
27397	webinars	929706
27398	triples	929690
27399	boutiques	929451
27400	freeview	929439
27401	gro	929405
27402	shingles	929355
27403	gresham	929244
27404	screener	929199
27405	janine	929127
27406	hanukkah	929056
27407	caf	929033
27408	adsorption	928955
27409	sro	928635
27410	underwriters	928624
27411	foxx	928597
27412	ppi	928587
27413	noc	928505
27414	brunton	928402
27415	mendocino	928374
27416	pima	928354
27417	actuators	928299
27418	cumbersome	928240
27419	internationalization	928140
27420	wht	928129
27421	pixies	928097
27422	immersed	928061
27423	philemon	927923
27424	roasting	927677
27425	pancake	927582
27426	accrue	927430
27427	transmembrane	927352
27428	photostream	927339
27429	loire	927339
27430	guerrero	927314
27431	vented	927304
27432	firth	927276
27433	hathaway	927254
27434	emf	927247
27435	beatty	927216
27436	andersson	927206
27437	pont	926976
27438	lunchtime	926969
27439	miro	926891
27440	consolation	926704
27441	slams	926688
27442	cer	926658
27443	frazer	926500
27444	outlay	926485
27445	dreaded	926427
27446	airing	926397
27447	looping	926328
27448	crates	926297
27449	undated	926271
27450	takahashi	926210
27451	ramadan	926182
27452	lowercase	926127
27453	alternately	926120
27454	technologically	926074
27455	gracefully	925986
27456	intrigued	925976
27457	anaerobic	925967
27458	antagonist	925886
27459	satelite	925870
27460	pioneered	925810
27461	exalted	925774
27462	cadre	925745
27463	tabloid	925735
27464	serb	925437
27465	jaeger	925432
27466	pred	925427
27467	solubility	925374
27468	troubleshoot	925357
27469	etf	925343
27470	overthrow	925313
27471	patiently	925254
27472	cabot	925244
27473	controversies	925227
27474	hatcher	925119
27475	narrated	925085
27476	coders	925074
27477	squat	925062
27478	insecticides	925044
27479	electrolyte	924970
27480	watanabe	924941
27481	firestone	924808
27482	writeshield	924740
27483	sph	924342
27484	descargar	924314
27485	letterhead	924303
27486	polypeptide	924296
27487	illuminating	924257
27488	artificially	924202
27489	velour	924178
27490	bachelorette	924066
27491	saucepan	923948
27492	freshest	923918
27493	noi	923873
27494	nurs	923871
27495	martyr	923824
27496	geospatial	923746
27497	hacienda	923729
27498	koran	923696
27499	zoned	923678
27500	pubic	923627
27501	pizzeria	923597
27502	quito	923566
27503	mirc	923560
27504	henning	923557
27505	acf	923518
27506	bae	923422
27507	nitrous	923399
27508	tiara	923335
27509	elegantly	923241
27510	airspace	923234
27511	santorini	923216
27512	vdr	923099
27513	temptations	923092
27514	tms	923088
27515	convertor	923023
27516	brahms	923012
27517	genomes	923010
27518	workable	923008
27519	skinned	922957
27520	irrigated	922939
27521	hives	922837
27522	ordinate	922750
27523	groundwork	922732
27524	cyril	922671
27525	seminal	922613
27526	rodents	922613
27527	kew	922592
27528	ytd	922580
27529	xin	922558
27530	precursors	922464
27531	resentment	922399
27532	relevancy	922323
27533	koala	922217
27534	discus	922127
27535	glaciers	921934
27536	giftware	921825
27537	peri	921769
27538	manfred	921753
27539	realistically	921741
27540	hol	921731
27541	polska	921685
27542	loci	921682
27543	nanotech	921655
27544	subunits	921473
27545	gaping	921409
27546	awsome	921285
27547	infringe	921270
27548	porta	921063
27549	hula	921011
27550	inferences	920996
27551	laramie	920974
27552	toothpaste	920874
27553	maxine	920786
27554	mennonite	920713
27555	subtitled	920644
27556	qms	920631
27557	maidstone	920589
27558	abrupt	920475
27559	abr	920451
27560	sda	920412
27561	jcb	920359
27562	wpa	920320
27563	fastener	920224
27564	ctf	920173
27565	foxy	920102
27566	sexiest	920089
27567	jupiterimages	920080
27568	gambler	920056
27569	dissection	919988
27570	categorization	919979
27571	nightingale	919893
27572	inclusions	919743
27573	fosters	919718
27574	conc	919713
27575	landau	919639
27576	transsexuel	919506
27577	contemplate	919496
27578	limbaugh	919382
27579	cassie	919262
27580	altman	919258
27581	lethbridge	919197
27582	peng	919135
27583	fillers	918859
27584	amigos	918800
27585	symposia	918750
27586	putt	918740
27587	colonization	918698
27588	coon	918690
27589	crock	918524
27590	ailments	918512
27591	nia	918473
27592	templeton	918442
27593	disagreed	918431
27594	stds	918429
27595	boldly	918403
27596	narration	918263
27597	hav	918122
27598	typography	918022
27599	unopened	917980
27600	insisting	917904
27601	ebitda	917599
27602	yeas	917528
27603	brushing	917514
27604	resolves	917400
27605	sacrament	917373
27606	cram	917366
27607	eliminator	917338
27608	accu	917289
27609	saf	917199
27610	gazebo	917143
27611	shortening	917061
27612	preprint	916984
27613	htc	916974
27614	naxos	916893
27615	bobbi	916893
27616	cocker	916858
27617	steph	916830
27618	protonix	916812
27619	cloves	916780
27620	systemax	916752
27621	marketable	916698
27622	presto	916533
27623	retry	916420
27624	hiram	916284
27625	radford	916280
27626	broadening	916191
27627	hens	916152
27628	implantation	916131
27629	telex	916110
27630	humberside	916108
27631	globalspec	916070
27632	gsi	915998
27633	kofi	915780
27634	musharraf	915777
27635	detoxification	915764
27636	bowed	915747
27637	whimsical	915719
27638	harden	915461
27639	ree	915443
27640	molten	915434
27641	mcnally	915365
27642	pma	915345
27643	aureus	915289
27644	informationweek	915288
27645	chm	915249
27646	repaid	915240
27647	bonneville	915224
27648	hpc	915130
27649	beltway	914951
27650	epicor	914934
27651	arrl	914822
27652	iscsi	914776
27653	warmly	914734
27654	grosse	914703
27655	dfi	914648
27656	penang	914604
27657	hogs	914503
27658	sporadic	914484
27659	eyebrow	914479
27660	zippered	914468
27661	simi	914449
27662	brownies	914395
27663	lessor	914394
27664	strickland	914250
27665	kinases	914127
27666	panelists	914083
27667	charlene	914006
27668	autistic	913942
27669	unnecessarily	913931
27670	riu	913821
27671	iom	913818
27672	equalization	913763
27673	tess	913755
27674	trois	913646
27675	painless	913490
27676	corvallis	913319
27677	serbs	913195
27678	reused	913097
27679	volokh	912796
27680	vari	912650
27681	fordham	912637
27682	verdi	912609
27683	annexation	912472
27684	hydroxy	912422
27685	dissatisfaction	912367
27686	alpes	912218
27687	technologists	912190
27688	applaud	912162
27689	snd	912152
27690	haben	912149
27691	dempsey	912127
27692	primo	912120
27693	abolish	912065
27694	climates	912060
27695	httpdocs	911785
27696	speakerphone	911748
27697	uneasy	911601
27698	reissues	911355
27699	shalom	911299
27700	khmer	911263
27701	busiest	911196
27702	recordable	911164
27703	dlt	911151
27704	dredging	911140
27705	fray	911045
27706	florian	911011
27707	dtv	910938
27708	extrusion	910865
27709	rtn	910795
27710	preggo	910770
27711	defamation	910696
27712	clogs	910686
27713	flank	910609
27714	theron	910580
27715	proteomics	910580
27716	spawned	910559
27717	cartel	910539
27718	cep	910494
27719	phendimetrazine	910491
27720	wiener	910477
27721	theorems	910292
27722	samplers	910269
27723	numerically	910176
27724	rfa	910110
27725	perforated	910092
27726	intensified	910090
27727	pasco	909988
27728	hilbert	909976
27729	tamworth	909963
27730	sexton	909942
27731	postmaster	909852
27732	washes	909792
27733	itmj	909707
27734	shrugged	909664
27735	electors	909611
27736	msd	909596
27737	departs	909579
27738	etfs	909526
27739	cde	909516
27740	praha	909490
27741	zona	909468
27742	landry	909412
27743	crackdown	909394
27744	lifespan	909304
27745	maybach	909265
27746	mindful	909091
27747	lurking	909060
27748	hitherto	909042
27749	cysteine	909023
27750	egyptians	908846
27751	responsibly	908843
27752	slideshows	908839
27753	looms	908800
27754	aceh	908798
27755	spectre	908782
27756	downright	908731
27757	techtarget	908724
27758	geotechnical	908607
27759	fantasia	908540
27760	camisole	908502
27761	refractory	908473
27762	atoll	908471
27763	counsellor	908417
27764	shredders	908338
27765	inexperienced	908331
27766	outraged	908238
27767	gags	908238
27768	belgique	908226
27769	rips	908203
27770	futurama	908083
27771	smother	908026
27772	hari	907978
27773	ironman	907976
27774	ducts	907928
27775	frosty	907842
27776	marmot	907714
27777	remand	907694
27778	mules	907690
27779	hawkes	907588
27780	sash	907517
27781	spoof	907481
27782	truro	907403
27783	moaning	907347
27784	ponies	907292
27785	spammer	907223
27786	presets	907172
27787	separations	907134
27788	originates	907115
27789	penicillin	907048
27790	amman	907030
27791	davos	906998
27792	blight	906914
27793	physique	906903
27794	maturation	906863
27795	internals	906850
27796	bungalows	906811
27797	beckinsale	906752
27798	refractive	906750
27799	independents	906674
27800	grader	906624
27801	ecd	906612
27802	transducers	906611
27803	ctxt	906592
27804	contentious	906591
27805	cheering	906545
27806	doxygen	906491
27807	rtd	906461
27808	akc	906429
27809	cgc	906420
27810	intercollegiate	906352
27811	zithromax	906288
27812	archibald	906271
27813	onkyo	906036
27814	emancipation	905990
27815	duchess	905868
27816	niosh	905827
27817	rainier	905792
27818	furman	905709
27819	commemorate	905709
27820	newsfeeds	905692
27821	spout	905624
27822	larkin	905372
27823	biztalk	905363
27824	perish	905332
27825	snapper	905301
27826	hefty	905281
27827	ipr	905270
27828	hoist	905107
27829	narrower	905072
27830	captivity	905059
27831	peyton	904978
27832	overloaded	904957
27833	shorthand	904902
27834	valdosta	904869
27835	ceres	904726
27836	ulead	904724
27837	bravery	904631
27838	delaney	904618
27839	lizards	904416
27840	einen	904258
27841	fergus	904212
27842	sincerity	904202
27843	calder	904174
27844	hairless	904138
27845	oar	904125
27846	mullins	904115
27847	lactation	904112
27848	innsbruck	904036
27849	flagged	904026
27850	offbeat	903860
27851	relics	903821
27852	relish	903789
27853	teenie	903739
27854	protons	903658
27855	imagining	903598
27856	machined	903576
27857	belongings	903475
27858	holman	903467
27859	eviction	903425
27860	lire	903373
27861	dic	903371
27862	legislatures	903321
27863	pio	903171
27864	unchecked	903033
27865	knocks	902819
27866	regionally	902752
27867	alfonso	902737
27868	thurman	902724
27869	canaria	902712
27870	showcasing	902702
27871	afa	902566
27872	contradict	902559
27873	certifies	902529
27874	fleurs	902495
27875	scarcity	902492
27876	ashby	902464
27877	primes	902401
27878	fleeing	902311
27879	renton	902218
27880	lambeth	902180
27881	filament	902120
27882	frappr	902010
27883	abingdon	901963
27884	theorists	901905
27885	hof	901861
27886	liturgical	901774
27887	southwark	901732
27888	easements	901657
27889	celia	901589
27890	disguised	901508
27891	aida	901449
27892	implanted	901418
27893	openafs	901407
27894	assword	901294
27895	rving	901279
27896	exogenous	901214
27897	sram	901137
27898	sault	901099
27899	thrash	901098
27900	trolls	901081
27901	flor	901057
27902	antiquarian	901046
27903	dina	901040
27904	rfe	901007
27905	fluency	900900
27906	uniting	900891
27907	oleg	900793
27908	behaves	900721
27909	slabs	900683
27910	conceivable	900676
27911	smo	900572
27912	analyzers	900494
27913	agate	900451
27914	incline	900347
27915	hartmann	900171
27916	scorer	900076
27917	swami	900023
27918	oilers	899959
27919	nik	899811
27920	mandela	899703
27921	listers	899702
27922	bai	899696
27923	ordinated	899694
27924	soliciting	899652
27925	thoroughbred	899633
27926	arlene	899632
27927	calle	899630
27928	oneness	899615
27929	dividers	899551
27930	climber	899495
27931	recoverable	899487
27932	gators	899426
27933	commonplace	899385
27934	intellectually	899290
27935	intraday	899282
27936	cruces	899225
27937	casanova	899118
27938	himalayan	898952
27939	hollister	898870
27940	enews	898806
27941	lactose	898662
27942	gifford	898587
27943	competitively	898566
27944	rockstar	898524
27945	downfall	898472
27946	hampstead	898363
27947	chrono	898300
27948	nahum	898297
27949	bookcases	898268
27950	strides	898259
27951	raja	898115
27952	vanish	898091
27953	nextlast	898052
27954	xinhua	898043
27955	ltl	898004
27956	lofts	897893
27957	feral	897865
27958	ute	897846
27959	neurosurgery	897802
27960	transmits	897775
27961	adair	897652
27962	ringgit	897590
27963	impatient	897557
27964	aforesaid	897511
27965	elbows	897459
27966	truce	897431
27967	bette	897336
27968	ukranian	897259
27969	parmesan	897145
27970	kiosks	897044
27971	stairway	896992
27972	pnt	896934
27973	woodrow	896896
27974	sou	896817
27975	boar	896795
27976	vertebrate	896746
27977	hooking	896673
27978	wip	896414
27979	rawlings	896378
27980	physiotherapy	896301
27981	laird	896267
27982	multiplicity	896177
27983	objectively	896169
27984	wrexham	896167
27985	resigns	896160
27986	billabong	896141
27987	prepayment	896127
27988	jonesboro	896063
27989	anguish	895923
27990	petal	895903
27991	perfected	895903
27992	bangers	895838
27993	handgun	895787
27994	tomlinson	895764
27995	miscategorized	895672
27996	itp	895610
27997	odors	895586
27998	desoto	895565
27999	mite	895541
28000	blackstone	895451
28001	clipped	895429
28002	innovator	895365
28003	mitochondria	895356
28004	mewn	895342
28005	sername	895277
28006	usmc	895247
28007	amicus	895203
28008	vijay	895191
28009	redirecting	895155
28010	gma	895113
28011	shih	895014
28012	cervix	894957
28013	biblia	894891
28014	lago	894847
28015	jed	894798
28016	cosby	894778
28017	dries	894704
28018	mejor	894503
28019	sikh	894501
28020	annoyance	894491
28021	grating	894474
28022	prostitute	894367
28023	lufthansa	894362
28024	msnshopping	894228
28025	mina	894199
28026	elixir	894100
28027	sewerage	894074
28028	guardianship	893986
28029	gamblers	893967
28030	ele	893888
28031	autre	893881
28032	mantis	893825
28033	peeps	893768
28034	alerted	893630
28035	lsp	893595
28036	intron	893554
28037	rol	893533
28038	bri	893505
28039	reverence	893456
28040	remodel	893360
28041	sardinia	893307
28042	carpal	893307
28043	natalia	893305
28044	cjk	893238
28045	specialises	893209
28046	outweigh	893196
28047	verne	893178
28048	condiments	893141
28049	adventist	893083
28050	eggplant	893073
28051	gaylord	892994
28052	bunting	892992
28053	coun	892959
28054	avenger	892897
28055	ctv	892878
28056	wycombe	892809
28057	monaghan	892708
28058	spar	892695
28059	blogarama	892662
28060	undocumented	892661
28061	esb	892625
28062	waugh	892508
28063	captivating	892504
28064	vaccinations	892431
28065	tiers	892403
28066	gutierrez	892345
28067	bernd	892329
28068	centurion	892171
28069	propagate	892094
28070	needham	892074
28071	prosecuting	892014
28072	inuit	891980
28073	montpellier	891931
28074	wordnet	891860
28075	willem	891768
28076	wedi	891738
28077	slavic	891702
28078	keyes	891632
28079	photocopying	891610
28080	nutritious	891604
28081	marguerite	891582
28082	vapour	891492
28083	pluck	891481
28084	cautiously	891365
28085	prick	891337
28086	tca	891329
28087	contingencies	891328
28088	avn	891310
28089	dressage	891248
28090	cafepress	891225
28091	phylogenetic	891107
28092	coercion	891100
28093	kurtz	890919
28094	morbid	890907
28095	inno	890835
28096	refresher	890804
28097	picard	890790
28098	rubble	890671
28099	freakonomics	890658
28100	impreza	890642
28101	scrambled	890511
28102	cheeky	890500
28103	arco	890491
28104	agitation	890368
28105	proponent	890334
28106	chas	890274
28107	brasileiro	890207
28108	kar	890187
28109	rojo	890063
28110	truthful	890045
28111	woodpecker	889997
28112	perscription	889926
28113	aic	889865
28114	streisand	889792
28115	eastside	889783
28116	herds	889724
28117	corsica	889676
28118	bioethics	889659
28119	redo	889612
28120	penetrated	889589
28121	sein	889399
28122	piranha	889332
28123	rps	889240
28124	cmu	889226
28125	uncompressed	889021
28126	vps	889013
28127	pseudomonas	889009
28128	adder	888956
28129	sotheby	888953
28130	weakest	888908
28131	weakening	888902
28132	avionics	888869
28133	minimization	888832
28134	nome	888754
28135	ascot	888745
28136	thorne	888723
28137	linearly	888695
28138	dolan	888693
28139	titleist	888634
28140	anticipates	888574
28141	genesee	888503
28142	poignant	888416
28143	germs	888353
28144	grays	888341
28145	fdc	888232
28146	frees	888094
28147	punishable	888057
28148	fractured	888016
28149	psychiatrists	887988
28150	bom	887929
28151	waterman	887924
28152	brat	887829
28153	uranus	887779
28154	multiplex	887722
28155	srt	887651
28156	salient	887583
28157	bradbury	887554
28158	babysitting	887553
28159	gabe	887476
28160	asd	887319
28161	beehive	887185
28162	censor	887109
28163	aeon	887034
28164	livin	887008
28165	leblanc	886993
28166	shorty	886954
28167	injecting	886905
28168	discontinuity	886807
28169	semitic	886778
28170	littlewoods	886657
28171	wits	886638
28172	enquirer	886566
28173	perverted	886556
28174	downturn	886537
28175	bordering	886496
28176	fission	886480
28177	modulator	886464
28178	widowed	886454
28179	spybot	886436
28180	hrc	886333
28181	tombstone	886313
28182	worldview	886302
28183	choreography	886297
28184	sfx	886242
28185	nth	886135
28186	begged	886076
28187	buffering	885982
28188	denison	885936
28189	killarney	885875
28190	flushed	885862
28191	scoping	885859
28192	cautions	885761
28193	lavish	885755
28194	roscoe	885705
28195	srm	885698
28196	brighten	885679
28197	vixen	885674
28198	mammography	885647
28199	whips	885594
28200	marches	885498
28201	epc	885456
28202	nepalese	885220
28203	xxi	885167
28204	communicable	885046
28205	enzymatic	884992
28206	melanogaster	884888
28207	extravaganza	884680
28208	anew	884664
28209	commandment	884612
28210	undetermined	884592
28211	kamloops	884567
28212	horner	884554
28213	yah	884520
28214	spss	884506
28215	conceded	884501
28216	tftp	884488
28217	circumference	884474
28218	postpone	884440
28219	rotherham	884406
28220	underestimate	884360
28221	disproportionate	884241
28222	pheasant	884202
28223	hana	884126
28224	alonso	884090
28225	bally	884078
28226	zijn	884055
28227	guillaume	883930
28228	mycareer	883889
28229	marrying	883879
28230	pra	883874
28231	carvings	883858
28232	cooley	883844
28233	gratuitement	883840
28234	eriksson	883789
28235	schaumburg	883730
28236	exponentially	883638
28237	chechen	883505
28238	carribean	883359
28239	complains	883320
28240	bunnies	883222
28241	choppers	883221
28242	psyc	883196
28243	pedersen	883175
28244	earphones	882970
28245	outflow	882953
28246	resided	882941
28247	terriers	882936
28248	scarab	882933
28249	toasters	882911
28250	skiers	882874
28251	eax	882871
28252	jamal	882656
28253	weasel	882627
28254	raunchy	882625
28255	biologically	882600
28256	nbr	882490
28257	ptc	882440
28258	venerable	882393
28259	qe	882338
28260	zyrtec	882134
28261	preis	882127
28262	riyadh	882077
28263	pell	882004
28264	toasted	881930
28265	admirable	881910
28266	illuminate	881857
28267	quicksearch	881809
28268	holbrook	881799
28269	fades	881747
28270	coates	881735
28271	octane	881715
28272	bulge	881613
28273	mtl	881512
28274	krabi	881431
28275	eller	881405
28276	lucinda	881381
28277	funders	881234
28278	apj	880994
28279	kal	880963
28280	brittle	880926
28281	fai	880818
28282	ccp	880733
28283	environmentalists	880659
28284	fatah	880634
28285	ifa	880628
28286	bandits	880573
28287	politely	880542
28288	ackerman	880538
28289	gbc	880469
28290	soooo	880458
28291	soapbox	880443
28292	newberry	880435
28293	desde	880422
28294	watermelon	880379
28295	ingenious	880368
28296	deanna	880313
28297	carols	880237
28298	bestellen	880218
28299	pensioners	880099
28300	elongation	880062
28301	webcrawler	879942
28302	wanking	879940
28303	ofsted	879764
28304	yb	879756
28305	dortmund	879692
28306	obadiah	879661
28307	mannheim	879640
28308	boardroom	879524
28309	nico	879364
28310	taping	879253
28311	mro	879225
28312	atleast	879197
28313	somatic	879135
28314	fcs	879085
28315	niki	879024
28316	malloc	879013
28317	hepburn	879009
28318	fetched	878933
28319	lanzarote	878752
28320	alderman	878712
28321	slump	878659
28322	nerds	878641
28323	laude	878641
28324	mec	878624
28325	lockwood	878620
28326	simulating	878491
28327	coughing	878491
28328	hiatus	878386
28329	enrol	878274
28330	upholstered	878180
28331	evangelist	878138
28332	louvre	878086
28333	bts	878083
28334	spurious	878052
28335	cflags	878030
28336	gloom	878018
28337	severn	877964
28338	xps	877951
28339	datafieldname	877944
28340	wycliffe	877900
28341	dda	877857
28342	apts	877838
28343	aikido	877686
28344	slo	877679
28345	batches	877634
28346	dap	877625
28347	angelic	877537
28348	ssr	877411
28349	astrological	877393
28350	kournikova	877389
28351	moshe	877343
28352	nobility	877305
28353	fsbo	877251
28354	shippers	877245
28355	mtc	877236
28356	cav	877191
28357	rrr	877113
28358	wildflowers	877094
28359	bayern	877093
28360	polygons	877083
28361	delimited	877068
28362	noncompliance	876981
28363	upi	876962
28364	afternoons	876925
28365	ramifications	876834
28366	wakes	876767
28367	ashore	876754
28368	workman	876678
28369	swimmer	876633
28370	sitio	876589
28371	sna	876564
28372	unload	876542
28373	vidsvidsvids	876469
28374	herts	876382
28375	bellagio	876353
28376	webapp	876340
28377	haryana	876333
28378	eeg	876324
28379	dlls	876247
28380	loon	876231
28381	babysitter	876171
28382	linotype	876121
28383	produkte	876078
28384	lesbica	876051
28385	marge	876008
28386	pes	875938
28387	mediators	875844
28388	hone	875783
28389	riggs	875782
28390	jockeys	875781
28391	wanderers	875723
28392	seater	875688
28393	brightstor	875598
28394	deliverable	875589
28395	sips	875588
28396	badness	875536
28397	sanding	875431
28398	undertakes	875314
28399	miscarriage	875107
28400	vulgate	875090
28401	stoned	875046
28402	buffered	874997
28403	provoked	874929
28404	orton	874867
28405	indesign	874750
28406	lakeshore	874675
28407	ctl	874653
28408	herr	874531
28409	fables	874484
28410	aland	874439
28411	clarins	874340
28412	pelham	874326
28413	huf	874298
28414	crumbs	874286
28415	wort	874102
28416	ronin	874042
28417	comps	873979
28418	mgi	873759
28419	greco	873704
28420	kontakte	873691
28421	palisades	873674
28422	edema	873634
28423	confidently	873614
28424	leaderboard	873562
28425	commences	873487
28426	mce	873271
28427	dispense	873185
28428	hsv	873177
28429	geocities	873162
28430	argc	873159
28431	dangerously	873155
28432	figaro	873051
28433	sadie	873023
28434	palos	872952
28435	ori	872912
28436	protested	872878
28437	capitalists	872866
28438	carotid	872749
28439	accusing	872745
28440	stink	872742
28441	convent	872700
28442	valdez	872690
28443	citi	872529
28444	childish	872504
28445	squish	872292
28446	cny	872185
28447	gorham	872173
28448	adhered	872136
28449	priesthood	872119
28450	calphalon	872089
28451	blasen	872042
28452	jagged	871939
28453	midwives	871918
28454	nara	871827
28455	nab	871774
28456	netbeans	871764
28457	cyclones	871733
28458	dispersal	871628
28459	tapety	871577
28460	overt	871540
28461	snowflake	871518
28462	blackhawk	871309
28463	weinstein	871262
28464	verbally	871241
28465	squeak	871207
28466	sterilization	871203
28467	assessors	871189
28468	chenille	871179
28469	dehydration	871176
28470	haircut	871157
28471	fhwa	871109
28472	misconceptions	871106
28473	constituting	871104
28474	alternet	871098
28475	undeclared	871082
28476	bari	871052
28477	nuns	870978
28478	songwriters	870813
28479	tolerances	870770
28480	incarceration	870763
28481	pronounce	870681
28482	scorpions	870680
28483	hierarchies	870515
28484	redondo	870479
28485	lactating	870425
28486	incompleteness	870398
28487	thurston	870373
28488	aquamarine	870235
28489	dearly	870151
28490	suggestive	870113
28491	yg	870111
28492	edm	870051
28493	sedimentation	870020
28494	optometry	869991
28495	osa	869829
28496	electrified	869811
28497	mobilize	869760
28498	attendee	869716
28499	unbalanced	869699
28500	bmd	869650
28501	dialogs	869618
28502	rpt	869614
28503	gypsum	869600
28504	slime	869502
28505	baroness	869484
28506	viktor	869456
28507	trajectories	869368
28508	winnings	869323
28509	federico	869262
28510	imaginable	869241
28511	openvms	869195
28512	ppo	869155
28513	bromide	869119
28514	pag	869040
28515	precio	868849
28516	leapfrog	868848
28517	lui	868809
28518	thermoplastic	868795
28519	crusaders	868725
28520	summing	868568
28521	lament	868477
28522	gregor	868432
28523	terraces	868409
28524	sexchat	868401
28525	canyons	868385
28526	kingman	868216
28527	predatory	868192
28528	towne	868129
28529	descendant	868120
28530	disgust	868088
28531	deterrent	868064
28532	ghraib	868019
28533	banked	867916
28534	duplicating	867869
28535	rationality	867752
28536	screwing	867732
28537	dismal	867714
28538	ranches	867691
28539	cochin	867689
28540	wipo	867655
28541	tuba	867647
28542	prologue	867619
28543	encodes	867564
28544	whaling	867521
28545	garamond	867510
28546	cirrus	867450
28547	alanis	867448
28548	kilometer	867428
28549	patrols	867425
28550	ballarat	867346
28551	wacom	867153
28552	stumbling	867151
28553	swung	867135
28554	nsta	867120
28555	outlaws	867086
28556	actionscript	867078
28557	sinn	867043
28558	waved	867023
28559	ivf	867008
28560	modifiers	866970
28561	hijack	866886
28562	libel	866830
28563	ellipse	866759
28564	thomasville	866721
28565	accorded	866653
28566	alarmed	866610
28567	justine	866589
28568	fryer	866546
28569	jest	866519
28570	namco	866323
28571	garda	866274
28572	xmms	866232
28573	eskimo	866211
28574	caesars	866121
28575	dammit	866034
28576	luce	865938
28577	produkter	865849
28578	motorhome	865840
28579	ade	865770
28580	mfrs	865734
28581	editable	865732
28582	greats	865724
28583	milosevic	865706
28584	marcy	865676
28585	boron	865654
28586	creighton	865609
28587	strapped	865570
28588	wolfenstein	865537
28589	bolivian	865511
28590	rowbox	865460
28591	reluctantly	865419
28592	pauls	865212
28593	phobia	865143
28594	superfund	865107
28595	woodwork	865089
28596	vcc	865086
28597	sadler	864995
28598	centrifugal	864931
28599	authorship	864815
28600	piercings	864788
28601	riffs	864669
28602	cavities	864610
28603	buxton	864600
28604	cravings	864461
28605	decidedly	864360
28606	pau	864325
28607	apathy	864296
28608	briana	864277
28609	mercantile	864143
28610	stalled	864089
28611	infused	864069
28612	geronimo	864016
28613	peaked	864000
28614	stronghold	863984
28615	tetra	863969
28616	huxley	863882
28617	freakin	863858
28618	alb	863789
28619	retrofit	863679
28620	moritz	863659
28621	bearded	863617
28622	cytokine	863615
28623	stylesheets	863614
28624	greasy	863561
28625	coalitions	863507
28626	tactile	863413
28627	vowed	863379
28628	cinematography	863361
28629	vivitar	863327
28630	wannabe	863213
28631	carnage	863190
28632	blogwise	863164
28633	asher	863144
28634	amador	863143
28635	skier	863046
28636	storyteller	862964
28637	bpa	862923
28638	pelicula	862856
28639	ingenuity	862805
28640	ischemia	862690
28641	fms	862654
28642	mort	862532
28643	comput	862517
28644	infested	862499
28645	wristbands	862423
28646	creeks	862386
28647	livecams	862358
28648	bessie	862285
28649	hibiscus	862263
28650	adele	862242
28651	rheumatology	862196
28652	edn	862176
28653	somers	862120
28654	ota	862103
28655	rattan	862064
28656	coroner	861881
28657	cray	861878
28658	iol	861865
28659	irregularities	861864
28660	tiled	861822
28661	waterbury	861797
28662	selectivity	861736
28663	carlow	861689
28664	elaboration	861667
28665	maxx	861647
28666	hectic	861581
28667	haggai	861554
28668	demonstrators	861535
28669	raiser	861493
28670	sanger	861440
28671	mullen	861397
28672	periphery	861378
28673	predictors	861325
28674	lun	861305
28675	snuff	861230
28676	convene	861206
28677	woodwind	861164
28678	snl	861134
28679	vai	861083
28680	modblog	861072
28681	calmly	861072
28682	horribly	861042
28683	repo	860967
28684	burnley	860912
28685	dilute	860860
28686	antispyware	860741
28687	sumter	860710
28688	rcd	860693
28689	contemplation	860693
28690	woodside	860652
28691	sino	860561
28692	uhr	860409
28693	carta	860402
28694	tylenol	860378
28695	gaseous	860376
28696	megabytes	860372
28697	backlight	860364
28698	afflicted	860349
28699	gloomy	860297
28700	kirkwood	860274
28701	naturist	860242
28702	zephaniah	860156
28703	airbags	860142
28704	plethora	860134
28705	cabriolet	860017
28706	yh	859909
28707	retiree	859761
28708	atol	859760
28709	sonet	859756
28710	anthropological	859724
28711	mikasa	859720
28712	iverson	859643
28713	orchards	859602
28714	cae	859477
28715	prophecies	859451
28716	buckeye	859329
28717	dollhouse	859304
28718	stereotype	859245
28719	uship	859169
28720	ubisoft	859159
28721	escalade	859130
28722	breakaway	859017
28723	produkt	858816
28724	marques	858800
28725	sealants	858645
28726	montclair	858641
28727	septuagint	858613
28728	dinghy	858539
28729	pertains	858424
28730	gnus	858386
28731	melia	858360
28732	feedbacks	858356
28733	concurrency	858294
28734	healthgrades	858286
28735	clothed	858285
28736	plummer	858241
28737	hoya	858222
28738	revista	858213
28739	italians	858192
28740	lrc	858138
28741	flied	858118
28742	talon	858061
28743	tvr	857943
28744	repellent	857921
28745	joliet	857846
28746	ped	857816
28747	chappell	857808
28748	wollongong	857721
28749	peo	857721
28750	blowers	857636
28751	laval	857420
28752	sorcery	857364
28753	doubleday	857349
28754	guidant	857267
28755	abstain	857265
28756	elsie	857185
28757	remodeled	857096
28758	barring	857025
28759	eea	856999
28760	undermined	856986
28761	bcp	856927
28762	situational	856889
28763	nasd	856835
28764	tid	856784
28765	bestowed	856773
28766	chakra	856752
28767	habeas	856701
28768	dfa	856701
28769	inactivity	856676
28770	crewe	856635
28771	jammu	856588
28772	grassy	856550
28773	aprons	856540
28774	clumsy	856450
28775	wetsuits	856307
28776	edc	856187
28777	birkenstock	856141
28778	vivendi	856090
28779	columbian	856074
28780	emulsion	856056
28781	fielder	856041
28782	sorta	855998
28783	ayr	855983
28784	courseware	855974
28785	biosphere	855964
28786	skb	855910
28787	plumpers	855867
28788	muschi	855865
28789	pounded	855854
28790	qcd	855851
28791	ollie	855837
28792	carrington	855833
28793	stint	855795
28794	gurgaon	855795
28795	rwxr	855705
28796	federalism	855647
28797	gizmodo	855604
28798	rousseau	855380
28799	sarcasm	855288
28800	laminating	855279
28801	coltrane	855273
28802	accomplishing	855220
28803	colitis	855207
28804	unincorporated	855075
28805	liang	854892
28806	blogged	854866
28807	cryogenic	854862
28808	antispam	854833
28809	homologous	854791
28810	overturned	854788
28811	uphill	854529
28812	hassles	854443
28813	maximus	854412
28814	symptomatic	854363
28815	warmed	854320
28816	rtc	854293
28817	parable	854274
28818	jolt	854101
28819	affords	854024
28820	trademanager	853975
28821	bipartisan	853951
28822	rhodium	853812
28823	exchanger	853734
28824	preseason	853733
28825	januar	853707
28826	bumble	853616
28827	intimidating	853580
28828	deadlock	853482
28829	randi	853420
28830	placenta	853389
28831	abbotsford	853280
28832	upn	853173
28833	dulles	853060
28834	brainstorming	853009
28835	wea	852937
28836	deriving	852924
28837	dougherty	852903
28838	sarcoma	852882
28839	sniffer	852878
28840	quadrangle	852865
28841	rotorua	852852
28842	elects	852825
28843	liebe	852822
28844	bahasa	852749
28845	eradicate	852744
28846	iona	852702
28847	bioscience	852691
28848	tricia	852613
28849	residuals	852590
28850	gforge	852590
28851	likeness	852586
28852	ral	852577
28853	copd	852572
28854	jem	852527
28855	homie	852384
28856	unter	852380
28857	alpaca	852363
28858	degrade	852281
28859	leesburg	852230
28860	afm	852226
28861	xref	852210
28862	flashpoint	852198
28863	flemish	852160
28864	mobygames	852029
28865	cortland	852015
28866	shred	851931
28867	mailers	851914
28868	conseil	851841
28869	tented	851833
28870	steamed	851680
28871	nicholls	851677
28872	skew	851662
28873	mahoney	851650
28874	infoplease	851631
28875	aroused	851443
28876	budd	851431
28877	acn	851349
28878	hollands	851308
28879	muni	851252
28880	modernism	851192
28881	remittance	851132
28882	sieve	851108
28883	bloch	851076
28884	alienation	851014
28885	elizabethtown	850947
28886	dunhill	850904
28887	eee	850891
28888	didn	850882
28889	guidebooks	850828
28890	reddish	850815
28891	scotts	850659
28892	wye	850654
28893	wsj	850611
28894	biosciences	850563
28895	macgregor	850546
28896	atms	850533
28897	habakkuk	850528
28898	depaul	850434
28899	binge	850412
28900	impulses	850339
28901	interpol	850320
28902	pleads	850104
28903	whitby	849999
28904	cyst	849967
28905	hexadecimal	849815
28906	scissor	849814
28907	goliath	849803
28908	progra	849697
28909	smyth	849678
28910	caprice	849643
28911	mott	849625
28912	hors	849560
28913	horned	849509
28914	jazzy	849457
28915	headboard	849441
28916	fowl	849429
28917	janus	849375
28918	diflucan	849279
28919	hester	849278
28920	bronson	849257
28921	benevolent	849253
28922	superstition	849215
28923	standardised	849008
28924	cations	848975
28925	cics	848869
28926	cohorts	848834
28927	ecole	848801
28928	centos	848794
28929	hysterectomy	848218
28930	housings	848199
28931	wrc	848058
28932	camilla	848057
28933	movado	847953
28934	mcdonough	847932
28935	krista	847886
28936	pharmacokinetics	847806
28937	chantal	847735
28938	morristown	847699
28939	riverview	847671
28940	loopback	847648
28941	torsion	847556
28942	ultrastructure	847532
28943	rarity	847526
28944	limbo	847468
28945	lucida	847391
28946	shove	847364
28947	leftover	847319
28948	sykes	847255
28949	anecdotal	847245
28950	rheims	847211
28951	integrators	847197
28952	accusation	847191
28953	unlv	847166
28954	bernardo	847090
28955	arboretum	847088
28956	sharealike	847032
28957	flake	847014
28958	lowepro	846904
28959	erc	846694
28960	ischemic	846688
28961	illustrators	846656
28962	hating	846508
28963	pate	846490
28964	sewers	846440
28965	spores	846417
28966	plugging	846392
28967	mahmoud	846353
28968	macbook	846342
28969	bjp	846279
28970	arent	846105
28971	vignette	846095
28972	shears	846047
28973	mucho	846045
28974	qf	845998
28975	homebrew	845987
28976	altoona	845982
28977	pheromone	845929
28978	fireball	845925
28979	flutes	845896
28980	tabernacle	845877
28981	decorator	845861
28982	franken	845760
28983	netpbm	845714
28984	minced	845695
28985	antalya	845688
28986	harmonious	845686
28987	nne	845652
28988	recordkeeping	845428
28989	westerly	845387
28990	modernisation	845269
28991	despatched	845261
28992	myx	845235
28993	munitions	845156
28994	sdr	845145
28995	muskegon	845093
28996	symmetrical	844976
28997	daley	844958
28998	modality	844936
28999	liberalisation	844936
29000	ornate	844908
29001	utilise	844792
29002	midwife	844751
29003	arturo	844690
29004	appellee	844662
29005	granules	844647
29006	uniformed	844566
29007	multidimensional	844556
29008	rollout	844429
29009	snug	844329
29010	homegrown	844286
29011	datamonitor	844272
29012	reinforces	844193
29013	coveted	844165
29014	dirham	844154
29015	leahy	844061
29016	myc	843956
29017	prohibitions	843936
29018	esophageal	843935
29019	moulded	843811
29020	deceived	843803
29021	kira	843791
29022	convict	843701
29023	approximations	843701
29024	forzieri	843666
29025	intermediates	843661
29026	kgs	843641
29027	albumin	843629
29028	grantees	843587
29029	nai	843548
29030	tossing	843538
29031	loveland	843412
29032	regularity	843301
29033	maloney	843284
29034	criticised	843171
29035	sativa	843170
29036	lawfully	843098
29037	paramedic	842997
29038	trademarked	842981
29039	edgewood	842953
29040	goethe	842898
29041	stressing	842896
29042	slade	842883
29043	potable	842826
29044	limpopo	842764
29045	intensities	842758
29046	oncogene	842666
29047	dumas	842623
29048	antidepressant	842606
29049	jester	842423
29050	notifies	842395
29051	recount	842385
29052	ballpark	842357
29053	powys	842246
29054	orca	842212
29055	mascara	842185
29056	proline	842097
29057	dearest	842074
29058	molina	842048
29059	nema	842041
29060	nook	841950
29061	wipers	841917
29062	snoopy	841861
29063	informationen	841852
29064	commensurate	841778
29065	esf	841773
29066	riverdale	841718
29067	schiller	841687
29068	bowler	841643
29069	unleash	841566
29070	juelz	841454
29071	bls	841403
29072	noarch	841317
29073	koss	841293
29074	captioned	841241
29075	paq	841163
29076	wiser	841127
29077	gallant	841095
29078	summarizing	841077
29079	ucsd	841000
29080	disbelief	840992
29081	gleason	840922
29082	gon	840908
29083	baritone	840869
29084	unqualified	840861
29085	cautioned	840858
29086	recollection	840826
29087	independant	840748
29088	chlamydia	840719
29089	relativistic	840680
29090	rotors	840598
29091	driscoll	840592
29092	andalucia	840544
29093	mulher	840535
29094	bagels	840450
29095	locomotives	840342
29096	condemns	840158
29097	fastening	840156
29098	jeweler	840136
29099	subliminal	840040
29100	insecticide	840009
29101	nuremberg	840004
29102	segal	839951
29103	ostrich	839627
29104	maud	839579
29105	spline	839571
29106	undisclosed	839542
29107	flirting	839540
29108	noni	839488
29109	letterman	839451
29110	almeria	839372
29111	bryson	839291
29112	misplaced	839213
29113	prosecutions	839176
29114	wtb	839174
29115	dido	839057
29116	towson	839013
29117	poisoned	838998
29118	researches	838885
29119	htaccess	838809
29120	malayalam	838802
29121	chou	838762
29122	discriminating	838711
29123	crue	838698
29124	loo	838586
29125	pinoy	838562
29126	pallets	838429
29127	uplink	838389
29128	sheboygan	838389
29129	exclamation	838388
29130	collingwood	838384
29131	terrence	838249
29132	intercepted	838199
29133	ghc	838163
29134	ascendant	838163
29135	flung	838045
29136	gateshead	838025
29137	probationary	837987
29138	abducted	837949
29139	warlock	837920
29140	breakup	837900
29141	clovis	837893
29142	fiche	837884
29143	juror	837876
29144	eam	837839
29145	bowden	837751
29146	goggle	837713
29147	railing	837646
29148	metabolites	837631
29149	cremation	837617
29150	brainstorm	837616
29151	banter	837592
29152	balconies	837519
29153	smu	837501
29154	awaken	837473
29155	ahl	837397
29156	bateman	837393
29157	egcs	837320
29158	chirac	837311
29159	museo	837286
29160	pigeons	837245
29161	coffeehouse	837150
29162	singularity	837148
29163	scitech	837142
29164	signify	837139
29165	granddaughter	837137
29166	gcn	837067
29167	trolling	837054
29168	elmore	837030
29169	subdirectory	836860
29170	bancroft	836794
29171	progeny	836764
29172	grads	836760
29173	alters	836752
29174	lz	836694
29175	andi	836638
29176	localpref	836634
29177	kayla	836578
29178	ccl	836531
29179	gratefully	836497
29180	divergent	836489
29181	fleets	836439
29182	smeg	836414
29183	dorian	836234
29184	donut	836168
29185	libido	836163
29186	juli	836162
29187	fuselage	836161
29188	diabetics	836133
29189	tackled	836117
29190	ballerina	836077
29191	crp	835921
29192	shoals	835875
29193	morgantown	835855
29194	paseo	835840
29195	tributary	835802
29196	clique	835775
29197	rosy	835700
29198	ptsd	835698
29199	redheads	835620
29200	curran	835578
29201	diam	835571
29202	satanic	835363
29203	ragnarok	835353
29204	stubbs	835336
29205	hkd	835285
29206	summarised	835268
29207	durch	835266
29208	torment	835075
29209	jx	835072
29210	mussels	835042
29211	caitlin	835037
29212	emigration	834941
29213	conscientious	834936
29214	howl	834901
29215	bandai	834806
29216	hobs	834729
29217	wel	834723
29218	iglesias	834700
29219	eft	834657
29220	endometriosis	834649
29221	cushioning	834625
29222	hir	834553
29223	mcneil	834536
29224	ecclesiastical	834473
29225	crippled	834447
29226	belvedere	834387
29227	hilltop	834355
29228	tabor	834301
29229	peut	834297
29230	nar	834213
29231	tenet	834143
29232	acetyl	834126
29233	boomer	834072
29234	fifteenth	834050
29235	chute	834005
29236	perinatal	833998
29237	idm	833960
29238	automake	833957
29239	multichannel	833915
29240	petr	833914
29241	bohemia	833864
29242	daredevil	833828
29243	corcoran	833808
29244	mountainous	833765
29245	mrp	833712
29246	holliday	833711
29247	daimlerchrysler	833688
29248	fonds	833672
29249	bowes	833637
29250	mcgowan	833569
29251	agfa	833444
29252	ogre	833396
29253	unforeseen	833382
29254	pickles	833360
29255	submissive	833354
29256	mep	833327
29257	curses	833291
29258	goss	833170
29259	mulch	833160
29260	stampede	833159
29261	jvm	833113
29262	utilised	833028
29263	harwood	833021
29264	trieste	833003
29265	ranma	832985
29266	marinas	832793
29267	whine	832743
29268	mobipocket	832700
29269	streptococcus	832686
29270	nus	832617
29271	murcia	832589
29272	landfills	832187
29273	mcknight	832038
29274	fatality	831998
29275	tierra	831964
29276	edd	831899
29277	baud	831889
29278	mcfarland	831860
29279	designline	831839
29280	looming	831822
29281	undies	831803
29282	zo	831746
29283	prepay	831707
29284	sped	831623
29285	kodiak	831578
29286	printout	831541
29287	nonresident	831513
29288	marysville	831502
29289	curso	831502
29290	palmos	831473
29291	dorsey	831376
29292	ankles	831284
29293	roo	831225
29294	soulful	831148
29295	mosques	830923
29296	websearch	830915
29297	infotrac	830849
29298	mpgs	830841
29299	fouls	830765
29300	openssh	830735
29301	bravenet	830648
29302	fuchs	830563
29303	guerilla	830523
29304	etsi	830435
29305	squeezing	830359
29306	fisk	830309
29307	canes	830262
29308	serendipity	830226
29309	tq	830131
29310	follower	830052
29311	euler	829981
29312	sequentially	829930
29313	yogi	829863
29314	landslide	829560
29315	howtos	829528
29316	skool	829401
29317	alumina	829273
29318	degenerate	829248
29319	spiked	829239
29320	evolves	829175
29321	cru	829127
29322	misrepresentation	828908
29323	iberia	828865
29324	anakin	828795
29325	duffel	828727
29326	goodrich	828535
29327	strung	828473
29328	subfamily	828429
29329	chanting	828312
29330	wrestler	828254
29331	perennials	828218
29332	officiating	828215
29333	hermit	828204
29334	behaving	828159
29335	ary	828151
29336	colbert	828119
29337	matchmaker	828108
29338	sagittarius	828086
29339	locates	828023
29340	dysfunctional	828019
29341	maastricht	828010
29342	bulletproof	827989
29343	josiah	827945
29344	deepen	827936
29345	mcr	827750
29346	uga	827739
29347	stenosis	827708
29348	chg	827698
29349	acadia	827587
29350	eso	827578
29351	recentchanges	827562
29352	remy	827543
29353	pats	827514
29354	abrasion	827493
29355	valentin	827489
29356	eindhoven	827479
29357	mora	827473
29358	cri	827467
29359	enrico	827448
29360	reciprocity	827417
29361	opportunistic	827337
29362	pcl	827242
29363	analogs	827241
29364	bba	827194
29365	crease	827105
29366	hillcrest	827097
29367	cantor	827009
29368	wis	827005
29369	econometric	826995
29370	ook	826968
29371	trafford	826941
29372	opie	826918
29373	cro	826599
29374	bartholomew	826553
29375	elkhart	826373
29376	ringers	826364
29377	diced	826353
29378	fairgrounds	826321
29379	cuyahoga	826311
29380	perseverance	826234
29381	plt	826226
29382	cartons	826215
29383	mustangs	826212
29384	enc	826190
29385	addons	826133
29386	wstrict	826107
29387	catalonia	826099
29388	gow	826079
29389	pharmacological	826010
29390	headwear	826002
29391	paediatric	825984
29392	genitals	825965
29393	hendricks	825874
29394	ivr	825856
29395	telemedicine	825844
29396	judi	825838
29397	yorktown	825766
29398	impede	825677
29399	icom	825676
29400	academically	825603
29401	chilton	825571
29402	cbo	825426
29403	amaya	825410
29404	flickrblog	825404
29405	clasps	825395
29406	tilted	825316
29407	vicar	825292
29408	confines	825227
29409	fulbright	825088
29410	foaf	825073
29411	cllr	825067
29412	prank	825027
29413	xh	824911
29414	dass	824856
29415	repent	824802
29416	fulltext	824686
29417	dio	824613
29418	agreeable	824533
29419	centrum	824340
29420	tecra	824268
29421	kinks	824164
29422	riddles	824133
29423	unisys	824059
29424	preschools	824034
29425	bennington	824017
29426	mcallen	824008
29427	pulpit	824005
29428	appreciates	823964
29429	contoured	823932
29430	aberdeenshire	823906
29431	icm	823894
29432	schenectady	823883
29433	marshes	823852
29434	schematics	823845
29435	bellies	823818
29436	dojo	823594
29437	eserver	823546
29438	corrosive	823545
29439	ambush	823531
29440	nin	823522
29441	interfacing	823522
29442	borrowings	823441
29443	hrt	823402
29444	palazzo	823331
29445	franciscan	823305
29446	heparin	823123
29447	universiteit	823092
29448	figurative	822947
29449	gait	822923
29450	hardcopy	822857
29451	emphasised	822783
29452	connective	822706
29453	bonfire	822652
29454	aversion	822368
29455	nihon	822341
29456	oso	822328
29457	adkins	822242
29458	dunlap	822211
29459	nsc	822193
29460	irr	822188
29461	clonazepam	822152
29462	wikiname	822125
29463	gaithersburg	822041
29464	vicente	822039
29465	biophysics	822025
29466	chromatin	822007
29467	mathis	821959
29468	bulova	821939
29469	roxanne	821928
29470	fca	821889
29471	drg	821792
29472	stiles	821755
29473	stewards	821566
29474	refurb	821561
29475	chauffeur	821561
29476	wasteland	821501
29477	elicit	821500
29478	plotter	821499
29479	findlay	821496
29480	henrietta	821495
29481	slapped	821476
29482	bitten	821475
29483	cymraeg	821453
29484	alc	821446
29485	meek	821398
29486	lind	821381
29487	phonebook	821193
29488	doodle	821153
29489	arb	821147
29490	wabash	821135
29491	salamanca	821056
29492	martyn	821022
29493	dynamo	821005
29494	hobson	820977
29495	chronologically	820941
29496	wms	820924
29497	whitfield	820767
29498	stow	820763
29499	mchenry	820692
29500	eide	820678
29501	assy	820601
29502	dusseldorf	820529
29503	summon	820528
29504	skeletons	820482
29505	mmol	820470
29506	shabbat	820362
29507	nclb	820268
29508	parchment	820192
29509	accommodates	820179
29510	lingua	820013
29511	cmi	820001
29512	stacker	819913
29513	distractions	819863
29514	forfeit	819806
29515	pepe	819774
29516	paddles	819765
29517	unpopular	819691
29518	msf	819678
29519	republics	819675
29520	touchdowns	819638
29521	plasmas	819628
29522	inspecting	819552
29523	retainer	819543
29524	hardening	819519
29525	barbell	819496
29526	loosen	819463
29527	awk	819454
29528	bibs	819379
29529	beowulf	819374
29530	sneaky	819351
29531	undiscovered	819328
29532	einem	819327
29533	smarts	819187
29534	lankan	819167
29535	synthetase	819156
29536	imputed	819115
29537	lightwave	819095
29538	alignments	818971
29539	cabs	818965
29540	coached	818870
29541	cheated	818815
29542	jac	818788
29543	framingham	818777
29544	opensource	818740
29545	restroom	818668
29546	videography	818597
29547	lcr	818524
29548	spatially	818499
29549	doanh	818454
29550	willows	818438
29551	preprocessor	818360
29552	hump	818286
29553	cohn	818205
29554	delft	818200
29555	aon	818190
29556	marginally	818058
29557	ocs	818049
29558	bak	817989
29559	communicative	817986
29560	cavalli	817900
29561	grieving	817774
29562	ddc	817768
29563	grunge	817754
29564	chastity	817743
29565	invoicing	817605
29566	bigtits	817591
29567	carney	817574
29568	braintree	817519
29569	southside	817456
29570	vca	817450
29571	flipped	817365
29572	cabrera	817298
29573	faust	817186
29574	fright	817153
29575	harbors	817115
29576	adorned	817078
29577	obnoxious	817052
29578	mindy	817017
29579	diligently	817011
29580	surfaced	816989
29581	decays	816962
29582	glam	816946
29583	cowgirl	816923
29584	mortimer	816893
29585	marvellous	816789
29586	nouvelle	816766
29587	easing	816730
29588	loginlogin	816710
29589	mtr	816580
29590	nakamura	816557
29591	mathieu	816549
29592	layoffs	816522
29593	picket	816389
29594	matures	816389
29595	thrones	816386
29596	cty	816376
29597	emilia	816308
29598	eyre	816296
29599	apm	816180
29600	iggy	816111
29601	maturing	816105
29602	margarine	816072
29603	seu	816056
29604	illogical	816055
29605	awakened	816053
29606	beet	816051
29607	suing	816011
29608	brine	816003
29609	lorna	815977
29610	sneaker	815930
29611	waning	815920
29612	cartwright	815878
29613	glycoprotein	815668
29614	armoire	815525
29615	gcs	815446
29616	queued	815362
29617	sab	815338
29618	hydroxide	815265
29619	piled	815240
29620	hanley	815177
29621	cellulite	815135
29622	hwang	814913
29623	mtd	814891
29624	twinkle	814811
29625	mcqueen	814806
29626	lodgings	814732
29627	passat	814707
29628	fluff	814535
29629	shifter	814520
29630	maitland	814428
29631	cartography	814365
29632	supple	814347
29633	firstprevious	814291
29634	vito	814249
29635	geld	814215
29636	soi	814211
29637	fabio	814179
29638	predicates	814158
29639	bcl	814152
29640	unfit	814145
29641	uttered	814010
29642	douay	813967
29643	rumanian	813941
29644	zeitgeist	813936
29645	nickelodeon	813928
29646	dru	813893
29647	apar	813885
29648	tending	813856
29649	shaggy	813846
29650	elongated	813787
29651	ordeal	813617
29652	pegs	813564
29653	astronomer	813549
29654	hernia	813497
29655	preisvergleich	813472
29656	incompetence	813401
29657	britton	813380
29658	stabilizing	813337
29659	socom	813298
29660	wsis	813289
29661	anil	813282
29662	flicker	813276
29663	ramsay	813241
29664	midsize	813235
29665	relieving	813191
29666	pullover	813191
29667	towering	812993
29668	operas	812910
29669	slaughtered	812883
29670	lpn	812849
29671	hoodwinked	812815
29672	photoes	812510
29673	assaulted	812496
29674	beastie	812460
29675	mena	812375
29676	rouse	812361
29677	appel	812311
29678	yucca	812282
29679	armand	812274
29680	harvester	812218
29681	emmett	812084
29682	spiel	811922
29683	shay	811914
29684	impurities	811903
29685	stemming	811874
29686	inscriptions	811818
29687	obstructive	811779
29688	hos	811756
29689	pacman	811687
29690	tentatively	811676
29691	tragedies	811653
29692	interlude	811630
29693	oates	811570
29694	retroactive	811542
29695	briefed	811483
29696	bebe	811435
29697	dialects	811410
29698	krusell	811371
29699	vas	811307
29700	ovid	811300
29701	clickz	811263
29702	carcass	811220
29703	kermit	811173
29704	gizmo	811158
29705	atherosclerosis	811099
29706	casually	811018
29707	scamp	810996
29708	demography	810954
29709	freedman	810881
29710	migraines	810844
29711	wallingford	810809
29712	newborns	810548
29713	ljubljana	810403
29714	restarted	810384
29715	rnc	810309
29716	reprise	810286
29717	meow	810281
29718	thayer	810101
29719	kilograms	810086
29720	zig	810033
29721	packager	809981
29722	populate	809976
29723	lash	809951
29724	pembrokeshire	809910
29725	ills	809854
29726	arcane	809848
29727	impractical	809745
29728	simms	809731
29729	danes	809689
29730	tcg	809626
29731	decentralization	809561
29732	honeymoons	809542
29733	authoritarian	809504
29734	alu	809413
29735	judaica	809397
29736	tropicana	809378
29737	tyan	809317
29738	cardholder	809244
29739	peavey	809165
29740	gothenburg	809117
29741	pebbles	809090
29742	geocaching	809020
29743	ident	808896
29744	fluoxetine	808890
29745	tipton	808882
29746	quicksilver	808862
29747	sacked	808821
29748	teva	808801
29749	lsa	808685
29750	omen	808657
29751	effortlessly	808626
29752	failover	808572
29753	forfeited	808522
29754	cysts	808464
29755	primetime	808439
29756	kenosha	808381
29757	kokomo	808360
29758	penney	808242
29759	stipend	808238
29760	conceptions	808213
29761	snorkel	808168
29762	amin	808139
29763	lii	808120
29764	iridium	808103
29765	dwyer	808097
29766	conserving	808082
29767	toppers	807994
29768	amulet	807959
29769	cfg	807901
29770	informally	807876
29771	tvc	807841
29772	alternator	807829
29773	nysgrc	807810
29774	underwriter	807753
29775	springhill	807668
29776	panhandle	807615
29777	sarcastic	807611
29778	joann	807437
29779	isoform	807430
29780	indemnification	807413
29781	hawke	807384
29782	borden	807303
29783	bombed	807277
29784	complexion	807246
29785	daisies	807181
29786	informant	807179
29787	elt	807125
29788	sorrows	807102
29789	halton	807097
29790	ite	806790
29791	guaranteeing	806596
29792	aegean	806529
29793	fasta	806522
29794	gonzaga	806455
29795	boobies	806401
29796	nadine	806250
29797	andere	806189
29798	breitling	806015
29799	nutr	806001
29800	ingersoll	805937
29801	sandia	805918
29802	pacs	805829
29803	azur	805789
29804	sluggish	805640
29805	helms	805535
29806	brig	805525
29807	beos	805523
29808	srcdir	805502
29809	tiempo	805411
29810	sherpa	805395
29811	tuff	805372
29812	marsden	805335
29813	coy	805301
29814	ligands	805262
29815	smalltalk	805242
29816	sorghum	805178
29817	grouse	805156
29818	nucleotides	805018
29819	mmv	805002
29820	ebi	804902
29821	reginald	804860
29822	wierd	804835
29823	sbd	804829
29824	pasted	804813
29825	moths	804700
29826	lmao	804664
29827	enhancers	804629
29828	collaborated	804574
29829	produ	804558
29830	lila	804554
29831	batavia	804448
29832	evoke	804417
29833	slotted	804346
29834	nnw	804336
29835	fila	804290
29836	decking	804252
29837	dispositions	804177
29838	haywood	804144
29839	staunton	804068
29840	boz	803963
29841	accelerators	803832
29842	howstuffworks	803804
29843	nit	803690
29844	amorphous	803676
29845	neighbourhoods	803588
29846	michal	803566
29847	tributaries	803547
29848	townships	803546
29849	rab	803468
29850	hideaway	803405
29851	dwayne	803400
29852	coda	803385
29853	nantes	803376
29854	cyanide	803269
29855	kostenlose	803239
29856	grotesk	803158
29857	assam	803070
29858	marek	803041
29859	interlibrary	802976
29860	mousse	802908
29861	provenance	802902
29862	sra	802856
29863	sog	802844
29864	zinkle	802834
29865	shameful	802660
29866	chiffon	802599
29867	fanfare	802594
29868	mapper	802564
29869	boyce	802519
29870	mlk	802500
29871	dystrophy	802482
29872	infomation	802471
29873	archaic	802317
29874	elevate	802256
29875	deafness	802253
29876	footballs	802029
29877	emailemail	801969
29878	bathurst	801903
29879	bec	801894
29880	sala	801858
29881	fof	801838
29882	duracell	801838
29883	laureate	801795
29884	feinstein	801752
29885	contemporaries	801735
29886	syphilis	801731
29887	vigilance	801669
29888	magnavox	801650
29889	appalling	801647
29890	palmyra	801644
29891	foxes	801589
29892	davie	801394
29893	evra	801201
29894	affixed	801075
29895	servlets	801040
29896	tss	800925
29897	neill	800844
29898	ticking	800814
29899	pantheon	800776
29900	gully	800734
29901	epithelium	800663
29902	bitterness	800632
29903	thc	800524
29904	brill	800254
29905	defy	800149
29906	stor	800075
29907	webbing	800065
29908	bef	800062
29909	jaya	799943
29910	consumes	799880
29911	lovingly	799867
29912	mame	799792
29913	agua	799754
29914	ppe	799707
29915	thrush	799638
29916	bribery	799623
29917	emusic	799612
29918	smokes	799555
29919	tso	799532
29920	epp	799515
29921	glencoe	799454
29922	untested	799452
29923	ventilated	799431
29924	overviews	799401
29925	affleck	799339
29926	kettles	799237
29927	ascend	799236
29928	flinders	799158
29929	informationhide	799078
29930	hearst	799065
29931	verifies	799064
29932	reverb	799031
29933	kays	799027
29934	commuters	798995
29935	rcp	798953
29936	nutmeg	798944
29937	welivetogether	798941
29938	crit	798931
29939	sdm	798926
29940	durbin	798924
29941	chained	798899
29942	riken	798836
29943	canceling	798827
29944	brookhaven	798824
29945	magnify	798801
29946	gauss	798776
29947	precautionary	798721
29948	artistry	798720
29949	travail	798694
29950	phpnuke	798694
29951	livres	798634
29952	fiddler	798576
29953	falkirk	798542
29954	wholesome	798427
29955	pitts	798375
29956	wrists	798287
29957	severed	798281
29958	dtp	798234
29959	mites	798205
29960	kwon	798137
29961	rubric	798108
29962	headlamp	798089
29963	operand	798061
29964	puddle	798026
29965	azores	797934
29966	kristi	797822
29967	yasmin	797806
29968	gnl	797770
29969	vegetative	797739
29970	acdbvertex	797661
29971	agora	797585
29972	illini	797531
29973	macho	797523
29974	sob	797503
29975	ningbo	797466
29976	elaborated	797387
29977	reeve	797352
29978	embellishments	797340
29979	willful	797316
29980	grandeur	797270
29981	plough	797262
29982	staphylococcus	797120
29983	pritchard	797094
29984	mansions	797050
29985	busting	796835
29986	foss	796670
29987	gfp	796649
29988	macpherson	796527
29989	overheard	796526
29990	yhoo	796474
29991	sloane	796430
29992	wooster	796428
29993	delong	796402
29994	persisted	796385
29995	mdi	796367
29996	nilsson	796316
29997	whereabouts	796302
29998	substring	796291
29999	gac	796272
30000	haydn	796271
